lei,nome,estado,cidade,lar_count
01J4SO3XTWZF4PP38209,TRUSTMARK NATIONAL BANK,MS,JACKSON,20439
01KWVG908KE7RKPTNP46,HomeStreet Bank,WA,Seattle,8774
03D0JEWFDFUS0SEEKG89,TD Bank,NJ,Mount Laurel,66213
0K2D5AK28E3O5CC06E35,Silicon Valley Bank,CA,Santa Clara,1216
0S8H5NJFLHEVJXVTQ413,Columbia State Bank,OR,Portland,3676
1IE8VN30JCEQV1H4R804,"HSBC BANK USA, NA",IL,Arlington Heights,17348
1TMVIO1SD0RLIPEIW803,Great Southern Bank,MO,Springfield,4052
1VUZZZCW0TWP6R7N3Z33,UNION SAVINGS BANK,CT,DANBURY,617
207ALC1P1YM0OVDV0K75,"CAPITAL ONE, NA",VA,McLean,551
20TVKH7M13MUBGE80C53,Independent Bank,MI,Grand Rapids,9809
2138004QPZ7FMGPTU106,CorTrust Bank,SD,Mitchell,152
21380054U5NKZKBQ4128,Central Federal Savings & Loan Association,IL,Cicero,131
21380055IMHX3N5UL146,The Valley State Bank,KS,Belle Plaine,110
2138007DQF1WY8NDYM18,NORTHWEST BANK OF ROCKFORD,IL,ROCKFORD,740
2138009TTY1M4OJRXV14,BankORION,IL,Orion,271
213800K8DDKEL9X4OK57,First Southern Bank,IL,Marion,367
213800KVD76WKI6PN868,"Capital Center, L.L.C.",VA,Glen Allen,16881
213800M6RMI3YBX62W88,"CORTRUST MORTGAGE, INC.",SD,SIOUX FALLS,2394
213800QUAI2VH5YM6310,"Embrace Home Loans, Inc.",RI,Middletown,34959
213800THW6KSUL191M34,FIRST COMMUNITY CREDIT UNION,ND,JAMESTOWN,1778
213800XA5M2HOWATHG59,LNB COMMUNITY BANK,IN,LYNNVILLE,369
213800XR2TCBQJSF1X93,NBKC BANK,MO,KANSAS CITY,32265
25490000OGVJZR74L509,Utah Mortgage Loan Corporation,UT,Salt Lake City,916
25490000VM5YTLF4NM50,Focus Bank,MO,Charleston,433
254900040LMONERSH242,VisionBank of Iowa,IA,Ames,380
254900048S1FLI3G2922,Mechanics Bank,OH,Mansfield,1243
25490007ROE3S0978636,MONTEREY CREDIT UNION,CA,MONTEREY,103
25490008Z6OW7HHL6478,DEMOCRACY FEDERAL CREDIT UNION,VA,ALEXANDRA,33
2549000A1L311Q486V24,"Fortefi, LLC",TN,Clarksville,33
2549000A72B92T5BS479,Bank of Travelers Rest,SC,Travelers Rest,336
2549000BG2198NFS0K59,Freedom of Maryland Federal Credit  Union,MD,Bel Air,92
2549000C5KZ15Q2U9V68,BANK,IA,Wapello,681
2549000UEC0BWG8F1402,First Financial FCU,NJ,Toms River,145
2549000VVDQ9NNW01Q23,Listerhill Credit Union,AL,Sheffield,879
2549000ZEJPSBH6OSH79,The Henry County Bank,OH,Napoleon,212
25490010EMNKWA8L9813,Downey Federal Credit Union,CA,Downey,96
25490010UA3IZPDO2Q49,Westport Federal Credit Union,MA,Westport,27
25490011JA7PP73YY190,MT MCKINLEY BANK,AK,FAIRBANKS,387
25490012KFFZI81TDT02,THE FIDELITY BANK,NC,FUQUAY-VARINA,2553
254900132A3VX6LLZU43,ACU,GA,PEACHTREE CORNERS,2461
254900158KALQ2PWDU44,THE ADIRONDACK TRUST COMPANY,NY,SARATOGA SPRINGS,428
25490018IFQOT83Q7H49,GSF MORTGAGE CORPORATION,WI,BROOKFIELD,6172
2549001E11O22GGBEL86,Prairie State Bank and Trust,IL,Springfield,1078
2549001EL4XFDHGNJO24,USC CREDIT UNION,CA,LOS ANGELES,487
2549001FVJ5MZI4YAE11,Cooperativa de Ahorro y Credito Dr. Manuel Zeno Gandia,PR,Arecibo,53
2549001IK7UDPADKAG34,Unitus Community Credit Union,OR,Portland,2735
2549001R6R928Y08SC30,"Black Hills Community Bank, NA",SD,Rapid CIty,393
2549001R901BOUXDJQ68,Bank of Holly Springs,MS,Holly Springs,367
2549001SI0EMFPT39035,CORNERSTONE FIRST MORTGAGE INC,CA,SAN DIEGO,3331
2549001URDOO8V3DI280,First Federal Savings and Loan,IN,Greensburg,146
2549001VTOPU7JA6G249,FNCB Bank,PA,Dunmore,949
2549001WH56IR3WR8F53,First Federal Savings & Loan Association of Delta,OH,Delta,186
2549001XVX1R2ITF6935,Hearthside Bank,KY,Middlesboro,343
2549001ZCEBYFHYUPH52,"212 Loans of Oregon, LLC",TX,Friendswood,24
2549001ZX3163R62TB83,Unified Bank,OH,Martins Ferry,335
254900213F9YWHNVOO69,CapGrow Home Mortgage LLC,MO,Chesterfield,370
25490021P4C9ZH17EO78,MORTGAGE CLEARING CORPORATION,OK,TULSA,3069
254900237R332M8L2724,Miners NB of Eveleth,MN,Eveleth,230
25490029YJHFABABT680,UNITED BAY COMMUNITY CU,MI,BAY CITY,354
25490029ZGGK0O5HP605,Bank of Erath,LA,Erath,90
2549002A7VC63ZJQY749,The Bank of Castile,NY,Batavia,415
2549002DGXCCIY4BGZ41,COMPLEX COMMUNITY FEDERAL CU,TX,ODESSA,282
2549002F2MBMPG0YSQ20,Boonville Federal Savings Bank,IN,Boonville,70
2549002IXACRD1HE6A92,Midstates Bank NA,IA,Council Bluffs,178
2549002N9QET42VCAS33,New Market Bank,MN,Elko New Market,558
2549002OCMCJIOOONI88,United Bank of Iowa,IA,Ida Grove,876
2549002U96ZPEAFKGZ11,First Federal Savings and Loan Assoc. of Bath,ME,Bath,155
2549002W5VVAQ5IH5726,GOODFIELD STATE BANK,IL,GOODFIELD,379
2549002YTHQ90AS4OM73,M2 LENDING SOLUTIONS LLC,CO,DENVER,903
25490030Z1TAY4VPEL47,Kingsport Press Credit Union,TN,Kingsport,99
25490031FYE1X5QNTK83,First Basin Credit Union,TX,Odessa,51
25490031SXYH24299E86,Premier Bank,IA,Rock Valley,206
25490033STXCA9YDXT42,Glennville Bank,GA,GLENNVILLE,418
254900378RFGMBEKAF12,Empeople Credit Union,IL,MOLINE,4454
25490039D55J3ZL21O72,"Sibcy Cline Mortgage Services, Inc.",OH,Cincinnati,953
25490039MDCTJ7ZJ8204,CENTURY CREDIT UNION,MO,SAINT LOUIS,78
2549003AXAR3DY36M190,Precision Mortgage LLC,MD,Rockville,48
2549003GSJF52BBIBW81,"Lending Capital Group, Inc",PA,Southampton,1157
2549003K48UGTWEK6O31,Secured Investment Corp,ID,Coeur d'Alene,2171
2549003O1765OJT2BV03,AMERICAN RIVIERA BANK,CA,SANTA BARBARA,80
2549003ODK1CMS9CMW53,RAILS WEST FCU,ID,CHUBBUCK,41
2549003QXUI2HKRWW551,AAC Credit Union,MI,Grand Rapids,290
2549003SD8SH7JXN6S72,FIRST BANKERS TRUST COMPANY,IL,QUINCY,573
2549003SYL72OG7Y6S21,SUPERIOR NATIONAL BANK,MI,HANCOCK,2382
2549003VO95NGF435U70,CLAY COUNTY BANK,WV,Clay,125
2549003VS9H74R09MO48,Star Choice Credit Union,MN,Bloomington,85
2549003WYFPGUVPTRK86,MONONA BANK,WI,MONONA,1055
2549003Z8R5QM0WPS603,IDB GLOBAL FEDERAL CREDIT UNION,DC,Washington,291
2549003ZYZM7FHPZV590,INTERIOR FEDERAL CREDIT UNION,VA,RESTON,57
25490040IBIKTOL1DJ85,Upper Darby Belltelco FCU,PA,Upper Darby,47
25490041Y3ITG7RD6H37,"Chain Bridge Bank, N.A.",VA,McLean,110
254900428YSAU4S4SW33,Patriot lending Services Inc,PA,Pittsburgh,458
25490046GL77VSFSYG24,Signature Bank of Arkansas,AR,Fayetteville,666
25490047DXSX2HF6QY47,FIRST BANK,VA,STRASBURG,356
25490049BUGXLHXJZD76,MID ILLINI CREDIT UNION,IL,BLOOMINGTON,64
25490049RRVB8S6CG210,Farmers and Merchants Bank,CA,Long Beach,643
2549004CU9LAM5CYA280,KWIK MORTGAGE CORPORATION,NJ,PARSIPPANY,3334
2549004EXIAAMK5CLH54,CAPITAL CITY BANK,FL,TALLAHASSEE,1319
2549004FXPNKCLIN8250,SYNERGY ONE LENDING,CA,SAN DIEGO,15855
2549004G86NS7ZIP2L97,i3 Bank,NE,Bennington,205
2549004IXUWDS2CYU578,TVA Community CU,AL,Muscle Shoals,118
2549004LHWTI9UAUAJ26,New Wave Loans Residential LLC,FL,North Miami Beach,33
2549004NNGKPRSS24037,Tomahawk Community Bank,WI,Tomahawk,451
2549004O2ZT0HSAP5S70,First Independence Bank,MI,Detroit,173
2549004OC91L41W9XR37,Educational Employees Credit Union,CA,Fresno,2405
2549004ODQE9FVROV477,"SO-CAL CAPITAL, INC.",CA,NEWPORT BEACH,47
2549004PVBWPAZBFE759,ALLTRUST CREDIT UNION,MA,FAIRHAVEN,738
2549004R5IWT90NBTB98,Virginia Partners Bank,VA,Fredericksburg,111
2549004W2JKWS6P17T44,United Bank of Michigan,MI,Grand Rapids,1433
2549004W7ZN0N715U578,CommonWealth Central Credit Union,CA,San Jose,125
2549004WBDC394DA3W87,PREMIER CREDIT UNION,IA,DES MOINES,510
2549004XJQQPBYQSMT39,Quontic Bank,NY,New York,5693
2549004Z576VEJBK3N72,"NP, Inc.",FL,Boca Raton,9527
2549004ZRHLORHQ9LT73,EXCHANGE BANK,NE,Kearney,824
25490051QQ72KQWNN915,Community Bank of Marshall,MO,Marshall,104
25490052T4M68YYACN14,Quantum National Bank,GA,Suwanee,71
25490053H6JWQDX4RM47,DIAMOND CREDIT UNION,PA,POTTSTOWN,1047
25490053IH908EDF8D65,Madison County Federal Credit,IN,Anderson,195
25490053QEQO83AZIX15,Citizens Community Bank,GA,Hahira,125
25490055DH0FCOSJLM57,New Bedford Credit Union,MA,New Bedford,123
254900561K135J92VD38,First Security Bank,AR,Searcy,2398
25490058TX0QV62WQ461,PELICAN STATE CREDIT UNION,LA,BATON ROUGE,454
2549005AK04LGIZGXS10,First National Bank of Anson,TX,Anson,54
2549005B0YP23JCTYV51,POPA FCU - CERRITOS,CA,Cerritos,276
2549005B6S44QVVMBU11,First National Bank of Grayson,KY,Grayson,369
2549005BWLPEBQA7QJ63,Ohio Catholic Federal Credit Union,OH,Garfield Heights,469
2549005DO6VPVH5MOS59,Credit Union of Southern Californa,CA,Anahiem Hills,950
2549005HG8EMM4748S60,Germantown Trust & Savings Bank,IL,Bartelso,203
2549005LG69OCBT9WE71,Riddell National Bank,IN,Brazil,604
2549005NO86X9J3D1U18,Anoka Hennepin Credit Union,MN,MINNEAPOLIS,203
2549005PPHHZWJNR6L41,Exchange Bank of Missouri,MO,Fulton,271
2549005Q4HZ55QX7YC64,"Watermark Capital, Inc.",CA,Irvine,10855
2549005QV7K44ND43364,Fayette County National Bank,WV,Fayetteville,160
2549005RQQ9A5CNFVG05,Commercial Banking Company,GA,Valdosta,245
2549005SIVTHG14U2905,A&D MORTGAGE LLC,FL,HOLLYWOOD,7747
2549005T4NUXGTZTUE50,MCCOY FEDERAL CREDIT UNION,FL,ORLANDO,541
2549005VXCHU3KAB6N44,Woodsfield Savings Bank,OH,Woodsfield,108
254900605M87QWWATV97,Peoples Bank & Trust Co,MO,Troy,446
254900620TR9OUE6OJ65,N.W. Iowa Credit Union,IA,LeMars,62
254900639EOJ1QZC2567,CHARLES RIVER BANK,MA,MEDWAY,262
254900667M5CK6Y3DF27,Banco do Brasil Americas,FL,Miami,192
2549006A34A1F1ZGTT81,EAST CAMBRIDGE SAVINGS BANK,MA,CAMBRIDGE,499
2549006AC9Y4MDVXIL37,Extra Credit Union,MI,Warren,181
2549006CSAAG67CX8Z55,Summit Credit Union,NC,Greensboro,323
2549006G3AQ9DK986571,Associated Healthcare CU,MN,St. Paul,210
2549006HGDHH72X1BE36,THE GREENWOOD'S STATE BANK,WI,LAKE MILLS,491
2549006HJBA7HTOZF285,FREEDOM CREDIT UNION,MA,SPRINGFIELD,914
2549006HZDO3SULWNR95,PEOPLES STATE BANK,KS,MANHATTAN,166
2549006I89JVMC44TE62,Murphy-Wall State Bank and Trust Company,IL,Pinckneyville,250
2549006II76YXSS5XM65,"GEORGE MASON MORTGAGE, LLC.",VA,FAIRFAX,16088
2549006IYID0ECYSJU25,Sail Mortgage Corp,PA,Wexford,1082
2549006KT1XNB09W2M78,Dairy State Bank,WI,Rice Lake,461
2549006L3U88MNTL7K26,Stillman Bank NA,IL,Stillman Valley,1074
2549006MTEQ1VE0AAQ20,Pinnacle Bank,GA,Elberton,708
2549006MX2M0D119SZ27,DOVER FEDERAL CREDIT UNION,DE,DOVER,473
2549006ONI6N95VKB649,SOUTHERN MICHIGAN BANK & TRUST,MI,COLDWATER,571
2549006P8VW9SIT9YP64,University of Hawaii Federal Credit Union,HI,Honolulu,76
2549006QZTQTY9OK5S30,VIST Bank,PA,Wyomissing,448
2549006RTCWYNJPDX013,Envision Credit Union,FL,Tallahassee,744
2549006SBIS8ROWE8X84,Capitol Bank,WI,Madison,313
2549006SV57592TPRW11,CORPORATE INVESTORS MORTGAGE,NC,CHAPEL HILL,3993
2549006T1BV8J2I7XC10,Citizens State Bank,TX,Buffalo,121
2549006T9J2DMLJVRS64,MUNICIPAL CREDIT UNION,NY,NEW YORK,2067
2549006U8SXATH10WI14,EXCHANGE BANK & TRUST,KS,ATCHISON,156
2549006VBLRP288VX853,American Bank NA,TX,Waco,188
2549006YTBW0GRVA9N57,PEOPLES SAVINGS BANK,MO,RHINELAND,306
25490070QB5LWJ9JID79,Community Bank & Trust,TX,Waco,214
25490072C0PMGDUJQU77,GNB Bank,IA,Grundy Center,349
25490073NY7HKXVMGG76,Reliance Savings Bank,PA,Altoona,916
25490074WALW1U7G4555,THE FARMERS BANK & SAVINGS CO,OH,POMEROY,346
254900756YRTYX32I428,Family Trust Federal Credit Union,SC,Rock Hill,349
25490076YOMAEM6W0N66,WEST CENTRAL BANK,IL,ASHLAND,215
254900791X4X11AYVA11,INFIRST FEDERAL CREDIT UNION,VA,Alexandria,72
2549007AU24FVDMNUB40,Connexus Credit Union,WI,Wausau,1054
2549007E4NL6J0YLH946,EVERGREEN FEDERAL BANK,OR,GRANTS PASS,511
2549007E9BI08H1N1T92,AAFMAA Mortgage Services LLC,NC,Morrisville,1559
2549007G9V4FYWWWDZ31,ACRE MORTGAGE & FINANCIAL INC,NJ,MARLTON,1310
2549007IU6SKFLLNKZ07,Pacific Lending LLC,CA,Ontario,1956
2549007JQKHU8KQ0FC19,"FirstTrust Home Loans, Inc.",AR,Sheridan,4344
2549007JZSAICH4GZJ60,Point Mortgage Corporation,CA,Chula Vista,5915
2549007RR4DXYXPJCZ82,Freedom Bank of Southern Missouri,MO,Cassville,258
2549007S3Y4859VJ1444,First Federal Bank of Ohio,OH,Galion,349
2549007UK2BZOOSF6C76,First Security Bank,MS,Batesville,302
2549007UXYHMV9ES9L95,MEMBERSFIRST CT FCU,CT,MERIDEN,43
2549007W5PWUV8XG3V90,RCB BANK,OK,CLAREMORE,1652
2549007WBD70RLDH1669,FIRST PEOPLES CFCU,MD,CUMBERLAND,699
2549007ZL90U2M5ZNA78,"United Fidelity Funding, Corp",MO,Kansas City,3885
254900803AYZRNV49618,THE FRIENDSHIP STATE BANK,IN,Friendship,664
25490080ZZ98MNHU5R63,Champion Credit Union,NC,Canton,578
25490083W7Y4A2H1H078,Park City Credit Union,WI,Merrill,346
2549008684GZZI5B5H82,First Financial Credit Union,IL,Skokie,226
25490087M8OYX68SQN42,"ISB Capital, LLC",TX,Friendswood,27
25490089V5DJHFQMOA03,FIRST NATIONAL BANK ALASKA,AK,ANCHORAGE,873
2549008AGLU4AEH9GZ71,PINELAND BANK,GA,Alma,178
2549008CBS11KBKU4Z95,Wasatch Peaks Federal Credit Union,UT,Ogden,134
2549008CUN0J8JKWUL22,TELCO PLUS CREDIT UNION,TX,Longview,50
2549008CZOYIG4FIKS25,Forbright Bank,MD,Chevy Chase,1163
2549008EFPQHWHJ5MO60,The Conway National Bank,SC,Conway,441
2549008F85XOERURYW13,FIRST SAVINGS BANK OF HEGEWISCH,IL,CHICAGO,1001
2549008GIE3QVYB2FT28,OLYMPIA FEDERAL SAVINGS & LOAN,WA,OLYMPIA,667
2549008L3Z5ZSC32UL43,PEOPLES STATE BANK,OH,NEW LEXINGTON,151
2549008LK3474E9U2888,OnPoint Community Credit Union,OR,Portland,15704
2549008LUH7QKMXQ8N53,Flanagan State Bank,IL,Flanagan,3580
2549008NRAZRGNG0TT58,PFCU,MI,Portland,521
2549008NZFLT1BQ8EN23,KIRTLAND FEDERAL CREDIT UNION,NM,ALBUQUERQUE,1188
2549008O36ZLTWMCKU62,"F & M Community Bank, N.A.",MN,Preston,205
2549008PQJ4J5Z32RI14,MUTUAL SAVINGS CREDIT UNION,AL,Birmingham,170
2549008SGDIASSJGSR05,Liberty Mortgage Corporation,AL,Birmingham,278
2549008TT6UNYR7AXF54,"Sunflower Bank, N.A.",TX,Plano,10652
2549008US5LUWX2ZH247,DEL NORTE CREDIT UNION,NM,LOS ALAMOS,550
2549008W3O3PXWF90U35,Jefferson Credit Union,AL,Hoover,40
2549008X67CV1MNM7747,Meadowbrook Financial Mortgage Bankers Corp.,NY,Westbury,4410
2549008XU46NWFIFUY72,Shelby,TX,Center,322
2549008YEXLNFKLF7548,Widget Federal Credit Union,PA,Erie,570
25490091LXRCWGWGZ525,North Shore Federal Credit Union,MN,Silver Bay,54
25490092DWDTDJ002J62,1st Franklin Financial Corpora,GA,Tocccoa,1315
25490093XKEEYF9N9X26,Coast Line Credit Union,ME,South Portland,82
25490099UNYWX2PZ4J91,WNB Financial,MN,Winona,633
25490099XNQQU8T3WI97,Cooperativa de Ahorro y Credito del Bo. Quebrada de Camuy,PR,CAMUY,22
2549009AOX259OY87H37,Baker Boyer National Bank,WA,Walla Walla,246
2549009FXR8PWETMRA43,Covington Savings & Loan Association,OH,Covington,62
2549009GDCGUR2T6KU55,HINGHAM INSTITUTION FOR SAVINGS,MA,HINGHAM,503
2549009GERLEDM651T51,Vermillion State Bank,MN,Vermillion,389
2549009IIR21WKPEE762,AlaTrust Credit Union,AL,Hoover,109
2549009M5QY5LPV18B47,Great Basin Federal Credit Union,NV,Reno,227
2549009NMZ1FPA016I77,Celco Community Federal Credit Union,VA,Narrows,43
2549009O1XK0YQZXEL45,Community Savings Bank,OH,Bethel,85
2549009OWTY7KVB18G12,Forrit Credit Union,OR,Portland,58
2549009PBYH62M6NZK12,Peoples State Bank of Plainview,MN,Plainview,361
2549009PZCHF8GGHET49,SANTA BARBARA TEACHERS FEDERAL CREDIT UNION,CA,SANTA BARBARA,52
2549009RNMXHS9AICA61,Kaiperm Diablo FCU,CA,Walnut Creek,19
2549009V3JISNNLCD785,Family First Funding LLC,NJ,Toms River,8398
2549009X2AG1P20YAJ63,Axos Bank,CA,San Diego,9123
2549009Y4KUKP1V77375,Harleysville Bank,PA,Harleysville,309
2549009YMLXX9WQWPX05,Hartford Federal Credit Union,CT,Hartford,141
254900A1GT4B0CJ1GH46,American State Bank,IA,Osceola,119
254900A69XJBWUR7ZF46,"Mortgage Network, Inc",MA,Danvers,12655
254900A9IPKYRVXEJ156,Legacy Mortgage,MI,Grand Blanc,1054
254900AASWOQ6SVWCG44,Tulsa Federal Credit Union,OK,Tulsa,962
254900ACGDT107SC5E82,Bay Bank,WI,Green Bay,345
254900ACU16O36WZP625,212 Loans LLC,TX,Friendswood,400
254900ACUWEGW702BR80,"FM Home Loans, LLC",NY,Brooklyn,8451
254900AD895KKZTSFT42,Mortgage Assurance Inc,GA,Atlanta,2938
254900AECSSNLT5FBU41,UNION STATE BANK OF EVEREST,KS,EVEREST,280
254900AG9OLNQOYN9650,Great Midwest Bank SSB,WI,Brookfield,2009
254900AHLSHUJOTJG402,Colony Bank,GA,Fitzgerald,2277
254900ALCPGGRYFG8I88,Fidelity Bank,IA,West Des Moines,1966
254900APUOKMIQ9Z9027,Johns Hopkins FCU,MD,Baltimore,397
254900ARL5FDX2OOH702,"SUPERIOR CREDIT UNION, INC.",OH,LIMA,5519
254900ASL383AJ6GSJ43,"AgCountry Farm Credit Services, FLCA",MN,Olivia,261
254900AU2FARCMPNA566,Bank of Holland,NY,Holland,253
254900AVP2JVTYYT3V92,THE PEOPLES BANK,MS,BILOXI,200
254900AX110CHF6FVV28,Town Square Mortgage & Investment LLC,TX,Dallas,6162
254900AX2RRO2WMRP742,VERMONT FEDERAL CREDIT UNION,VT,SOUTH BURLINGTON,1425
254900B5PW4JPZAQI721,WOODFORD STATE BANK,WI,MONROE,351
254900B631B05UVLUA59,Concordia Bank & Trust Company,LA,Vidalia,279
254900B7OQXWTD0I4K81,The First National Bank,TX,Hughes Springs,142
254900B9B6TYYGLOXT47,THINK MUTUAL BANK,MN,ROCHESTER,3115
254900BBEPZS8MDE1S61,F&A FEDERAL CREDIT UNION,CA,MONTEREY PARK,1348
254900BDGU9FU91PQA51,The Union Bank Co,OH,Columbus Grove,2872
254900BLPLW0LXHKFX20,JERSEY STATE BANK,IL,JERSEYVILLE,147
254900BLW96EF9AADU93,MEMBERS FIRST CREDIT UNION OF NH,NH,MANCHESTER,230
254900BM3N9MMKAA9U54,Lamar National Bank,TX,Paris,129
254900BMXWPEHXG4LF21,"Bankers Guarantee Mortgage Company, LLC",OH,Medina,177
254900BNG8F840A7LL14,TRUST MORTGAGE LENDING,FL,MIAMI,17
254900BQVRDMH5K9QS04,Frankenmuth Credit Union,MI,Frankenmuth,2319
254900BRCCRMIPW8R563,"Ag Credit, ACA",OH,Fostoria,350
254900BX43CTU32Z6G15,Lindell Bank & Trust Company,MO,St. Peters,220
254900C0V7P5V6VLDD08,SM FEDERAL CREDIT UNION,KS,MISSION,81
254900C1MQVQQR44R744,INDIANHEAD CREDIT UNION,WI,SPOONER,97
254900C2QXQ435D8TY78,Queensborough National Bank and Trust,GA,Louisville,1977
254900C2WQ2VFP9M4K17,AMERICAN FINANCIAL MORTGAGE CO,PA,Pittsburgh,1
254900C303DGB8I7GG88,LA Financial Credit Union,CA,Pasadena,502
254900C44LTMSEGQ5K05,Island Federal Credit Union,NY,Hauppauge,870
254900CBU2F2TON68T25,FIRST NATIONAL BANK OF EAST TEXAS,TX,GILMER,232
254900CCA1QSI5J1ZY32,SPACE AGE FEDERAL CREDIT UNION,CO,AURORA,109
254900CCCPJ8S6GUIT87,Harbor Pointe Credit Union,MN,Duluth,161
254900CDUILFTCPB7H89,KELLOGG COMMUNITY CREDIT UNION,MI,BATTLE CREEK,880
254900CEBR2F5Y0F1A15,Kennebec Savings Bank,ME,Augusta,2561
254900CHU7PX7ZS6RI74,State Bank,IL,WATERLOO,303
254900CIEUZUO7CHPG88,COVANTAGE CREDIT UNION,WI,ANTIGO,6766
254900CN1DD55MJDFH69,UW CREDIT UNION,WI,MADISON,19747
254900CNZPI5WN45KW48,FIRST FINANCIAL BANK,AR,EL DORADO,1031
254900CORCK9CDK8GZ80,FreeStar Financial Credit Union,MI,Mt Clemens,284
254900CQVBYQI6BDWS96,Community Choice Credit Union,IA,Johnston,849
254900CXHYTQMHXRX530,LOUVIERS FEDERAL CREDIT UNION,DE,Newark,53
254900CYWJYH3ES8BV63,Pioneer Bank & Trust,SD,Spearfish,429
254900D4M439MIWMBX82,COOP TEACHERS CREDIT UNION,TX,TYLER,172
254900D8UVDBN0LNLV64,PLATINUM HOME MORTGAGE CORP,IL,Hoffman Estates,5737
254900DBXH1D6Z0HXT15,Discovery Federal Credit Union,PA,Wyomissing,180
254900DEALZYZM93S163,Eave Inc,AR,Scottsdale,538
254900DEMD2F6Z046A71,The Peoples Bank,SC,Anderson,128
254900DGJQT6H4M24F92,One Bank of TN,TN,Oneida,775
254900DIGH8B5QJNCC06,PEOPLES BANK AND TRUST COMPANY OF POINTE COUPEE,LA,New Roads,352
254900DK1GHKA4PVWQ72,"SourceOne Financial, Inc.",UT,Alpine,120
254900DNLSAVSRPDRK61,Carthage Federal Savings & Loan Assoc,NY,Carthage,325
254900DNPJINSUKFZ002,Notre Dame Federal Credit Union,IN,Notre Dame,2819
254900DOBILWQF3MQ479,Preferred Credit Union,MI,Grand Rapids,458
254900DON8SDKGYIL122,"Intercredit Bank, N.A.",FL,Miami,81
254900DP7U0NF7JQDX23,FinancialEdge Community Credit,MI,Bay City,191
254900DTLB5WWMBJAD86,Bank Five Nine,WI,Oconomowoc,3224
254900DTLHVWQ7NP7R34,"The Loan Store, Inc.",CA,San Francisco,3251
254900DYDZ158KQYBD95,Marriott Employees FCU,MD,Rockville,85
254900E3R2YX26OH3128,HealthCare Associates Credit Union,IL,Naperville,397
254900E5RO9KE6OFNQ81,"FINANCE FACTORS, LTD",HI,HONOLULU,254
254900E6AIE4Z8YQM970,Citadel Servicing Corporation,CA,Lake Forest,7620
254900E8KW1VR97KFU45,TNConnect Credit Union,TN,Knoxville,49
254900E9OABDJHASZ507,The Cottonport Bank,LA,Marksville,347
254900E9QYJ6OX8QXL76,SOUTHPOINT BANK,AL,BIRMINGHAM,1965
254900EDYO1UYWLWP146,CNB Bank Inc.,WV,Berkeley Springs,591
254900EHOJ91PS23E696,Yolo Federal Credit Union,CA,Woodland,200
254900EKE4KU163TA318,American Broadcast Employees FCU,NY,Rockville Centre,46
254900EL4XB15QW2WI69,First National Bank of Griffin,GA,Griffin,140
254900EL5N0NK8M96118,Dade County Federal Credit Union,FL,Miami,184
254900EOYK0UXLROBX92,American Mortgage and Insurance Inc,HI,Honolulu,90
254900EQ47K76CF2A976,Cornhusker Bank,NE,Lincoln,1128
254900EQ7TPQ6NBKRF55,4U Federal Credit Union,TX,Gainesville,50
254900ERAT50PIMMZH17,First Alliance Credit Union,MN,Stewartville,277
254900EZO02JGHXM3V19,San Diego Funding,CA,San Diego,599
254900EZRN0CBEP77K34,STATE DEPARTMENET FEDERAL CREDIT UNION,VA,ALEXANDRIA,1192
254900F213LCBO4VGA06,Lowell Five Cent Savings Bank,MA,Tewksbury,250
254900F3ZV3WV1ADSM47,MJW Financial LLC,IN,Indianapolis,2300
254900F4K0YUTIQ7Q952,OKLAHOMA EDUCATORS CREDIT UNION,OK,BETHANY,258
254900F5ZZOQMXYF0M92,Brokaw Credit Union,WI,Weston,121
254900F8XCJE1G9OYR92,TTCU Federal Credit Union,OK,Tulsa,2825
254900F9ZTVTX763V835,"ADVISORS MORTGAGE GROUP, LLC",NJ,OCEAN,11035
254900FAEHPIBKT6SS85,The Grant County Bank,WV,Petersburg,158
254900FB4VEI37KZPQ74,Miami Postal Service Credit Un,FL,MIAMI,54
254900FBWEZ3YUPOBN33,"LIMA ONE CAPITAL, LLC",SC,GREENVILLE,4140
254900FBWHJU34E26I78,Accunet Mortgage LLC,WI,Waukesha,1483
254900FDPG829O6VBB05,Eastside Funding LLC,WA,Kirkland,833
254900FE6QJXGH3VIA90,ACT 1ST FCU,MD,LAVALE,55
254900FFZUXK3B729T97,Deseret First Credit Union,UT,West Valley City,1487
254900FG1PR8UNV77C36,CCB Community Bank,AL,Andalusia,243
254900FI363837PZX856,Midwest Heritage Bank FSB,IA,West Des Moines,896
254900FI70PE7HWAVD04,F & C Bank,MO,Holden,161
254900FIT283V26LD641,AXIOM BANK,FL,MAITLAND,181
254900FJRICL380R4T46,LEADERS CREDIT UNION,TN,JACKSON,1878
254900FK0S1L00V2UL14,Elderton State Bank,PA,Elderton,138
254900FKPTR6FQ8IH565,Minnesota National Bank,MN,Sauk Centre,122
254900FL0I8OUMMBOZ11,"Bench Equity, LLC",AZ,Mesa,453
254900FMBXF85WQYV433,Amalgamated Bank,NY,New York,900
254900FN90BBXGBCPB30,First National Bank Of Hartford,AL,Hartford,119
254900FP6SX9QWAB1J85,First Texoma National Bank,OK,Durant,116
254900FSIRD1E5MR0U30,RMS & ASSOCIATES,NV,LAS VEGAS,743
254900FSTRXV05536767,EAST WISCONSIN SAVINGS BANK,WI,KAUKAUNA,430
254900FTCNECUOWATD22,First Federal Savings Bank of Mascoutah,IL,Mascoutah,99
254900FWMAL9Q1TY2667,SECURITY FEDERAL SAVINGS BANK,IN,LOGANSPORT,555
254900FYIFXD18THEZ65,"Litton Mortgage, Inc",LA,Shreveport,510
254900FYMABY3EPG2K50,Bank of Milton,WI,Milton,164
254900G03BZB89LOWZ28,ST. ANNE'S CREDIT UNION OF FAL,MA,FALL RIVER,1233
254900G0ZC4S8EO1W523,SPRING VALLEY BANK,OH,WYOMING,318
254900G3F37LO9XNZA95,BEST FINANCIAL CREDIT UNION,MI,MUSKEGON,82
254900G3JF710WUIHN65,Drummond Community Bank,FL,Chiefland,577
254900G7NNSN8LRSPM89,FIRST RESOURCE BANK,MN,LINO LAKES,140
254900G8Q3CAX7YWBK48,FIRST COMMUNITY BANK OF EAST TENNESSEE,TN,ROGERSVILLE,132
254900G9IPJDT4OZYN57,MARSHLAND Credit Union,GA,BRUNSWICK,53
254900G9TLX0Q50U7H04,PremierBank,WI,Fort Atkinson,568
254900GBKSHEUZ4PGG08,Powell Valley National Bank,VA,Jonesville,213
254900GCM1G6FHLNYX50,PROVIDENCE BANK,MO,COLUMBIA,113
254900GHFQ9KF6G4PN32,First Central Credit Union,TX,Waco,157
254900GKRYTQSJG61D90,Texas Regional Bank,TX,McAllen,436
254900GL9FITA8BCKE77,Hercules First Federal Credit Union,UT,Taylorsville,106
254900GMDWB9051H7297,HIGH COUNTRY BANK,CO,SALIDA,804
254900GNK8YXIZQ6LW40,SABINE STATE BANK AND TRUST COMPANY,LA,MANY,887
254900GP2576VSW7TS47,Adventure Credit Union,MI,Grand Rapids,651
254900GPEJ25OTHRU605,Glenview State Bank,IL,Glenview,182
254900GRDRKSA8ZPAJ55,Traditions Bank,AL,Cullman,392
254900GRNKKCY7NMXC23,FARMERS BANK,ID,TWIN FALLS,62
254900GYV99GSRS94462,LIBERTY BANK,AL,SNEAD,177
254900GZAWIVGN884M22,PLANTERS FIRST BANK,GA,CORDELE,115
254900H0KR1EP2IS0Y73,THE CALLAWAY BANK,MO,FULTON,486
254900H6Q0VRU6MPSX83,AMERICA'S CREDIT UNION,TX,GARLAND,123
254900HA4DQWAE0W3342,"AmeriHome Mortgage Company, LLC",CA,Thousand Oaks,300026
254900HAGON6ZM70CW84,Budget Mortgage Corp.,CA,Los Angeles,135
254900HBR13MJYNT3634,Two Harbors FCU,MN,Two Harbors,108
254900HD4RROQDXNWI45,Pacific NW Federal Credit Union,OR,Portland,453
254900HEPQK96AEXHS12,Frontier Bank,NE,Omaha,964
254900HGO0ML9XQH7267,Oconee Federal Savings and Loan Association,SC,Seneca,281
254900HI61SSH8KEBQ58,RANGE BANK,MI,MARQUETTE,881
254900HIDMT4ZG09RP47,Credence Funding Corporation,MD,Aberdeen,482
254900HJA1Y85EJCGB90,CHARTER OAK FEDERAL CREDIT UNION,CT,WATERFORD,1338
254900HO9WPE4LTLQU96,Valley West Corporation,NV,Las Vegas,1486
254900HOFPDQTQTMI243,Taylor Credit Union,WI,Medford,68
254900HQK1GFTN5BRG15,CHICAGO MORTGAGE SOLUTIONS LLC,IL,ROSEMONT,29734
254900HUD7SD8U5L3C11,PrimeTrust Financial Federal C,IN,Muncie,102
254900HWPC2WEGN8NF25,METROWEST COMMUNITY FEDERAL CREDIT UNION,MA,FRAMINGHAM,126
254900HXPUN0BQEZ4350,ALTERNATIVES FEDERAL CREDIT UNION,NY,ITHACA,43
254900I3LJYL57NZ5H21,The Andover Bank,OH,Andover,751
254900I4Q994MFILTR26,Keystone Savings Bank,IA,Keystone,116
254900I5CDPSIU78UI40,Chesapeake Bank Of Maryland,MD,Baltimore,102
254900I68BOSEM149Q58,"ENCOMPASS LENDING GROUP, L.P.",TX,KATY,1026
254900I6OUSD8YCJUJ63,COPOCO Community Credit Union,MI,Bay City,150
254900ICEZWRRYBRW481,KINGSTON NATIONAL BANK,OH,KINGSTON,259
254900IER2H3R8YLBW04,Forward Bank,WI,Marshfield,1030
254900IHGFQJY2WUC891,First Option Bank,KS,Osawatomie,353
254900IHP9HX92C8DX39,FRONTIER BANK OF TEXAS,TX,ELGIN,157
254900IHSG9OOX0DZH92,NW Plus CU,WA,Everett,214
254900IHSZUFLA4J1Q14,DOWNEAST CREDIT UNION,ME,BAILEYVILLE,63
254900IL7D0ACZ6YVF12,HOME FEDERAL SAVINGS AND LOAN,NE,GRAND ISLAND,537
254900IRNXUOKGT5XK11,West Suburban Bank,IL,Lombard,354
254900IUXHAK73AEH918,Bank of Frankewing,TN,Frankewing,159
254900IV7U7HAN6U7T54,The Bank of Romney,WV,Romney,295
254900IZF27X7A3Q7I15,OLD HICKORY CREDIT UNION,TN,NASHVILLE,239
254900IZM1F435SFXE81,"A Mortgage Boutique, LLC",TN,Murfreesboro,1153
254900J5OSYRB4AN2309,CorePlus Federal Credit Union,CT,Norwich,584
254900J67JRUY8SSE075,TRADITION CAPITAL BANK,MN,WAYZATA,317
254900J6JRSKHU1Y0F98,Franklin Savings Bank,NH,Franklin,284
254900J71IJLMJZJV608,Bank of Zachary,LA,Zachary,173
254900JCTXBH1WCEWG62,Florida Home Trust Mortgage Inc,FL,Weston,322
254900JEEAUO1ZDBXW22,CAPON VALLEY BANK,WV,WARDENSVILLE,147
254900JG0TE6ZVYQ7857,Denver Savings Bank,IA,Denver,111
254900JH11ROOV921P96,ML Mortgage Corp.,CA,Rancho Cucamonga,2091
254900JH47ETFGVNKS92,Call Federal Credit Union,VA,Richmond,512
254900JH5HOQQ4CDPC30,The First National Bank of McConnelsville,OH,McConnelsville,146
254900JJ3E56IV4SHM86,Chiphone Credit Union,IN,Elkhart,50
254900JKWAH734HBIE78,Mascoma Bank,VT,White River Junction,2312
254900JM9VOQ8A8WF359,First Keystone Community Bank,PA,Berwick,722
254900JMPUH6DCQM3W65,"Christensen Financial, Inc.",FL,Altamonte Springs,3010
254900JOP4NNUK6I6R61,COLINA Mortgage Group,TX,Houston,726
254900JPFVLN18XNDG98,DAY AIR CREDIT UNION,OH,KETTERING,933
254900JSR03JVTTZ6039,United Community FCU,PA,West Mifflin,75
254900JU2DYRJVDHMG47,Citizens State Bank,WI,Cadott,261
254900JU5OLW9ZB5C595,NEW CUMBERLAND FEDERAL CREDIT UNION,PA,New Cumberland,196
254900JXCS783CPF1D02,"RCN Capital, LLC",CT,South Windsor,10095
254900JZN2V0PWFMW808,AHL Funding,CA,Irvine,2421
254900K3H3XMRQNU9F32,"OVM FINANCIAL, INC",VA,VIRGINIA BEACH,7169
254900KD58MIT0K3NP70,Los Angeles Federal Credit Union,CA,Glendale,478
254900KE1KGYIP021V52,Greenville National Bank,OH,Greenville,411
254900KE9OJJUH139Q12,Byron Bank,IL,Byron,659
254900KI0CM65KPBM547,International Bank of Chicago,IL,Chicago,365
254900KI7219LQKCI772,FIRST WESTERN TRUST BANK,CO,DENVER,4008
254900KKWIJLOTNP7667,M&T REALTY CAPITAL CORPORATION,DE,WILMINGTON,170
254900KLIC284KZ5U646,Upward Credit Union,CA,Burlingame,56
254900KLRON8YJD2EN33,Weld Community Credit Union,CO,Greeley,45
254900KMMJNL0IJNSM73,Caribe Federal Credit Union,PR,San Juan,153
254900KOJTW8YS8AL287,First National Bank,OH,Bellevue,183
254900KOP6JY8A0DIV80,CLOVERBELT CREDIT UNION,WI,WAUSAU,298
254900KOW652UXXY2V12,First Security Bank & Trust Company,OK,Oklahoma City,264
254900KPCI98XVKU8U39,Acadia Federal Credit Union,ME,Fort Kent,298
254900KPOZQ8VODWDS72,"FIRST STATE BANK OF THE SOUTHEAST, INC",KY,MIDDLESBORO,247
254900KRDEAJ7MYWD034,Bloomsdale Bank,MO,Bloomsdale,367
254900KSUTZO899YU680,HomeTown Bank,MN,Redwood Falls,869
254900KX4PZDHAK8I871,First Federal Savings Bank C-U,IL,Champaign,352
254900KXKBNKNWDAIL39,MEMBERS1st Community Credit Union,IA,Ames,152
254900L0MIAM922ZEC34,Mid Penn Bank,PA,Millersburg,1966
254900L0XOVEOJWGQO95,Cross Valley Federal Credit Union,PA,Wilkes Barre,129
254900L3N47KFV5KSJ32,Financial Trust Federal Credit Union,NY,West Seneca,62
254900L3UJN7196A5W71,CENTRAL NATIONAL BANK,KS,JUNCTION CITY,1357
254900L67A0ZTJRS6614,First Bank,NC,Troy,4317
254900L8E0QUT5VH5G34,Florence Federal Credit Union,AL,Florence,39
254900L9ZR7FYE68H705,Citizens Community Bank,IL,Freeburg,367
254900LD3DEBFTITLD76,FARMERS NATIONAL BANK,IL,Prophetstown,270
254900LDNBFL67R4FW27,The Farmers & Merchants State Bank,OH,Archbold,1746
254900LEJ4HP6RMWD374,ABOUND FEDERAL CREDIT UNION,KY,RADCLIFF,2612
254900LGRONOY5BBXN36,Premier Lending Alliance,IA,Johnston,36
254900LIEBWBUKVDWP33,DUTRAC COMMUNITY CREDIT UNION,IA,DUBUQUE,610
254900LKAJBFGO0IIP75,Republic State Mortgage Co.,TX,Houston,6295
254900LNRKOG7TRURB32,UKRAINIAN FEDERAL CREDIT UNION,NY,ROCHESTER,579
254900LP2WHZQ61VBS60,Chicago Patrolmen's Federal Credit Union,IL,Chicago,81
254900LSUA7OOX54X398,HARCO Credit Union,MD,Bel Air,38
254900LTD432L5CHIZ48,HOME MORTGAGE ALLIANCE CORP (HMAC),CA,SANTA ANA,3381
254900LTYFDA8IOP9O78,Cornerstone Community FCU,NY,Lockport,122
254900LUVSH5K254AU10,Shelby State Bank,MI,Shelby,324
254900LVZ1O44BCREK60,Belmont Savings Bank,NC,Belmont,90
254900LW5BPW0G1LMW49,Regent Financial Group,NE,Omaha,2067
254900LWEI3KP9RMPK59,Northwest Bank & Trust Company,IA,Davenport,13
254900LX8DA8FRHUUD51,POTLATCH NO 1 FINANCIAL CREDIT U,ID,LEWISTON,2233
254900LXHR6OP0TSZ915,Circle Federal Credit Union,MI,Niles,608
254900M1AHTCIYKM7V90,THE CITY NATIONAL BANK OF SULPHUR SPRINGS,TX,SULPHUR SPRINGS,890
254900M3DBBSBUPR5L27,R.I.A. Federal Credit Union,IA,Bettendorf,1029
254900M8453FLU1TS434,Gallic & Johnson Financial,OR,Eugene,122
254900M984EPKRAPEO90,Minnesota Valley Federal Credit Union,MN,Mankato,417
254900MC07ETGW6C0M17,Sierra Lending Corporation,TX,Houston,14
254900MCB5QTUWUWQ396,Public Service Credit Union,MI,Romulus,236
254900MHHOS58M9D0445,Operating Engineers Federal Credit Union,CA,Livermore,368
254900MIHY4N3F840P17,Ouachita Valley FCU,LA,West Monroe,140
254900MJC4429E0HGL47,American Midwest Mortgage Corp,OH,Parma Heights,1172
254900MKY47WU65N1J56,Timberland Bank,WA,Hoquiam,941
254900MNIT450KPDA114,Advantis Credit Union,OR,Oregon City,2950
254900MPKKQDGRJC2S10,Professional Bank,FL,Coral Gables,182
254900MQ4O1DX3N88207,"Community Trust Bank, Inc.",KY,Pikeville,5219
254900MRUZFHXLEPLR52,People's Community FCU,WA,Vancouver,57
254900MSO8KVQ05D2J27,Workers Credit Union,MA,Fitchburg,1807
254900MTK16R8D6JG571,Cooperativa Ahorro y Credito Aguadilla,PR,Aguadilla,30
254900MWCJLSHMSYCL19,TEG Federal Credit Union,NY,Poughkeepsie,621
254900MY1ZANX8HECH55,Bluff View Bank,WI,Galesville,152
254900N10G1D8QK8M334,KAW VALLEY STATE BANK & TRUST,KS,WAMEGO,205
254900N33AYNKI4VCV72,GULF WINDS CREDIT UNION,FL,PENSACOLA,1061
254900N49YI2HHKDPS92,iQ Credit Union,WA,Vancouver,2871
254900N4XMPM37K77D58,First State Bank,IL,Monticello,476
254900N51OM1EJ4TQZ22,1ST STATE BANK,MI,SAGINAW,626
254900N59TICVY7K7T48,AOD FEDERAL CREDIT UNION,AL,BYNUM,179
254900N860L1FESYGP70,Hilton Financial Corporation,AZ,Phoenix,89
254900N91HZUUV8IZM62,North East Texas Credit Union,TX,Daingerfield,141
254900N9T42X4VF8F740,Alliance Bank,MO,Cape Girardeau,473
254900NAGGVF6I0G6Y61,CVF - Division of Catholic Van,MI,Livonia,154
254900NAWIBILTM7ZJ36,The Maries County Bank,MO,Vienna,262
254900NBFODCTL4XR339,THE UPSTATE NATIONAL BANK,NY,ROCHESTER,108
254900NCN3B66MYC3145,New Horizons Credit Union,AL,Mobile,127
254900NGM4SWQ6TJE045,N.E.W. Credit Union,WI,Oconto Falls,142
254900NGUH2O9FB6AZ22,Valley First Credit Union,CA,Modesto,417
254900NLUIQMYI2MW872,GrandSouth Bank,SC,Greenville,169
254900NR9EA98B6A4L55,CITIZENS BANK MINNESOTA,MN,NEW ULM,534
254900NRU0TO5WZHHH62,SOUTH METRO FEDERAL CREDIT UNI,MN,PRIOR LAKE,122
254900NSJ1ASOONUCL94,LPS Employees Federal Credit Union,NE,Lincoln,102
254900NT8VCCMPTPSO02,COLLINS COMMUNITY CREDIT UNION,IA,CEDAR RAPIDS,6085
254900NTAC4H10MGSU23,SUMMIT CREDIT UNION,WI,COTTAGE GROVE,25878
254900NX6JAQSL0PM696,First State Bank,GA,Wrens,240
254900NZCGMT6517BA94,APPLE FEDERAL CREDIT UNION,VA,FAIRFAX,3236
254900NZOY3XB2DNSZ34,USAlliance Federal Credit Union,MA,Chelmsford,1787
254900O11S8JQGWU2U45,Glacier Hills Credit Union,WI,West Bend,320
254900O28OG3UMHXQY81,"Strong Home Mortgage, LLC",VA,Manassas,21039
254900O2K17TNH5CL873,"RF Renovo Management Company, LLC",IL,Chicago,1972
254900O2VYWY7LKZ6T60,"Chartwell Financial, LLC",IL,Oak Brook,227
254900O6ESF124P8HR04,GRANITE STATE CREDIT UNION,NH,MANCHESTER,951
254900O6O7Z55NQ7T193,NORTH AMERICAN FINANCIAL CORP,NV,HENDERSON,676
254900O723MCLR701H50,"Neighborhood Loans, Inc.",IL,Downers Grove,14055
254900O86JRT86YLQO47,Seasons Federal Credit Union,CT,Middletown,150
254900OC13I9CJC7SD87,PREVAIL BANK,WI,MEDFORD,992
254900OC69XWBZ2A8244,Auburn Savings Bank,ME,Auburn,128
254900OCB5PJQMM6LU72,WESTERN OHIO MORTGAGE CORPORATION,OH,SIDNEY,516
254900OCV4AWL56SWL08,Payne County Bank,OK,Perkins,131
254900OD9TDRYGWJ0N48,FIRST NATIONAL BANK,SD,PIERRE,726
254900OGMHGN3FQRRB74,Helm Bank USA,FL,Miami,250
254900OI3V8V16I60I06,KEARNEY TRUST COMPANY,MO,KEARNEY,75
254900OPB6J0NM26JY33,Oconee State Bank,GA,Watkinsville,292
254900OVHD0ZZK65EQ86,The People's Credit Union,RI,Middletown,869
254900OYJ23M4J7IJI76,ACIPCO FEDERAL CREDIT UNION,AL,BIRMINGHAM,161
254900P1I9VHKMF8R991,First Federal,OR,McMinnville,354
254900P2JMSUZCYLE858,PROVIDENT CREDIT UNION,CA,REDWOOD CITY,2875
254900P44XJB3CPZ4V05,THE ATLANTIC FEDERAL CREDIT UNION,NJ,KENILWORTH,105
254900P4A09O6AABF892,First Southern Bank,AL,Florence,156
254900P681DTTH4I3144,WESTERN STATE BANK,ND,DEVILS LAKE,940
254900P6952HH7CVAC87,CITIZENS STATE BANK,IA,MONTICELLO,284
254900P6Q7UI8DAKYX49,GUARDHILL FINANCIAL CORP,NY,NEW YORK,1640
254900P7WLDQD9IUL038,SERVICE FEDERAL CREDIT UNION,NH,PORTSMOUTH,2210
254900P86CWA5DCK0Y27,Clinchfield Federal Credit Union,TN,Erwin,73
254900PBEMOERRZO9E31,iCore Lending Inc.,CA,Cerritos,345
254900PCEQAPPZS8KL59,GUARDIAN CREDIT UNION,WI,West Allis,322
254900PCN2EQDRMIHV68,Mortgage Investment Services Corporation,KS,Shawnee,1683
254900PE3F2ADLAJRQ97,Christian Financial Credit Union,MI,Sterling Heights,212
254900PEMVJN4DS4MS43,Independent Federal Credit Uni,IN,Anderson,52
254900PH44D8BB632E53,City of Boston Credit Union,MA,South Boston,253
254900PHRI1MCM69UM20,First Savings Bank,SD,Beresford,185
254900PJ63T7KFSHAV90,MERCHANTS NATIONAL BANK,OH,HILLSBORO,921
254900PJVECT3YD6KY88,BANK OF NEW HAMPSHIRE,NH,LACONIA,1114
254900PKDTFIJ2XB1675,THE BANK OF OLD MONROE,MO,OLD MONROE,539
254900PO1C5ZTB4V4859,FirstBank of Nebraska,NE,Wahoo,323
254900PQLW7K91KOVU18,Sun East Federal Credit Union,PA,ASTON,743
254900PQN88DET52I724,USX FCU,PA,Cranberry Township,186
254900PRB9DTJAHMMZ45,"ROSS MORTGAGE COMPANY, INC",MA,WESTBOROUGH,1374
254900PS2KU65ZEUOA41,American Community Bank of Indiana,IN,St John,460
254900PST6LLDPCKSN83,"NORTH SHORE BANK, FSB",WI,Brookfield,2451
254900PTELTRJ8RGJD53,Spirit of Texas Bank,TX,College Station,406
254900PUAN5SKAJB2J42,Heartland Credit Union,MN,Inver Grove Heights,155
254900PVPKN915ZIGZ02,HATBORO FEDERAL SAVINGS,PA,HATBORO,301
254900PVWALA7JTBXA31,Wilson Bank & Trust,TN,Lebanon,3442
254900PW5EE7M05BEZ97,"KS BANK, INC.",NC,SMITHFIELD,158
254900PWTPCOI9QU5G90,Canton Cooperative Bank,MA,Canton,51
254900PZD34K8KYJD223,SACO VALLEY CREDIT UNION,ME,SACO,145
254900PZMV3V09E3HO84,Members Choice of Central Texas FCU,TX,Waco,119
254900Q3NKMPZB4K2E34,Tri-Cities Community FederalCU,WA,Kennewick,441
254900Q5026VQBAVI394,Community First Credit Union,WI,Neenah,6505
254900Q6IHGQO7INVC79,The Lyons National Bank,NY,Lyons,2079
254900Q6YS0NMCYAH669,Tompkins Trust Company,NY,Ithaca,648
254900Q716E7IUMXGB91,"THE HOME LOAN EXPERT, LLC",MO,SAINT LOUIS,7037
254900Q8CADD47BK7T92,First United Credit Union,MI,Grandville,287
254900Q8CQK28JPFK147,Superior Credit Union,PA,Collegeville,149
254900Q9OGO5Z0CLLF57,Central State Credit Union,CA,Stockton,17
254900Q9V3DYHBRTUH61,1st National Bank,OH,Lebanon,1805
254900QC7DVGIYVGB494,Resource One Credit Union,TX,Dallas,387
254900QC9XDDY8OVYU54,Slovenian Savings & Loan Association of Franklin-Conemaugh,PA,Johnstown,171
254900QGEOVPON4RPM04,ALPINE CREDIT UNION,UT,OREM,119
254900QH6Q6RHDLHEC77,UNIVERSITY CREDIT UNION,ME,ORONO,564
254900QIPUZ7PAK59X63,PeoPLes Bank,IA,Adel,311
254900QIXIWRRJZY1H73,LEGACY BANK,VA,Grundy,44
254900QK56SK0RTQI188,SENIOR MORTGAGE BANKER,PR,SAN JUAN,327
254900QLWNRZD8ZK6O36,Mahopac Bank,NY,Brewster,235
254900QNIR86GUIRYH95,"FlexPoint, Inc.",CA,Costa Mesa,7198
254900QPQ7RHWVUGYW23,Pivotal Capital Group II LLC,CA,Ladera Ranch,186
254900QPRPHIXEAX3L37,Qualstar Credit Union,WA,BOTHELL,695
254900QQIJN4KR6ZBW98,Citizens Bank of Rogersville,MO,Rogersville,175
254900QRD0ZXHH08TX87,"Network Funding, L.P.",TX,Houston,13009
254900QWNWNPOWGOC273,eCO Credit Union,AL,Birmingham,97
254900QY5ST0J7P6M123,Dime Bank,CT,Norwich,522
254900R028OZZTTP5D53,Community Bank,KS,Topeka,286
254900R0GC9CW77VXE28,Telco Community Credit Union,NC,Asheville,255
254900R1UY5PAEIHXX38,Skyline National Bank,VA,Independence,390
254900R21YNPTNWW1L44,GULF COAST COMMUNITY FEDERAL CREDIT UNION,MS,GULFPORT,119
254900R24PHQB7GDFD26,Mabrey Bank,OK,Bixby,410
254900R3GSQ9SP0VJU09,THE FOCUS FEDERAL CREDIT UNION,OK,OKLAHOMA CITY,153
254900R45W3ZMI3IVW43,First State Bank Of Bloomington - 22034,IL,BLOOMINGOTN,185
254900R51FSMCPO6HB07,Evangeline Bank & Trust Company,LA,Ville Platte,706
254900R61QS4BG30IS52,"EVESHAM MORTGAGE, LLC",NJ,MARLTON,1431
254900R7YE9RG1CL6U13,FAMILY SECURITY CREDIT UNION,AL,DECATUR,334
254900R8P0FFNZJAW611,Community West Credit Union,MI,Kentwood,461
254900R9A6TW85BTVS20,SHEA MORTGAGE INC.,AZ,SUITE 150,1999
254900RA6QUTUBU19D95,Fort McClellan Credit Union,AL,Anniston,76
254900RAPDJZFI07WS81,Hometown National Bank,IL,La Salle,159
254900RD08FFMO7DRN13,CROSS COUNTY BANK,AR,WYNNE,86
254900REMJXT9T25JI51,First National Bank of Bosque County,TX,Valley Mills,78
254900RFZH9I62FGU045,"American Mortgage Bank, LLC",OK,Oklahoma City,664
254900RKKWUZX0NEH310,Community State Bank of Missouri,MO,Bowling Green,225
254900RKT0MP4YLDNX14,"Titan Mortgage Capital, Inc.",AK,Anchorage,178
254900RKU25JCJEP4R59,SECNY Federal Credit Union,NY,Baldwinsville,168
254900RM3T6WAVE6SA24,AML Funding LLC dba Absolute Mortgage & Lending,TX,Dallas,1409
254900RO87UFWPI72M63,First Community Credit Union,WI,Beloit,528
254900RQ2FMUUUQUGI02,Citizens Bank,TN,Carthage,363
254900RQGXH1N2N6D695,LAKE TRUST CREDIT UNION,MI,BRIGHTON,711
254900RQX8N4HXJIDK44,FRANKLIN LOAN CORPORATION,CA,PALM DESERT,5346
254900RW4F62S7FHDV91,United Community Credit Union,TX,Galena Park,63
254900RZAKWEVNKBVY93,Regional Missouri Bank,MO,Marceline,481
254900RZHOIGZ93T3S32,Premier Bank,IA,Dubuque,171
254900S1BUVJXXE9C251,IMPACT CREDIT UNION,OH,CLYDE,198
254900S1MZBA1L5LZF88,LUFTHANSA EMPLOYEE FEDERAL CREDIT UNION,NY,EAST MEADOW,4
254900S293MIVH34PR45,North Side Federal Savings,IL,Chicago,23
254900S2BHB4ZY0JPI53,Raccoon Valley Bank,IA,Perry,309
254900S7X9G17L8QBB81,PremierOne Credit Union,CA,San Jose,313
254900SBY94JVYQ1Y131,Iron Workers Bank,PA,Aston,121
254900SEH2UUXVW21S97,Cedar Point Federal Credit Uni,MD,Lexington Park,333
254900SG0DG9VHV3LR79,First Commercial Bank,MS,Jackson,297
254900SI9TPITPEZ5332,CAPITOL MORTGAGE,PR,SAN JUAN,631
254900SJMHCSRQOMRK11,CALIFORNIA BEAR CREDIT UNION,CA,LOS ANGELES,41
254900SJONZGRA3CJM44,THE APPLE CREEK BANKING COMPANY,OH,APPLE CREEK,178
254900SK7KTN4QNPHP32,CITIZENS & NORTHERN BANK,PA,WELLSBORO,1348
254900SKRNN38GYC7R38,Ukrainian Selfreliance Michiga,MI,Warren,61
254900SL0H3ZRSDNV180,Park Bank,WI,LaCrosse,315
254900SOAE0WU8JM0177,MainStreet Bank,VA,Faifax,161
254900SPZRGOBHSHRP90,Community  Savings Bank,IA,Edgewood,646
254900SRBPINTG8V7N66,Farmers State Bank,IL,Pittsfield,123
254900SRWC0U4V5XQ024,BANK OF STOCKTON,CA,STOCKTON,339
254900SRX8H2BWRMDQ91,Putnam County Bank,WV,Hurricane,258
254900SUM1U8US3D2Z03,First Federal Savings Bank,ID,Twin Falls,3105
254900SUZ313OILKVD67,"Cazle Mortgage, Inc.",MD,Baltimore,785
254900SYM73UN2V4KP10,Greenville Heritage FCU,SC,Greenville,98
254900T0CZ8ZKC5R7A88,Legends Bank,MO,Linn,194
254900T1NXF0ZR9PMX05,STREATOR ONIZED CREDIT UNION,IL,STREATOR,227
254900T37KTTXKCK3416,RIVERMARK COMMUNITY CREDIT UNION,OR,BEAVERTON,2239
254900T576VYG7I55390,Pen Air Federal Credit Union,FL,Pensacola,1811
254900T8NVZTD1Q8U318,Guardians Credit Union,FL,West Palm Beach,47
254900TBJSIXN1M7S968,"FJM Private Mortgage Fund, LLC",CA,Petaluma,203
254900TFS12PFBK5FD47,TRUECORE FEDERAL CREDIT UNION,OH,NEWARK,317
254900TFUMB07CBEN720,ST PAUL FEDERAL CREDIT UNION,MN,SAINT PAUL,268
254900TG3REX549BAZ53,CENTRAL BANK,UT,PROVO,420
254900TGS0SDEDP36K37,Great Nations Bank,OK,Norman,4
254900TI83SWW04ZPZ29,APPLETREE CREDIT UNION,WI,West Allis,257
254900TIRELTI8ENRL83,AMOCO FEDERAL CREDIT UNION,TX,TEXAS CITY,896
254900TJCZAM25V2WZ38,West Michigan Credit Union,MI,Grand Rapids,417
254900TKL128GKFR9C87,Wildfire Credit Union,MI,Saginaw,773
254900TM81D0YC1B9584,METRO CITY BANK,GA,DORAVILLE,4071
254900TO7P4MVLV70225,FIRST NATIONAL BANK OF BROOKFIELD,IL,BROOKFIELD,329
254900TQL77TN5I01K05,Fortifi Bank,WI,Berlin,788
254900TSSJ6QLFK4C243,"Citizens 1st Bank, Tyler TX",TX,Nacogdoches,221
254900TTMRDRR2EQSI59,FIREFIGHTERS CREDIT UNION,WI,ONALASKA,208
254900TTXC2DBWKBNZ05,Bowater Employees Credit Union,TN,Calhoun,159
254900TTZ395IC926125,Sierra Pacific Mortgage Co. Inc,CA,Folsom,30450
254900TW8OMXXV334D32,Workmen's Circle Credit Union,GA,Savannah,106
254900TY6UTJ321IPS13,Union Federal Savings & Loan Association,IL,kewanee,149
254900TZKHQ9DT85IC97,Schuyler Savings Bank,NJ,Kearny,85
254900U1OBL1MC6M6518,MortgageCountry,PA,Blue Bell,623
254900U2ZPLWQTSD3158,Orion Federal Credit Union,TN,Memphis,953
254900U38QOOLJB8FS91,Presence Bank,PA,Coatesville,100
254900U5VN6O84EWQL12,BRECO FCU,LA,Baton Rouge,32
254900U7G0LJ4QNSFC86,Manufacturers Bank & Trust Co,IA,Forest City,426
254900UA19NBVHVPQ177,Denison State Bank,KS,Holton,267
254900UAJ26M2YIF0822,Better Banks,IL,Bartonville,371
254900UD8AEXTVCVAF72,TRANSPORTATION FCU,VA,ALEXANDRIA,214
254900UDJNXYZSDOKI36,OOSTBURG STATE BANK,WI,OOSTBURG,376
254900UEAUWHP0CJXA09,Unico Bank,MO,Desloge,291
254900UEITST3NEK8Y27,"FNB BANK, INC",WV,ROMNEY,130
254900UFC85SQD8XYU52,First Federal Bank & Trust,WY,Sheridan,870
254900UHFHT3IWKY8K19,DIRECTIONS CREDIT UNION,OH,TOLEDO,1014
254900UL88QFG0E40516,Figure Lending LLC.,NC,Charlotte,37919
254900UQIE22KBNLG837,River City Federal Credit Union,TX,San Antonio,87
254900URXOKFMBYQ0V69,SIERRA CENTRAL CREDIT UNION,CA,YUBA CITY,753
254900V16AQ21JMLXX78,THE FIRST STATE BANK,OK,OKLAHOMA CITY,314
254900V6GCDMRQZ34D96,LUXURY MORTGAGE CORP.,CT,STAMFORD,4594
254900V7NEE9M236MZ98,THE BANK OF MARION,VA,MARION,561
254900V7ZAKK6Z6SQ303,Polish-Am Federal Credit Union,MI,Troy,101
254900V9842QPBGIO804,Honor Credit Union,MI,Berrien Springs,3951
254900VA7WQ1PZGYI558,Morris Bank,GA,Dublin,733
254900VECGAWC5CPU773,Tyndall Federal Credit Union,FL,Panama City,2164
254900VELJPWWT51WN03,GENERAL MORTGAGE CAPITAL CORPORATION,CA,BURLINGAME,9241
254900VFBH9LZYIPIG73,AgChoice Farm Credit ACA,PA,Mechanicsburg,314
254900VFRQR5ZLXRQ298,OCEAN FINANCIAL FCU,NY,OCEANSIDE,80
254900VHR12KN8C3F913,THE COMMERCIAL & SAVINGS BANK,OH,MILLERSBURG,586
254900VHUBSJJKOMBF27,"Golden Empire Mortgage, Inc.",CA,Bakersfield,14102
254900VKT2R0R20CR104,FIRST FARMERS AND MERCHANTS BANK,TN,Columbia,325
254900VLNEK78XKF3M52,Fox Valley Savings Bank,WI,Fond du Lac,727
254900VNHREN5BIMTO39,Green Mountain Credit Union,VT,Barre,217
254900VOHINLR793U293,HIGHPOINT COMMUNITY BANK,MI,HASTINGS,237
254900VUE5T1INQKZ414,Coastline Federal Credit Union,FL,Jacksonville,129
254900VVCX7PR9KDCK83,Casco Federal Credit Union,ME,Gorham,64
254900VX7NAZSPBPUE16,"CONSTANT INVESTMENTS, INC.",CA,LA MIRADA,862
254900VXGQ0PJJBNKA66,BANK OF LAFAYETTE,GA,LAFAYETTE,163
254900VXX8ZL7L9EX282,PHILADELPHIA MORTGAGE ADVISORS INC,PA,Plymouth Meeting,1555
254900VYWY829DG3Z473,MEMBERS PLUS CREDIT UNION,MA,MEDFORD,129
254900VZM7V5ZDUJAQ32,Mon Valley Community Federal Credit Union,PA,Allenport,103
254900W1NULDJH9MMK81,CDC FEDERAL CREDIT UNION,GA,ATLANTA,183
254900W4EKVR6GZ0KS84,Northwest Community Bank,CT,Canton,626
254900W5FH4XO4DKJB28,Harford Bank,MD,Aberdeen,112
254900W66Q12I4MV8X83,OMNI Community Credit Union,MI,Battle Creek,896
254900W6YNVUG39YQI51,South Georgia Bank,GA,Glennville,117
254900WAN5TOEYBJJR25,United Heritage Credit Union,TX,Austin,124
254900WAOJC0EM7P8C35,MY CREDIT UNION,MN,BLOOMINGTON,205
254900WBAI0VC58ALC63,Sierra Lending Group,TX,Houston,105
254900WBNJ2MGXXXDY75,PATHFINDER BANK,NY,OSWEGO,502
254900WEP08K7U7S3A80,NATIONS LENDING CORPORATION,OH,INDEPENDENCE,26509
254900WEQ8ITQNQ9AQ74,Total Quality Financial,CA,Irvine,294
254900WJGWD3H4OFK051,THE PEOPLE'S FEDERAL CREDIT UNION,TX,AMARILLO,52
254900WNJM89PTUDS223,Nebraska Bank of Commerce,NE,Lincoln,91
254900WQ6O9JA8WI5W89,DORT FINANCIAL CREDIT UNION,MI,GRAND BLANC,1010
254900WQBZOLXT53K570,PEOPLES BANK,IA,ROCK VALLEY,204
254900WQCRCK13A7DC81,Fortera Credit Union,TN,CLARKSVILLE,900
254900WRP19TBSQG0Z89,Midwest Bank,MN,Detroit Lakes,416
254900WRTMJD6GMNS670,Contract Exchange Corporation,IA,Cedar Rapids,85
254900WTWK93MSDEBV13,Dearborn Federal Savings Bank,MI,Dearborn,241
254900WTZC5SSKIN2M11,FIRST NATIONAL BANK OF AMERICA,MI,EAST LANSING,5930
254900WZ3RTY75P7HO83,Eagle Community Credit Union,CA,Foothill Ranch,1409
254900X5QCTPBYKG4S42,Northern State Bank,WI,Ashland,181
254900X5VVSXLQGRTJ55,COMMUNITY BANK MANKATO,MN,VERNON CENTER,346
254900X6OAHFW6BUT219,WESTCONSIN CREDIT UNION,WI,MENOMONIE,3662
254900XA8J7Y4KR7AI02,Cattle Bank & Trust,NE,Seward,201
254900XASC5S67PMPM58,"Citizens Bank & Trust, Inc.",GA,Trenton,180
254900XIGAR8HM0KJZ26,FALL RIVER MUNICIPAL CREDIT UN,MA,FALL RIVER,374
254900XIJWVBUNAUBG18,Rock Valley Credit Union,IL,Loves Park,247
254900XJCLA0W3K4J455,Grove City Area Federal Credit Union,PA,Grove City,235
254900XJUBW1WCO2J645,"Classic Bank, National Association",TX,Cameron,194
254900XLI9RP3F9A2J72,Valley Communities Credit Union,WI,Mosinee,370
254900XM56YJW3X8VP97,First Federal Savings and Loan Association of San Rafael,CA,San Rafael,35
254900XN7UWEWK13RO81,PREMIUM MORTGAGE CORPORATION,NY,ROCHESTER,8077
254900XNCZ58J8OHZO17,FREEDOM UNITED FCU,PA,ROCHESTER,45
254900XPILOY1LB5CK32,HAMILTON MORTGAGE CORPORATION,AL,BIRMINGHAM,1261
254900XRQ4U9ABU6F580,D. L. EVANS BANK,ID,BURLEY,1992
254900XRXNP494I3AE51,Midwest Bank,NE,Norfolk,228
254900XS6ZEOAD9Q6N72,We Florida Financial,FL,Margate,461
254900XSTAR7AIPG0A39,Community Bank of Louisiana,LA,Mansfield,184
254900XX2FPZR1Y4FO11,Community Savings Bank,IL,Chicago,179
254900XY9IETIM2DL872,Pennian Bank,PA,Mifflintown,275
254900XZCT60J2G3HK85,Blue Federal Credit Union,WY,Cheyenne,1197
254900Y0J7L9XMNKTX90,CREDIT UNION OF DENVER,CO,LAKEWOOD,1434
254900Y3CWQSLFVW8D53,BORDER BANK,ND,FARGO,606
254900Y4P4X4Y1L26R43,Municipal Employees Credit Union,OK,Oklahoma  City,125
254900Y4QCRHFQOGEU34,UKRAINIAN SELFRELIANCE FEDERAL CREDIT UNION,PA,FEASTERVILLE,459
254900Y6EUNN0KGMJW67,"RCN Capital, LLC",CT,South Windsor,1296
254900YA1AQXNM8QVZ06,"WALKER & DUNLOP, LLC",MD,BETHESDA,1307
254900YAD0R5TBY92Y41,The Northwestern Bank,WI,Chippewa Falls,361
254900YB9XQDO5W4KU33,RADIANT CREDIT UNION,FL,GAINESVILLE,798
254900YE6JQ826RUVB14,REGIONAL fcu,IN,Hammond,108
254900YEG6LSF1BFA422,WINTER HILL BANK,MA,SOMERVILLE,275
254900YFG40I5QM6EX80,Roxboro Savings Bank,NC,Roxboro,167
254900YJOY30UROEAG69,First National Bank of Huntsville,TX,Huntsville,232
254900YJPIZ3RCMEM452,CHESAPEAKE BANK,VA,KILMARNOCK,608
254900YJQZQTI7TUKN67,Trinity Oaks Mortgage,TX,Red Oak,1902
254900YK0G0T2WULHK84,MIDWEST BANK,IL,MONMOUTH,349
254900YLQBQNWLGKOI74,Industrial and Commercial Bank of China (USA) NA,NY,New York,310
254900YN8ERRLHZ0YF62,Riverset Credit Union,PA,Wexford,17
254900YOL8EJ9NBHIE43,Town & Country Bank,MO,Pevely,639
254900YPMNKIA6O0HC78,Heritgage Federal Credit Union,IN,Newburgh,1294
254900YSYHBYDFRVT153,PATHWAYS FINANCIAL CREDIT UNION,OH,COLUMBUS,607
254900YTMXVNCWHCVS50,THE FIRST NATIONAL BANK OF BAS,TX,BASTROP,370
254900YV0O58MHFPZV28,Generations Bank,NY,Seneca Falls,249
254900YVNHCJ44QMIS36,C-B-W Schools Federal Credit Union,PA,Sidman,68
254900YY36UO9MBPH808,DIAMOND BANK,AR,GLENWOOD,417
254900YY8IQK41QDLZ95,Advantage Federal Credit Union,NY,ROCHESTER,448
254900Z5MXY02EYXAM91,North Alabama Educators Credit Union,AL,Huntsville,26
254900Z5QRSHW4Y8CR51,Credit Union of Texas,TX,DALLAS,2607
254900Z8I9USTJ1JA072,Magnolia State Bank,GA,Eastman,85
254900Z8J5L9POS71X51,OREGON STATE CREDIT UNION,OR,CORVALLIS,489
254900Z9CBWZF8ECUS45,Collins State Bank,WI,Random Lake,470
254900ZAMAXWLAJ7AA55,"212 Loans of California, LLC",CA,San Diego,16
254900ZBZ4M7TCGJWL09,FL Dept. of Transportation Credit Union,FL,Tallahassee,15
254900ZCC2M5LEMAEK61,Farmers state Bank of Munith,MI,Munith,212
254900ZCGCHCFNE8KY02,Northern Colorado Credit Union,CO,Greeley,111
254900ZEFON2JE2HO751,WANIGAS CREDIT UNION,MI,SAGINAW,584
254900ZELVKWROFNEC29,Ardent Federal Credit Union,PA,Philadelphia,510
254900ZF5TG4BM7Y8P59,Wisconsin River Bank,WI,Sauk City,123
254900ZFWS2106HWPH46,PARAMOUNT RESIDENTIAL MORTGAGE,CA,CORONA,73301
254900ZHQ3HT9DN8GB42,EGLIN FEDERAL CREDIT UNION,FL,FORT WALTON BEACH,462
254900ZKF687G440AJ92,America's Mortgage Resource,LA,Metairie,474
254900ZKVJDEYHV22276,OnPath Federal Credit Union,LA,Harahan,274
254900ZOIZTP7ZF6AH17,"Resource Bank, N.A.",IL,DeKalb,196
254900ZP8FK47JENCV60,Alliance Bank,TX,Sulphur Springs,740
254900ZPR9P3OI95VG04,Continental Mortgage Bankers I,NY,Westbury,736
254900ZPTT694OV6U433,FIRSTMARK CREDIT UNION,TX,SAN ANTONIO,975
254900ZS27YP5BQKD225,Lake Huron Credit Union,MI,Saginaw,268
254900ZT04J7Z9KHMJ73,Washington Savings Bank,MA,LOWELL,254
254900ZUMZZ6CZKH7X17,WEPCO Federal Credit Union,MD,Bloomington,133
254900ZW2DR74NU0ZY74,"TEXAS MORTGAGE LENDING, LLC",TX,DALLAS,3082
254900ZWDLZRZ1IY7113,GUARDIAN BANK,GA,VALDOSTA,183
254900ZX1UPIG2E7TH11,"ASSURANCE FINANCIAL GROUP, L.L.C.",LA,BATON ROUGE,10226
254900ZZPN19KA3GL698,DMD Financial Corporation,TX,Dallas,16
2WHM8VNJH63UN14OL754,Huntington National Bank,OH,COLUMBUS,144028
337KMNHEWWWR6B7Q7W10,MidFirst Bank,OK,Oklahoma City,47835
38CFVD4YYFWD1FV7IM34,NICOLET NATIONAL BANK,WI,GREEN BAY,5353
38PG5GG0OEQK4QMSKE59,TEXAS CAPITAL BANK,TX,RICHARDSON,7142
3T5M8FX6V6B82KVKOB17,Interaudi Bank,NY,New York,79
3XATK28RYORGPDF31217,"CADENCE BANK, N.A.",GA,Atlanta,3088
3Y4U8VZURTYWI1W2K376,BMO Harris Bank N.A.,IL,Chicago,29518
4EP6JBYBTPTQ47LZOB67,"BNY MELLON, N.A.",MA,BOSTON,1947
4LJGQ9KJ9S0CP4B1FY29,Stock Yards Bank and Trust Co,KY,Louisville,3239
54930000REMJYLBAS614,The First National Bank in Carlyle,IL,Carlyle,44
54930001GYIWKBD35H65,CALHOUN COUNTY BANKS INC,WV,GRANTSVILLE,250
54930001LYHHRVGJ6B97,CORNERSTONE NATIONAL BANK & TRUST COMPANY,IL,PALATINE,611
54930001NSTOD85LT125,"GUARANTEED RATE AFFINITY, LLC",IL,CHICAGO,56286
549300029HOKG1DFPD77,SkyPoint FCU,MD,Germantown,27
54930002M4XN64FM7Z89,Torrington Savings Bank,CT,Torrington,687
54930002O9LLXKR6TF11,BAY-VALLEY MORTGAGE GROUP,CA,HAYWARD,8804
54930002ZF7XTZGVKY26,Pioneer Bank,MN,Mankato,135
5493000321W4GKLZ1Y10,Mobility Credit Union,TX,Irving,249
549300032FNX4IOT2T93,Petefish Skiles & Co. Bank,IL,Virginia,1080
549300038578ZJ284Y20,"Silver Hill Funding, LLC",FL,Coral Gables,1646
549300043MOZCJ4RK371,Seaboard Federal Credit Union,ME,Bucksport,134
54930004MLYQ2HKUPN66,"TRISTAR FINANCE, INC",WA,KIRKLAND,838
54930004SDYVHYN4M716,COASTAL CAROLINA NATIONAL BANK,SC,MYRTLE BEACH,781
54930004Z0FN1LYUET14,Owen County State Bank,IN,Spencer,523
54930005S5CFTGC2VR75,Michigan United Credit Union,MI,Shelby Township,68
54930007EJ1IS7U47Q27,UNIVERSAL FEDERAL CREDIT UNION,WV,HUNTINGTON,26
54930007KK7ZS3IJVC25,RED CANOE CREDIT UNION,WA,LONGVIEW,1108
54930008MKP7T81OVK54,"Fair Way Lending, LLC",KY,Louisville,820
549300095ABBENNWE160,BANKTENNESSEE,TN,COLLIERVILLE,137
54930009DUZUXUZIDL84,THE FARMERS & MERCHANTS BANK,AR,STUTTGART,759
54930009LUIVFTPRGT26,"Jayco Premium Finance of California, Inc.",CA,Costa Mesa,223
54930009M8OIJWECQX81,"Shore United Bank, N.A.",MD,Easton,573
5493000B61DDZ2PG1515,"TBK BANK, SSB",TX,DALLAS,344
5493000BAKE4VAHVCU55,SALAL CREDIT UNION,WA,SEATTLE,643
5493000BIR9N6Y5KFV24,"CNB Bank & Trust, NA",IL,Carlinville,1049
5493000BR75YQF0VQC27,HOMESTAR FINANCIAL CORPORATION,GA,GAINESVILLE,21312
5493000D6RXLNBZQYA47,COLUMBIA CREDIT UNION,WA,VANCOUVER,3218
5493000D7DINI9PZN749,SCOTT CREDIT UNION,IL,EDWARDSVILLE,1522
5493000DE489KJV5XK24,Raystar Mortgage Group Inc,OK,Tulsa,7
5493000DYWSEQXSQ3736,Cooperativa de AC  Las Piedras,PR,Las Piedras,79
5493000E527OH5Y8TR73,BayPort Credit Union,VA,Newport News,1555
5493000EAQ6YVQD0ZB49,WESTERN BANK,TX,LUBBOCK,102
5493000EO85W8IS2FR22,LOGIX FEDERAL CREDIT UNION,CA,Valencia,10141
5493000F6NFDOVVZP043,"FIRST STATE MORTGAGE SERVICES, LLC",IL,BLOOMINGTON,3937
5493000FE7FNF0BV8N77,North Side Bank and Trust Company,OH,Cincinnati,257
5493000FRWKMPAALEY22,KOHLER CREDIT UNION,WI,SHEBOYGAN,934
5493000FSTFO9AWR2J40,ROCKLAND FEDERAL CREDIT UNION,MA,ROCKLAND,2351
5493000FWM3I2HHQY149,WSECU,WA,OLYMPIA,6360
5493000GDQJIBPCUBG13,Eagle Bank,MA,Everett,227
5493000GJZZTT2UPGG82,Aventa Credit Union,CO,Colorado Springs,140
5493000GQ5D5YW5QID32,"MORTGAGE AMERICA, INC.",PA,Whitehall,4830
5493000GQWJTTR0TEH83,CHELSEA GROTON BANK,CT,GROTON,1083
5493000H6DFDDJRORG89,"Ladera Lending, Inc.",CA,Ladera Ranch,15883
5493000H6FXB15JQW781,Communities of Abilene Federal Credit Union,TX,Abilene,29
5493000HR6P25A740Y77,Armstrong County Building and Loan Association,PA,Ford City,80
5493000I54FJ7EG6WZ24,Exchange Bank,GA,Milledgeville,392
5493000IIYWBLONJVJ30,RoundPoint Mortgage Servicing Corporation,SC,Fort Mill,7617
5493000IRWB5WYTD2P48,"Americas Mortgage Professionals, LLC",FL,Fort Lauderdale,134
5493000JBDASEOSXCI67,Holy Rosary Regional Credit Union,NH,Rochester,221
5493000JCZ0GMM2WOD15,WoodTrust Bank,WI,Wisconsin Rapids,276
5493000JFVFQFL816N45,Encore Bank,AR,Little Rock,1861
5493000JHK8ZOZKD8J96,"Beverly-Hanks Mortgage Services, Inc",NC,Asheville,149
5493000JZXUB8NOEMF64,TOWN AND COUNTRY CREDIT UNION,ND,MINOT,1427
5493000KJ6VEEFTSNI20,Bank of Pontiac,IL,Pontiac,621
5493000KQ2PZ8G6VNI80,UNIVERSITY FIRST FCU,UT,SALT LAKE CITY,3235
5493000KTY8YQ4SFHT59,CoastHills Credit Union,CA,Santa Maria,500
5493000L4JCTDWD6WT73,Cooperativa de A\C Manati,PR,Manati,40
5493000LJB0L73TDJT41,First National Bank of North Arkansas,AR,Berryville,195
5493000LMWUP8XI9UY21,United Credit Union,MO,Mexico,399
5493000M096YV1VLKD70,Washington Financial Bank,PA,Washington,644
5493000NYUJT9UC6G261,LEADERONE FINANCIAL CORP.,KS,OVERLAND PARK,25982
5493000NZZZU3GFIYL71,Needham Bank,MA,Needham,808
5493000OIGWIS24A1547,UNIVERSAL LENDING CORPORATION,CO,DENVER,6951
5493000OM9RKJW8W5K82,ALAMEDA MORTGAGE CORPORATION,CA,WALNUT CREEK,6875
5493000OOREHUZON5E13,Spokane Firefighters Credit Un,WA,Spokane,123
5493000PT0SXF8FBR107,CONNECTIONS CREDIT UNION,ID,POCATELLO,266
5493000QUE28T1SH6H86,Heritage Bank & Trust,TN,Columbia,135
5493000QYMPN362T6V61,"SHELTER LENDING SERVICES, L.L.C.",SC,GREENVILLE,488
5493000RV6UQ52SVTV40,LBS FINANCIAL CREDIT UNION,CA,WESTMINSTER,367
5493000SW5GLNL7VNX12,State Financial Network LLC,PA,Chadds Ford,1164
5493000TY1MM1LLTM666,LIBERTY BANK FOR SAVINGS,IL,CHICAGO,830
5493000UZ37PYF2QMT96,Point Breeze Credit Union,MD,Hunt Valley,482
5493000V0CXKSOK29E51,American Bank,PA,Allentown,213
5493000V86JDJLM0OV13,"CSL Financial, LLC",AL,Mountain Brook,1224
5493000W4QLNZXGPAF40,"BEACH MORTGAGE, INC.",FL,FORT WALTON BEACH,476
5493000WAJ1FMTFL5D75,HomePromise Corporation,PA,Greencastle,623
5493000XC2Y1SLXRQP11,Omega Mortgage Group,CA,Redding,834
5493000XJFWT2H46HI07,Southern Bank and Trust Company,NC,Mount Olive,3040
5493000XMEVMIQFXVW32,Commonfund Mortgage Corp,NY,Syracuse,438
5493000XYE7QL54NMB52,UNITED COMMUNITY BANK,IL,GILLESPIE,3067
5493000YNV8IX4VD3X12,"VANDERBILT MORTGAGE AND FINANCE, INC",TN,MARYVILLE,128354
5493000ZB0IHPJ66BJ32,LUTHER BURBANK SAVINGS,CA,IRVINE,2173
549300110N83KRID7Q56,Longview Bank & Trust,IL,Marshall,351
5493001141Z7CINOSB62,"LoanFlight Lending, LLC.",FL,Tampa,3402
54930011U6TQ5MJCDV15,ESB Financial,KS,Emporia,243
549300121SF0K2LN2804,PRIMELENDING,TX,DALLAS,103258
54930012OSP7Z8V2FB74,Home Solution Lenders Inc,FL,Bartow,1387
54930013LUOQHFFSBB26,Legacy Mortgage LLC,NM,Albuquerque,2777
54930013MXTMNAENKY84,Energy One Federal Credit Union,OK,Tulsa,74
54930013SG5BXUL3G429,FIRST WESTERN BANK,AR,ROGERS,194
54930015645SYPOM7220,ISERVE RESIDENTIAL LENDING,CA,SAN DIEGO,2685
549300157R33LDICP344,"HOWARD HANNA FINANCIAL SERVICES, INC",PA,PITTSBURGH,6039
54930015EUQKUCIRBQ14,Metro Credit Union Mortgage,NE,Omaha,545
54930015NKWX0FSGV150,JEWETT CITY SAVINGS BANK,CT,JEWETT CITY,392
549300167EZ5P8B06R34,SUNBELT FEDERAL CREDIT UNION,MS,Hattiesburg,75
54930016ZSB1QWXLRJ13,"MY MOVE MORTGAGE, LLC",UT,SANDY,3053
549300179EG8J5FHBS95,Commercial Bank & Trust of PA,PA,Latrobe,226
54930017CJWOENP0BZ82,SUNMARK CREDIT UNION,NY,LATHAM,2215
54930017IQ4KPG7QW263,First Federal Savings and Loan Association of Pascagoula - Moss Point,MS,Pascagoula,422
54930018CRFUH37BKR13,Farmers & Merchants Bank,NC,Granite Quarry,203
54930019RBT2SM6CQS78,Starion Bank,ND,Mandan,751
5493001A8DPRB21YBS87,Parsons Federal Credit Union,CA,Pasadena,331
5493001AGQGPJ3N3YL33,Founders Federal Credit Union,SC,Lancaster,5326
5493001B4TX233UP4J06,Rhode Island Credit Union,RI,Providence,727
5493001B4U37VT2ML818,GESA CREDIT UNION,WA,RICHLAND,4053
5493001BHN5KL2O67M10,United Financial Credit Union,MI,Saginaw,318
5493001BJFQ0EM41N379,Waterbury CT Teachers Federal Credit Union,CT,Waterbury,285
5493001BNJ1T5ZW02635,BANK OF BLUE VALLEY,KS,OVERLAND PARK,195
5493001C1MX62NVN0U50,VELOCITY CREDIT UNION,TX,AUSTIN,309
5493001CM06UK2XY3I18,FRANKLIN MINT FEDERAL CREDIT UNION,PA,CHADDS FORD,1038
5493001D5DXR1S70P689,River Valley Credit Union,OH,Miamisburg,239
5493001DKNDZW3UIWI38,Cornerstone State Bank,MN,Montgomery,224
5493001E3OD1D4Y8KX63,"First Heritage Financial, LLC",PA,Trevose,1024
5493001EXVWX6Q13MY44,Bank of Bartlett,TN,Bartlett,295
5493001EYKX1T5YCJ737,RED RIVER FEDERAL CREDIT UNION,OK,ALTUS,61
5493001F1MFNT7Y4FU47,Holyoke Credit Union,MA,Holyoke,493
5493001F41HG4FRUKK25,RelyOn Credit Union,TX,Dallas,4
5493001F7QT2YW3K8D98,DSLD Mortgage LLC,LA,Baton Rouge,3923
5493001FKX0BM8GN6P73,Woori America Bank,NY,New York,300
5493001FMENBK31GGQ69,SCE FEDERAL CREDIT UNION,CA,IRWINDALE,128
5493001FXF3J5C0QWQ87,REVERSE MORTGAGE FUNDING LLC,NJ,BLOOMFIELD,11423
5493001GAASLCSP1PB64,"NATIONAL COOPERATIVE BANK, N.A.",OH,HILLSBORO,1563
5493001GDRY0EL7VG372,Ark-La-Tex Financial Services LLC,TX,Plano,32649
5493001HBUA9JSUEWO16,FIRST COMMUNITY BANK,SC,LEXINGTON,881
5493001HBW8F635CC420,Foxboro Federal Savings,MA,FOXBORO,211
5493001HHBUTXHS7TZ96,HomeAmerican Mortgage Corporation,CO,Denver,10150
5493001HYUPH0X6FT603,Farmers and Miners Bank,VA,Pennington Gap,121
5493001I7Z53NDBE4X59,ALTITUDE FINANCIAL CORPORATION,AZ,TUCSON,3774
5493001I9VOT1BTB5V75,BlueOx Credit Union,MI,Battle Creek,258
5493001IKIPQ6O5UGV92,"FINANCE OF AMERICA COMMERCIAL,",NC,CHARLOTT,9494
5493001IWK74A5N1RE93,DRAGAS MORTGAGE COMPANY,VA,VIRGINIA BEACH,173
5493001IZBTDOCW8MX74,FARMERS AND MERCHANTS BANK OF ST. CLAIR,MO,SAINT CLAIR,250
5493001J5Z6NXCZKQR68,Skyward Credit UNion,KS,Wichita,387
5493001JAQD8VVV8SM40,DIRIGO FEDERAL CREDIT UNION,ME,LEWISTON,530
5493001JT9MT3Z3Y3M39,"RBC Bank (Georgia), N.A.",NC,Raleigh,2249
5493001K6UOKMZBPMI34,Credit Union 1,AK,Anchorage,519
5493001K7B4W8IPMZ254,FIRST STANDARD FINANCIAL DBA NEXCAP HOME LOANS,CA,LOS ANGELES,797
5493001LCNCF6Z3ZQ632,Five County Credit Union,ME,Bath,151
5493001LCP9RF6ADEZ78,First National Bank and Trust Company of Weatherford,TX,Weatherford,177
5493001LHLYJE6PHUL18,UWHARRIE BANK,NC,ALBEMARLE,1602
5493001LOTO6OW0LKT63,MAINSTREET COMMUNITY  BANK OF FLORIDA,FL,DELAND,459
5493001M37Q8TJKTP708,Home Federal Bank of Tennessee,TN,Knoxville,1426
5493001MUHR5XU30WE58,FIRST FEDERAL S&L OF NEWARK,OH,NEWARK,804
5493001MZ7BCQZ336S33,"Atlantic Home Loans, Inc.",NJ,Parsippany,5014
5493001NJEVHTZW7FG34,SCHOOLSFIRST FCU,CA,TUSTIN,17798
5493001ONS27RG5HKB81,"SouthernTrust Bank - Marion, IL",IL,Marion,118
5493001P38O8QXGI6503,Sea West Coast Gurad FCU,CA,Oakland,303
5493001P6QB5ISAUNV97,Georgia Banking Company,GA,Atlanta,959
5493001PN8XJZD64S690,"American Home Lending USA, LLC",IL,Edwardsville,358
5493001PXRJMPLXPG540,Idaho Central Credit Union,ID,Chubbuck,28099
5493001QMUDK2ML5S840,Neighbors Federal Credit Union,LA,Baton Rouge,152
5493001QR7MEE12WC276,Bayport Funding LLC,NY,Great Neck,268
5493001QVY14BXG42N39,INSTITUTION FOR SAVINGS,MA,NEWBURYPORT,1866
5493001R92DY5DI1DI85,Draper and Kramer Mortgage Corp.,IL,Downers Grove,29925
5493001SBOA8GKVW1N27,AAXY LLC,TX,Austin,1453
5493001SDQVS1NWYH012,"Premier Lending, Inc.",NC,Charlotte,2087
5493001SP13TNR6TUJ97,Western Commerce Bank,NM,Carlsbad,119
5493001SSNVCONGBH947,FIRST NATIONAL BANK AND TRUST,WI,BELOIT,1363
5493001SXWZ4OFP8Z903,DHI Mortgage Company Limited,TX,Austin,83519
5493001TX1L6BVUQ0J60,Bank of Odessa,MO,Odessa,317
5493001U0HWKEN6OLT59,Crestline Funding Corporation,CA,Irvine,271
5493001UU04U3T40J822,Commerce State Bank,WI,West Bend,605
5493001UYBOONMFYPR30,LEGACY HOME LOAN LLC,TN,BRENTWOOD,1641
5493001VH4ZJNSI25781,PEOPLES BANK,WA,BELLINGHAM,2658
5493001VM8PTR1KD2A32,MEMBER ONE FEDERAL CREDIT UNION,VA,ROANOKE,1388
5493001VQ02LHMFEXJ21,MID-HUDSON VALLEY FEDERAL C.U.,NY,KINGSTON,786
5493001VQLW8QLFMIH76,Deepwater Industries Federal Credit Union,NJ,Deepwater,57
5493001W9K6LDV5X2H07,SC State Credit Union,SC,Columbia,1361
5493001WHVQBGRSWEU75,"HomeBridge Financial Services, Inc.",NJ,Iselin,80664
5493001WL16YUSR2TI47,Cross Keys Bank,LA,Monroe,711
5493001WRXQTCKCA6205,REDWOOD CREDIT UNION,CA,SANTA ROSA,5815
5493001X0T84TYRJ5Y59,"Vista Point Mortgage, LLC",CA,Irvine,919
5493001XKL0FTNOJ0866,Geneva Financial LLC,AZ,Chandler,14436
5493001XNU40KOITE062,Greater Pittsburgh Police FCU,PA,Pittsburgh,41
5493001XP7X9J8PCH525,Southern States Bank,AL,Anniston,221
5493001XRDEGNB7US825,VIBE CREDIT UNION,MI,NOVI,1210
5493001XZBZCQEIYKY53,Center Street Lending Fund VIII SPE LLC,CA,Irvine,1401
5493001YBS0V28ZNVE97,American Nation Bank,OK,Ardmore,159
5493001YIUWLFRXQUO81,Summit Mortgage Corporation,MN,Plymouth,7803
5493001YLK9E8PF87B85,Vibrant Credit Union,IL,MOLINE,1163
5493001YS08XHF42M037,Pioneer Valley Federal Credit Union,MA,Springfield,183
5493001YU4TTE8QEL245,Garden Plain State Bank,KS,Wichita,199
5493001ZUNE2DKEA4702,Addition Financial Credit Union,FL,Lake Mary,2805
5493001ZYMBN3CK8LJ82,STURGIS BANK & TRUST,MI,STURGIS,90
549300200TL6RMY5ZN25,Bank of Brodhead,WI,Brodhead,184
54930020NKD4V7LL4W50,evolve Federal Credit Union,TX,El Paso,96
54930020VWE4K0ME5605,MONTICELLO BANKING COMPANY,KY,MONTICELLO,574
54930020YFOV56MQ7B70,KINETIC FEDERAL CREDIT UNION,GA,COLUMBUS,116
54930020YWIK7HGH2R34,"SFMC, LP",TX,MCKINNEY,7999
549300214PKB2Y1ZWH75,Mid America Bank,KS,Baldwin City,1000
549300217ZPIHWEYT887,MassMutual Federal Credit Unio,MA,Springfield,163
54930021DZJ9CEN11D61,TJC MORTGAGE INC,AL,BIRMINGHAM,10687
54930021FWO6J6IYPZ85,Marthas Vineyard Bank,MA,West Tisbury,547
54930021QRU8VXNS6152,SOUND CREDIT UNION,WA,TACOMA,3058
54930021WPEXNHYZUL09,"Planet Home Lending, LLC",CT,Meriden,101716
54930022I573MYIIOM33,SOUTHERN BANK OF TENNESSEE,TN,MT JULIET,441
54930023C70YMJJDRL61,SAVINGS BANK OF DANBURY,CT,Danbury,806
54930023DLYUOD6GKQ42,HAWTHORN BANK,MO,JEFFERSON CITY,1593
54930023OB56DYOL3G92,Citizens Bank of Amsterdam,MO,Cleveland,126
549300248R1MFWPWXA09,State Employees Credit Union,NM,Santa Fe,720
549300249G20MDIDRR27,SOUTHWEST STAGE FUNDING LLC,AZ,CHANDLER,9371
54930024L8BYJXUEP897,Home Mortgage Bankers,PR,Carolina,361
54930024QEEW6YDTWZ98,REV FEDERAL CREDIT UNION,SC,SUMMERVILLE,724
549300256FCWXUM5FR50,Pioneer Savings Bank,NY,Albany,497
5493002578XYSRFY2C51,MountainOne Bank,MA,North Adams,347
54930025XJJO3T0M1A92,GEORGIA'S OWN CREDIT UNION,GA,100 PEACHTREE ST. NW 2800,6557
549300278QYT0O65D265,COLORADO CREDIT UNION,CO,LITTLETON,1688
54930027CDXLJ58XBO36,ILLINOIS BANK & TRUST,IL,ROCKFORD,263
54930027GUR70U427Y19,CAMPUS FEDERAL CREDIT UNION,LA,BATON ROUGE,440
54930027H7CJF9GCDZ36,FORT FINANCIAL CREDIT UNION,IN,FORT WAYNE,771
54930028J11BWKUVGX50,HARBORSTONE CREDIT UNION,WA,TACOMA,355
54930029L79O0A2ZXF27,LAUNCH CREDIT UNION,FL,MERRITT ISLAND,1435
5493002AZUZUDBY8ZU75,Taunton Federal Credit Union,MA,Taunton,215
5493002B2O407LCTBX72,Coulee Bank,WI,La Crosse,611
5493002B2WMHY23GFK92,American Financial Resources Inc.,NJ,PARSIPPANY,12147
5493002B3KWBDNOTY262,Pendleton Community Bank,WV,Franklin,262
5493002BECVKN2TJ6H05,TrailWest Bank,MT,Lolo,359
5493002BHZ2N82ENVH10,"Lend Smart Mortgage, LLC",MN,Shoreview,4141
5493002BRQ8SVQPCV108,PIEDMONT ADVANTAGE CREDIT UNIO,NC,WINSTON SALEM,110
5493002C1SVHOFTWF108,AMERICU CREDIT UNION,NY,ROME,2850
5493002DRIX59V47NM65,LOS ANGELES POLICE FCU,CA,VAN NUYS,1019
5493002EOK9UP4QZ5N22,LibertyOne Credit Union,TX,Dallas,63
5493002F9OWLKRICTY67,STANDARD MORTGAGE CORPORATION,LA,NEW ORLEANS,3738
5493002FQ43Q3BNXZW27,Macon Bank and Trust Company,TN,Lafayette,135
5493002FSR6V2NM1K863,Citizens Bank,WI,Mukwonago,839
5493002G1DPDOKT55X37,DESCO FEDERAL CREDIT UNION,OH,PORTSMOUTH,942
5493002G4JO4BZ22MC13,"Ivy Mortgage, Inc.",MD,Fulton,1580
5493002GI63WHHUTUD85,Keystone Funding Inc,DE,Dover,3199
5493002GOGIUXB84JB89,First National Bank of Waterloo,IL,Waterloo,703
5493002H3RKHKUQU7R78,"CWM Partners, LP dba Citywide Mortgage",OK,Oklahoma City,572
5493002HFXKKQDK8PH83,FRIENDLY FEDERAL CREDIT UNION,PA,ALIQUIPPA,57
5493002HI2PDK2BQF091,BANK OF THE FLINT HILLS,KS,WAMEGO,291
5493002HK8IUOTMHKS81,"Emigrant Mortgage Company, Inc",NY,New York,428
5493002HQBP2ODIIFH94,Clark County Credit Union,NV,Las Vegas,342
5493002HQPD3K5EOQP52,GRAND VALLEY BANK,CO,FRUITA,151
5493002IVUY1DY0ZCL83,Copper State Credit Union,AZ,Phoenix,666
5493002J7RM1JLAXN553,FIRST NATIONAL BANK,ME,DAMARISCOTTA,1484
5493002JA8HUVL2CRT33,Developer's Mortgage Company,OH,Columbus,1382
5493002JDOI3GTNVUD76,GERMAN AMERICAN BANK,IN,JASPER,5193
5493002JNEZK52NOPC21,Saratoga National Bank,NY,Glens Falls,641
5493002JV15GSVFKZW34,Intercity State Bank,WI,Schofield,353
5493002L7I6EYKW3NG91,BLACKHAWK BANK & TRUST,IL,MILAN,496
5493002LFCYKY0EGSQ80,Belmont Savings Bank,OH,Bellaire,292
5493002LPXKMOZNXUY90,First International Bank & Trust,ND,Minot,2807
5493002LW7G8E8SHWC88,SESLOC FEDERAL CREDIT UION,CA,SAN LUIS OBISPO,605
5493002MNKV62JMMPU16,HOMESTEAD SAVINGS BANK,MI,ALBION,195
5493002N5168AC238149,OceanFirst Bank N.A.,NJ,Toms River,3351
5493002N5OA6GM61AC70,INDEPENDENCE BANK OF KENTUCKY,KY,OWENSBORO,2555
5493002N80S5V3OY3S68,"GROUP MORTGAGE, LLC",TX,HOUSTON,1267
5493002N8SUFLD1HGF75,JTF Rose Inc.,CA,Orange,84
5493002OMAT2S3H4OF48,OSB COMMUNITY BANK,IL,OTTAWA,624
5493002ONSVZNJT6QU36,ESSEX BANK,WV,MORGANTOWN,563
5493002OVIWOKVJME308,"NEST HOME LENDING, LLC",TX,HOUSTON,1899
5493002P2P2WON3W9P39,Innovations Federal Credit Union,FL,Panama City Beach,257
5493002P6EVQ94HFYF14,FIRST HARVEST FEDERAL CU,NJ,DEPTFORD,595
5493002PHB6PE87OB729,"Tioga State Bank, N.A.",NY,Spencer,419
5493002POZ4RFS6X0Z30,"Dakota Community Bank & Trust, NA",ND,Hebron,814
5493002PPPIVY6G0AH03,Community Resource Federal Credit Union,NY,Latham,92
5493002PR22PLR6S8J02,The Fidelity Deposit and Discount Bank,PA,Dunmore,1574
5493002PU0KOD7M34E71,CITIZENS STATE BANK OF LOYAL,WI,LOYAL,175
5493002Q5MB21VG7B390,Republic Bank of Chicago,IL,"Oak Brook, Illinois",240
5493002QI2ILHHZH8D20,"KBHS HOME LOANS, LLC",IL,CHICAGO,14973
5493002QI5QUDX4RGW52,InRoads Federal Credit Union,OR,St Helens,330
5493002QP2ONO47G5R24,APCI Federal Credit Union,PA,LEHIGH VALLEY,338
5493002QRULT2T40BH09,COMMUNITYAMERICA CREDIT UNION,KS,LENEXA,11377
5493002R2CJ2LF78PR19,SENECA SAVINGS,NY,BALDWINSVILLE,188
5493002R8QX1FQSB8Z06,FIRST US COMMUNITY CREDIT UNION,CA,Sacramento,261
5493002RF1ERFA2XR050,RENASANT BANK,MS,TUPELO,27860
5493002RKLPCGAVLNC16,Farm Credit of the Virginias,VA,Staunton,374
5493002RL75O2Y62Z184,The Savings Bank,OH,Circleville,303
5493002RM1FZTGQ55U28,Priority Mortgage Corp.,OH,Worthington,2581
5493002T397LUNQ31179,SECURITY FINANCIAL BANK,WI,DURAND,433
5493002T7QJXHY7QTC73,1st Constitution Bank,NJ,Cranbury,901
5493002TJKC8NLH1ZP82,"MortgageOne, Inc",CA,Carlsbad,1046
5493002TUYGC7HBYME91,SimpliFi Mortgage LLC,NV,Las Vegas,106
5493002UNUIL8WHZAD63,"River City Bank, Inc.",KY,Louisville,525
5493002UTIS7AQUDFF80,"BEST FINANCE CAPITAL, INC.",CA,SANTA ANA,957
5493002VB77GOYB9O402,INVESTORS BANK,NJ,ISELIN,5549
5493002W52M3SYLFEX32,Greystone Funding Corporation,TN,Memphis,13
5493002W6KWD0REQ1T16,SUNMARK COMMUNITY BANK,GA,PERRY,224
5493002WXCO8XZD1EB38,New Carlisle Federal Savings Bank,OH,New Carlisle,504
5493002XCPKQYCZ56W55,Peoples Bank of Alabama,AL,Cullman,256
5493002XHCZ94X8YST31,Westbury Bank,WI,West Bend,726
5493002XYKZPDHNHJY97,First National Bank of Le Center,MN,Le Center,100
5493002XZSI0KH03JY56,The Bank of Landisburg,PA,Landisburg,383
5493002Y5XYV7DV1ZV88,"Gold Star Mortgage Financial Group, Corporation",MI,Ann Arbor,15161
5493002YXAOJOQPEGS38,"TRUHOME SOLUTIONS, LLC",KS,LENEXA,2671
5493002YYAGPQ7L1YS68,MIDDLETOWN VALLEY BANK,MD,MIDDLETOWN,164
5493002Z2Z7DV758IU60,BANK OF CLARKE COUNTY,VA,BERRYVILLE,514
5493002Z4GZF8C2F3T27,Star USA Federal Credit Union,WV,Charleston,315
54930030C6U0HERIQ090,COMMUNITY CREDIT UNION OF FLORIDA,FL,ROCKLEDGE,601
54930030PHXZTW8UCY89,The Stock Exchange Bank,KS,Caldwell,136
54930030S6J5KOL5LJ73,FAIRWINDS CREDIT UNION,FL,ORLANDO,5526
54930030UYPZM65LOF37,MidWest America Federal Credit Union,IN,Fort Wayne,966
54930030Z1JWTP3SVD16,"Top Flite Financial, Inc.",MI,Williamston,9148
549300311KRYLZVODK22,Coosa Pines Federal Credit Union,AL,Childersburg,143
549300316OO542V8C116,"Advanced Mortgage Solutions, LLC",CO,Westminster,1
54930031G7ALOZB0HI92,Beacon Federal Credit Union,TX,La Porte,75
54930031L785BSBDTE46,Bath State Bank,IN,Bath,222
54930032OCUOR526IR93,PEOPLES BANK,MS,MENDENHALL,746
549300333JQWIP8NLK67,MERITUS FEDERAL CREDIT UNION,LA,LAFAYETTE,123
549300337GB2P1WP7003,GRANDBRIDGE REAL ESTATE CAPITAL LLC,NC,WINSTON SALEM,232
54930034MNPILHP25H80,GATEWAY FIRST BANK,OK,JENKS,56780
54930034MXV88NNFY879,Norwood Cooperative Bank,MA,Norwood,387
54930035C68SRQ1RS395,First National Bank,IN,Cloverdale,227
54930035U7Q80J7HTS79,Campos Financial Corp,CA,Granada Hills,775
54930035WLX14VQW9V81,Premier Bank,NE,Omaha,91
54930035X20L4YB6HD91,Warren Boynton State Bank,IL,New Berlin,195
5493003617RJR4JUYT66,FIRST FEDERAL SAVINGS BANK,IL,OTTAWA,713
54930036K3ZFJ4FOKT69,VyStar Credit Union,FL,Jacksonville,15792
549300370QILXLFUWD20,"ZILLOW HOME LOANS, LLC",KS,OVERLAND PARK,27599
54930037K28BC4GVBU20,"Town Bank, NA",IL,Rosemont,156
54930038B7D8N5ZCSG62,"ATOMIC CREDIT UNION, INC",OH,PIKETON,442
54930038EHCQQEFKUW36,Sovita Credit Union,MI,Flint,103
54930038YN5XV3SDVZ83,BANKIOWA,IA,CEDAR RAPIDS,678
54930039IUN6515TBG78,US MORTGAGE CORPORATION,NY,Melville,5760
54930039OWZFM2IGRN69,Chambers Bank,AR,Danville,1027
54930039UO39UJGI7078,TowneBank,VA,Portsmouth,16606
5493003B1W77K6SD3U22,PRIME CHOICE FUNDING INC,CA,TUSTIN,6178
5493003B20KZ3DEZGB43,ROYAL BUSINESS BANK,CA,LOS ANGELES,1386
5493003B2LEGQHDWRN55,HANSCOM FEDERAL CREDIT UNION,MA,HANSCOM AFB,3962
5493003BXKRGHQHRJV38,ITHINK FINANCIAL CREDIT UNION,FL,DELRAY BEACH,1902
5493003CEZ9JGZYJ4J88,Bank Of Yazoo,MS,Yazoo City,160
5493003CWPNX7EZ46462,SPC Credit Union,SC,Hartsville,208
5493003DHZPFGQQJCU86,STURDY SAVINGS BANK,NJ,CAPE MAY COURT HOUSE,191
5493003DVQUF5HAI1O03,Corporate America Family CU,IL,Elgin,336
5493003EAJYUK1F8B139,FORTRESS BANK,IL,PEORIA,1400
5493003EW6T31TGECO83,First National Bank,AR,Paragould,711
5493003FTQTUEICOS793,HOMEFIELD CREDIT UNION,MA,NORTH GRAFTON,128
5493003GJY287GIWFH36,CME FEDERAL CREDIT UNION,OH,COLUMBUS,521
5493003GLHYTNOVI3291,PIONEER BANK SSB,TX,AUSTIN,289
5493003GO99ZQDTH5407,"BROOKHOLLOW MORTGAGE SERVICES, LTD",TX,HOUSTON,1474
5493003GQDUH26DNNH17,Navy Federal Credit Union,VA,Vienna,175240
5493003H8ECZKN77IZ88,WAUKESHA STATE BANK,WI,WAUKESHA,1951
5493003I223S7AP6XL58,SOUTH ATLANTIC BANK,SC,MYRTLE BEACH,900
5493003I8WZ248FUMI85,New England Regional Mortgage,NH,Salem,4
5493003IRCQIQ6T3QS04,First Midwest Bank of Dexter,MO,Poplar Bluff,351
5493003JBN8UEVOU8O42,JEFFERSON FINANCIAL FCU,LA,METAIRIE,334
5493003JGY7VFGEGT744,Southwest Bank,TX,Odessa,576
5493003K18C4JU5UJ328,First Financial Northwest Bank,WA,Renton,252
5493003K28DNSKKT2059,Grand Savings Bank,OK,Grove,238
5493003K5GJU8VB60Z66,Williamsville State Bank & Trust,IL,Williamsville,89
5493003KBJMVUE7RQO90,1ST ADVANTAGE FEDERAL CREDIT U,VA,YORKTOWN,138
5493003KK3OFPYXHCI44,LAFCU,MI,LANSING,505
5493003L2LYA333BZY52,Farmers Bank,AR,Greenwood,205
5493003LIT6MPMIF5W07,Cornerstone Bank,ND,Fargo,192
5493003MAUCY3WMZY776,Cincinnati Federal,OH,Cincinnati,1546
5493003NV9L53LK1XI52,Royal Pacific Funding,CA,Newport Beach,8915
5493003OO8EG0RKSFX83,Bank7,OK,Oklahoma City,127
5493003OSI5CD032EN89,DENALI STATE BANK,AK,FAIRBANKS,470
5493003P1OKUPLVJ7M37,State Bank of Graymont,IL,Graymont,152
5493003P55WOWIBVUF09,GOLDEN PLAINS CREDIT UNION,KS,GARDEN CITY,1748
5493003PL2K1NXVSU388,Nymeo Federal Credit Union,MD,Frederick,196
5493003Q218ZJ8R1WN88,Badger Bank,WI,Fort Atkinson,243
5493003Q3L1PO9NBVK64,WHATCOM EDUCATIONAL CREDIT UNI,WA,BELLINGHAM,1845
5493003QF1L7XNSWRM19,Woodlands National Bank,MN,Hinckley,166
5493003QFITYKWYBFG30,VIG Mortgage,PR,San Juan,319
5493003QPO86QUI9FJ04,"THE SECURITY NATIONAL BANK OF SIOUX CITY, IOWA",IA,SIOUX CITY,586
5493003ST36V2G6YFH54,Pioneer Appalachia Federal Credit Union,WV,Charleston,220
5493003SVUBV3VW5CT40,Farmers & Merchants Savings Bank,IA,Manchester,386
5493003T5D4N1CM46J77,1st Security Bank of Washington,WA,Mountlake Terrace,5163
5493003T62KDXQ6J4W58,Southeastern Credit Union,GA,VALDOSTA,300
5493003TK1BAOHHL6S92,ALLTRU  FEDERAL CREDIT UNION,MO,WENTZVILLE,311
5493003UEX61E91S2B54,Mercer County Community FCU,PA,Hermitage,43
5493003V0VOGJ2CI8520,KENNEBUNK SAVINGS BANK,ME,KENNEBUNK,747
5493003V40VGM7YDFM54,First Colony Mortgage Corporation,UT,Orem,11219
5493003VEEM09F16U659,MASS BAY CREDIT UNION,MA,SOUTH BOSTON,146
5493003WLEYGXGNTI654,SELCO COMMUNITY CREDIT UNION,OR,SPRINGFIELD,1844
5493003WN6DPWM6VYA67,Austin Telco FCU,TX,Austin,1824
5493003X0GM1DHJIWC22,CBI Bank & Trust,IA,Muscatine,1327
5493003X6Y6JGJKHPA25,"Interstate Home Loan Center, Inc.",NY,Melville,948
5493003X9FWFI47DPO39,GOLD COAST BANK,IL,CHICAGO,916
5493003XFPPSO0JVIB33,DUTCH POINT CU,CT,Wethersfield,377
5493003XLOX5FDT9R120,"FIRST HOPE BANK, A NATIONAL BANKING ASSOCATION",NJ,HOPE,318
5493003ZHM6LK8T0QW13,Hometown Bank of Pennsylvania,PA,Bedford,280
5493003ZQY78H3VXMF14,WALPOLE CO-OPERATIVE BANK,MA,WALPOLE,102
54930040GLSEV5H11Q12,Adams Bank & Trust,NE,Ogallala,946
54930040HIIQWXRS6K39,Lo Inc. DBA Reliance Mortgage,WA,Bellevue,1199
54930040I855W2FI0Y80,APL Federal Credit Union,MD,Laurel,147
54930040PPD1PTCFI313,First Imperial Credit Union,CA,El Centro,33
54930040WE4NGYGGO143,ROLLSTONE BANK & TRUST,MA,FITCHBURG,251
54930041L7ZI432VT094,TUCKER MORTGAGE LLC,IN,Indianapolis,1398
54930043A47GB1KNJQ31,Altana Federal Credit Union,MT,Billings,398
54930043BMDE130FJ617,Provident Funding Associates,CA,Burlingame,60543
54930044G6TGPFFTFM49,Bank of Washington,MO,Washington,518
54930044OSTKOJMHF287,"Capital Bank, N.A.",MD,Rockville,3522
549300458LCI17J5BY03,THE HONESDALE NATIONAL BANK,PA,WILKES BARRE,689
54930045EHC4UJU3BP73,M C Bank & Trust Company,LA,Morgan City,169
54930045J8O98TUGTW86,b1BANK,LA,Baton Rouge,918
549300461TECLDDGNF98,GreenStone Farm Credit Services,MI,East Lansing,1775
549300465MKS092D5K02,LIBERTY NATIONAL BANK,OK,LAWTON,255
54930046UUU8KKVCYD66,FIRST FEDERAL S&L ASSOCIATION,GA,VALDOSTA,210
54930047C62INWFYCF40,Spirit of Alaska Federal Credit Union,AK,Fairbanks,187
54930047YMR4VOMFGS35,AmeriChoice Federal Credit Union,PA,Mechanicsburg,248
549300488506L45QIE35,FINANCIAL CONCEPTS MORTGAGE LLC,OK,EDMOND,931
54930048J00QUF04FP72,NORTH EASTON SAVINGS BANK,MA,SOUTH EASTON,943
54930048P8RWCQHQM310,ARC HOME LLC,NJ,MOUNT LAUREL,17997
54930049L5WINET09Q97,"MID AMERICA MORTGAGE, INC.",TX,ADDISON,28502
5493004AS1SPBQOFDR49,"CHANGE LENDING, LLC",CA,IRVINE,27184
5493004C6NM2VNOH2N94,Appalachian Community Federal Credit Union,TN,Gray,331
5493004CZUGDTDC6QB68,Aerospace Federal Credit Union,CA,El Segundo,248
5493004D0Z2WQR26VL57,ION BANK,CT,NAUGATUCK,528
5493004EVKOLRF3JI477,THE CITIZENS BANK,AR,BATESVILLE,288
5493004F1BOBD3SG7P54,Croghan Colonial Bank,OH,Fremont,960
5493004F7BXDIUFVPV87,STAR ONE CREDIT UNION,CA,SUNNYVALE,5497
5493004FGBXH9QXOWU35,Integrity Mortgage LLC,ME,Portland,593
5493004G43JM6M5BFR40,Family Finance Mortgage LLC,MO,Arnold,802
5493004GPC7K826BKF31,ARROWHEAD CENTRAL CREDIT UNION,CA,RANCHO CUCAMONGA,805
5493004GXVRGCA238646,Premier Community Credit Union,CA,Stockton,13
5493004HIVU0YCM5QS92,Interra Credit Union,IN,Goshen,2035
5493004HRO0EREBVYM82,Jefferson Security Bank,WV,Shepherdstown,274
5493004IRV3T6D4NNV33,Nikkei Credit Union,CA,Gardena,32
5493004J0RTXMDKIYB74,Ideal Home Loans LLC,CO,Denver,1402
5493004JDNBZNOT8PR69,WyHy Federal Credit Union,WY,Cheyenne,272
5493004JGZVB2EPI6W51,Palmetto Citizens Federal Credit Union,SC,Columbia,1653
5493004K0Z4RFJSPYT52,Consumers Cooperative Credit Union,IL,Gurnee,2971
5493004KGZVI015KO609,Canopy Federal Credit Union,WA,SPOKANE,158
5493004KSBZEBHIMRT79,MORTGAGE FINANCIAL GROUP INC,FL,TAVARES,505
5493004KSSKCAP8VUU37,Peoples First Savings Bank,OH,Mason,167
5493004LAP3ULXM1YB66,First Equity Mortgage Bankers Inc.,FL,Miami,3287
5493004LN4GS7BNXIO13,Fidelity Co-operative Bank,MA,Leominster,789
5493004LTLRA7Y5L3696,The Fisher National Bank,IL,Champaign,406
5493004M1U54OO4KKE09,"Priority Home Mortgage, L.P.",TX,HOUSTON,2143
5493004MTRF0ZV6FX998,Central National Bank,OK,Poteau,94
5493004N6GEASXJ2A896,Global Bank,NY,Flushing,375
5493004N9PMBSLEZOF16,K. HOVNANIAN AMERICAN MORTGAGE,FL,BOYNTON BEACH,5765
5493004NH61PL6YYNH25,PROVIDENT BANK,NJ,JERSEY CITY,1679
5493004NKDOFN55L5X23,HAWAIIAN FINANCIAL FCU,HI,HONOLULU,526
5493004NMXQUYEFD1Y98,First Ohio Home Finance Inc,OH,Westerville,1814
5493004NO7XCFVG4KD53,Y 12 FEDERAL CREDIT UNION,TN,OAK RIDGE,1921
5493004OB0KD7VERQW98,"InterLinc Mortgage Services, LLC",TX,Houston,13768
5493004OOUJA3N8LL077,Denmark State Bank,WI,Denmark,544
5493004PU0PDR2NUYN54,Cooperativa de AC Valenciano,PR,JUNCOS,21
5493004QMY56VOFMPG66,PENNCREST BANK,PA,ALTOONA,305
5493004R1ELTGT9LUL33,MARSHALL COMMUNITY CREDIT UNION,MI,Marshall,572
5493004R22HRZXTXSR64,National Bank of Middlebury,VT,Middlebury,400
5493004R423PBPM6A173,Oceanside Mortgage Company,NJ,Toms River,2603
5493004RCIKTZ2ZKII25,"Low VA Rates, LLC",UT,Lindon,9992
5493004RLLKTQS8K7U51,AMERICAN AIRLINES FCU,TX,FT WORTH,5357
5493004RSPU71QRHYI22,JSC FCU,TX,HOUSTON,1414
5493004T38NMC864VL66,"Rain City Capital, LLC",WA,Kirkland,864
5493004T9SQFCNRQ2L76,Delmar Financial Company,MO,St Louis,8621
5493004TN1RD20MW1Y08,CONCHO EDUCATORS FEDERAL CREDIT UNION,TX,San Angelo,19
5493004U68X0X5LVHY72,RIVERLAND FEDERAL CREDIT UNION,LA,NEW ORLEANS,136
5493004UNRG4PWDF2K60,Affinity Federal Credit Union,NJ,Basking Ridge,3845
5493004V3AW2SVUJ5U52,Foothills Credit Union,CO,Lakewood,60
5493004VB8XJ1L0EOO76,THE BANK OF FAYETTE COUNTY,TN,COLLIERVILLE,296
5493004WMLN60ZJ2ON46,Pulte Mortgage LLC,CO,Englewood,26923
5493004WQK3PHW1SDP63,Valor Bank,OK,Edmond,1018
5493004XJV6Y8XQYPX87,ABERDEEN PROVING GROUND FCU,MD,ABERDEEN,1351
5493004XOOZ30KRVGC40,NVE BANK,NJ,ENGLEWOOD,217
5493004Z2SGQGCU5RB44,Heritage Community Bank,MO,Union,205
5493004ZQGH3G6GHZ049,Grande Homes Inc,CA,San Diego,555
5493004ZUHSMPBM5KL21,"Advisors Capital, Inc.",MI,Novi,540
549300508JOHWSRFDR57,STEPHENSON NATIONAL BANK & TRUST,WI,MARINETTE,523
54930050YUB4R3ZKAI03,"EMI Equity Mortgage, Inc.",PR,San Juan,583
549300512TZWD1YUA619,Coosa Valley Credit Union,GA,Rome,228
549300516L2LO1P5XX92,"Total Media Management, LLC",AL,Huntsville,212
54930051L9BKHSHDSD90,InvesTex Credit Union,TX,Humble,71
54930052808NIU3KIW97,"Direct Lenders, LLC.",GA,Kennesaw,776
54930052M48FOD3CWA54,"Primary Residential Mortgage, Inc.",UT,Salt Lake City,58338
54930053KPO7OG48FP72,EVERENCE FEDERAL CREDIT UNION,PA,LANCASTER,301
54930053SM8COVIPIY54,MSU FEDERAL CREDIT UNION,MI,EAST LANSING,10899
54930054UTIC988TNU54,Direct Lending Partners LLC,PA,Bethlehem,892
549300552HVITY0L9184,US Employees OC Federal Credit Union,OK,Oklahoma City,381
54930055WXO1SUC1AH62,Town and Country Bank,IL,Springfield,384
54930055Z5ZI5MLNR750,ACHIEVE FINANCIAL CREDIT UNION,CT,BERLIN,127
549300563RCDKOF2Y487,"Citizens Building & Loan, SSB",SC,Greer,142
549300567BJCXPG9IV35,Seven Seventeen Credit Union,OH,Warren,3478
54930057OO0P1ZMTQX63,"Country Club Mortgage, INC.",CA,Visalia,4270
54930057XF33SONJFP81,Universal City Studios Credit Union,CA,Universal City,14
54930058F1PNDGW35714,Farmers State Bank,MO,Cameron,359
54930058NMHTLEZ3C025,Security Bank of Kansas City,KS,Kansas City,272
54930058TT77ICBGRI91,Georgia Heritage FCU,GA,Pooler,67
54930059GZZ7G4G40O53,SeaTrust Mortgage Company,NC,Wilmington,1158
5493005A0757T9GRRI44,FIRST WESTERN BANK & TRUST,ND,MINOT,1616
5493005ANYGQWRPVGU61,NORTH SALEM STATE BANK,IN,NORTH SALEM,170
5493005C8ZBTKUWJPI93,First Missouri State Bank of Cape County,MO,Cape Girardeau,206
5493005CFFMKTUKLO381,ACNB BANK,PA,GETTYSBURG,1439
5493005DE3TY0D0PU504,Investment Savings Bank,PA,Altoona,110
5493005DJAOTPGS83Z81,CORNERSTONE BANK,MA,SOUTHBRIDGE,1350
5493005DKMV1IHIM8E20,WSFS Bank,DE,Wilmington,9849
5493005DYVXTSXZPZF85,Weststar Mortgage Corporation,NM,Albuquerque,6792
5493005E0SAPZ1LKU504,"Mortgage Masters Of Indiana, Inc",IN,Evansville,1649
5493005ES4J6H2VR7264,SECURITY FEDERAL BANK,SC,AIKEN,938
5493005EWJNDWPLNG328,Century Next Bank,LA,Ruston,438
5493005EYZOUVJUXAX38,"Lakeview Community Capital, LL",PA,Horsham,19071
5493005F145IP6JL7314,Community First Bank,WA,Kennewick,284
5493005FJKWE0GR4YS94,Winnnpointe Corp dba Interactive Mortgage,CA,Orange,11424
5493005G7RUITYI5B094,Logan Bank and Trust,WV,Logan,272
5493005G8JO0PPI0HN36,The Mortgage Warehouse,KY,Louisville,1482
5493005GHHD2LL3US857,CITIZENS BANK & TRUST,AL,GUNTERSVILLE,235
5493005GNZ6EJFS7LM83,International Bank of Commerce,TX,Laredo,2665
5493005GVJZOXIAH3M79,GreenStone Farm Credit Services,MI,East Lansing,36
5493005H0NK3SWWY4384,The Freedom Bank of Virginia,VA,Fairfax,1001
5493005H3NABV4GMAG85,"CSE CREDIT UNION, INC.",CT,HARTFORD,1010
5493005HCI0Y8LUK5S48,GUARANTY HOME MORTGAGE CORPORATION,TN,NASHVILLE,9758
5493005HN78XQ5US3306,CSE Federal Credit Union,LA,Sulphur,125
5493005HTCBH4TWCVM82,Members Mortgage Company Inc,MA,Stoneham,2769
5493005I7R041I8VOW18,"LENDING 3, INC",CA,FOUNTAIN VALLEY,2726
5493005ICQ3QGEIWV618,United Mortgage Corp,NY,Melville,7998
5493005ITNB06W8ZHD39,NATIONAL BANK OF ST ANNE,IL,ST ANNE,278
5493005J49KPXDXUC959,Central Bank,TX,Houston,423
5493005JF6BKCN6OY689,FineMark National Bank & Trust,FL,Fort Myers,589
5493005JH30JPUGSG495,Central Virginia FCU,VA,Lynchburg,68
5493005JOVFFHEU5TF17,BANK OF LUXEMBURG,WI,LUXEMBURG,620
5493005JPZ3LXXMB0S24,"FBC Mortgage, LLC",FL,Orlando,28656
5493005JR8XLPW5ROU93,Southbridge Credit Union,MA,Southbridge,223
5493005JSMO6YKNVQ426,Bay Area Credit Union,OH,Oregon,52
5493005JXQCVNMUHBR38,YAKIMA FEDERAL SAVINGS & LOAN,WA,YAKIMA,787
5493005KZM1DEUYVS783,FIRST AMERICAN BANK,NM,ARTESIA,876
5493005L8AW1CTD9HZ03,FIRST CENTRAL STATE BANK,IA,DE WITT,530
5493005LE3FE2MIPPW66,"Coast 2 Coast Funding Group, Inc",CA,Laker Forest,539
5493005LKELKKRLTQA25,Portage Community Bank,OH,Ravenna,787
5493005LKFCLR81TSN28,Columbia Bank,NJ,Fair Lawn,4127
5493005LNO5N4F760786,FIRST NORTHERN BANK OF DIXON,CA,DIXON,433
5493005LWLLN6G3XQP35,CTBC Bank,CA,Los Angeles,797
5493005LX4EJUYP1G119,"PRIVATE MORTGAGE ADVISORS, LLC",IL,CHICAGO,138
5493005MFZ2ASTT3WX73,All America Bank,OK,Lawton,275
5493005MZZDC38IUOJ34,WATER AND POWER COMMUNITY CREDIT UNION,CA,LOS ANGELES,489
5493005NE66BD75BDB43,Towne Mtg of the Carolinas LLC,NC,Raleigh,1058
5493005NIBYLNJC10826,"T. J. FINANCIAL, INC.",CA,MONROVIA,1486
5493005NN76XZ2NOFH19,Country Bank for Savings,MA,Ware,560
5493005NU5BA00C1N451,ROSS MORTGAGE CORPORATION,MI,TROY,2414
5493005NXMQ7SP5TOF96,CALVIN B TAYLOR BANKING CO OF,MD,BERLIN,257
5493005ONLDV0W4QDI82,Orange Bank & Trust Company,NY,Middletown,106
5493005OOIYF660YQO46,RESIDENTIAL HOME MORTGAGE CORPORATION,NJ,HAMPTON,678
5493005PKOSG7MYX0B34,"PROSPERITY HOME MORTGAGE, LLC",VA,CHANTILLY,59253
5493005PT09Z02WXW551,Alkan Mortgage Corp,FL,Lake Mary,348
5493005QK4NV0ZZ5EM64,Community Bank of Mississippi,MS,Forest,5710
5493005QZNPGRQNTRB15,Ipava State Bank,IL,Lewistown,171
5493005R24FV5DFFXW42,Central Pacific Bank,HI,Honolulu,4207
5493005R34FLBMCPWB41,"TIDEWATER MORTGAGE SERVICES, I",VA,VIRGINIA BEACH,5776
5493005RDTT7HVODH436,Community Bank NA,NY,Canton,9878
5493005RSCVBUTB80M24,Security Credit Union,MI,Holly,604
5493005SBCJ71Z4XVY11,FIRST BANK OF HIGHLAND PARK,IL,HIGHLAND PARK,36
5493005T6ET3508ZXP66,"PINNACLE LENDING GROUP, INC.",NV,LAS VEGAS,1003
5493005T71YXBHEO2093,CREDIT UNION 1,IL,RANTOUL,4765
5493005U6VKOSGHRA756,The Farmers Bank of Willards,MD,Willards,270
5493005VBGFDRV6FSU19,Hawaii State Federal Credit Union,HI,Honolulu,2306
5493005WCUTOOZMTV053,FIRST LIBERTY BANK,OK,OKLAHOMA CITY,712
5493005WM8ZE8KHE1R85,"Allen Tate Mortgage Partners, LLC",NC,Charlotte,1517
5493005WWQ2221ORBN75,"SHELTER HOME MORTGAGE, LLC",SC,GREENVILLE,2674
5493005XCKCOIX4JMI33,RealFi Home Funding Corp,NY,White Plains,3294
5493005XIMS68J4ZQ284,First Montana Bank,MT,Missoula,98
5493005XMJQ1GSXUGT67,"Wolfe Financial, Inc.",NC,Asheboro,3666
5493005XMSZYL5SAEF41,CROSSFIRST BANK,KS,LEAWOOD,212
5493005YTC55FC2VCK79,"Guaranty Mortgage Service, Inc.",AK,Anchorage,51
5493005ZSV53K4M63M18,HERITAGE FINANCIAL CREDIT UNION,NY,MIDDLETOWN,557
54930060G4MDPWHISD89,Evergreen Moneysource Mortgage Company,WA,Bellevue,19458
54930060KLIQD8MMSB55,Orrstown Bank,PA,Mercersburg,2341
549300611ME23N9Y4L70,CAGUAS COOP,PR,CAGUAS,26
54930061FQ5XDACCBW12,"PACIFIC HORIZON BANCORP, INC.",CA,LA CRESCENTA,263
54930061HIZ1MCMEOR72,BankFinancial NA,IL,Olympia Fields,195
54930061YDWSR567KC82,Pentucket Bank,MA,Haverhill,435
549300623VT8YKPHWM78,Anchor Loans LP,CA,Thousand Oaks,3280
54930062IKKOJW3K8L94,TruMark Financial Credit Union,PA,Fort Washington,6008
54930063578UDYE3JR69,Polaris Home Funding Corp.,MI,Grandville,3642
54930063PZ1LD16JBH57,Ken Gorin,FL,Jensen Beach,30
54930063XGNMIXS57091,POLICE AND FIRE FEDERAL CREDIT UNION,PA,3333 STREET ROAD,19220
549300644OBRFUPV7098,SG CAPITAL PARTNERS LLC,CT,STAMFORD,1932
54930064FQE21RHEG647,Evergreen Credit Union,ME,Portland,542
54930064IXFLV6MQAL59,CROSSFIRE FINANCIAL,FL,MIAMI,218
54930064VBVLXORPKL16,Fond du Lac Credit Union,WI,Fond du Lac,63
54930065B0NVUO52TY13,AMRES CORPORATION,PA,TREVOSE,5356
54930065PWY9N8KCRQ96,BARABOO STATE BANK,WI,BARABOO,500
54930065TMWOWFAXBL88,FIRST STATE BANK,OH,WINCHESTER,608
54930065Z1DW0CWIZQ58,Credit Union West,AZ,Glendale,1656
54930066LN6QXNO8TY84,First Carolina Bank,NC,Rocky Mount,190
549300677KFX04XEUM68,YOUR HOME FINANCIAL LLC,SC,GREENVILLE,862
54930067K4Z4NIZ4W068,River Works Credit Union,MA,Lynn,205
54930067KY3OO1D8HC58,ASSOCIATED MORTGAGE CORPORATON,OK,TULSA,6062
54930067MGJBFNEN1P47,ELEVATION CREDIT UNION,CO,BOULDER,10035
54930067OMWEWTHVDO95,"Mineola Community Bank, SSB",TX,Mineola,262
549300684I276INJKK63,Southern Heritage Bank,LA,Jonesville,367
549300686RMBOL8Y1T93,MILFORD FEDERAL BANK,MA,MILFORD,956
54930068H3KVFOUG0285,OKLAHOMA CENTRAL CREDIT UNION,OK,4956 S. PEORIA AVE,319
54930068THUS1PO1LX49,"DHA Financial, LLC",CO,Centennial,182
54930069UB3VEGAQ9661,BRYANT BANK,AL,TUSCALOOSA,973
5493006ACVE4WEX8D790,BANK OF DEERFIELD,WI,DEERFIELD,357
5493006BN3B3B1H3B988,FIRST BANK,FL,CLEWISTON,253
5493006BPEIMPS70UU26,Ozark Bank,MO,Ozark,177
5493006CRT5VJ5L0N291,Community First Federal Credit,MI,Lakeview,322
5493006CXHXIFN8Q4S89,KBR HERITAGE FEDERAL CREDIT UNION,TX,Houston,32
5493006EB8YM4CB8V697,Redbrand Credit Union,IL,Bartonville,38
5493006F1L6NRWMNY260,Hanover Community Bank,NY,Mineola,390
5493006F1N8E3EEF3W63,FREMONT BANK,CA,LIVERMORE,19562
5493006FMSXPD0U1U480,"Princeton Financial, LLC",PA,Carnegie,599
5493006FUC5WGWNUXC12,1st Community Credit Union,WI,Sparta,439
5493006FYXPLR221TS92,"COMPASS HOME LOANS, LLC",IL,CHICAGO,732
5493006GBLIRNKHYD764,Aquesta Bank,SC,Greenville,26
5493006GFSNOUCCL1W91,New Orleans Firemen's Federal,LA,Metairie,49
5493006GPVUJZWTAR765,First Federal Savings & Loan Association of Lorain,OH,Lorain,483
5493006HAFES1LQ18W28,River Bank & Trust,AL,Gadsden,964
5493006HFDG31YJ3MM36,"MYCUMORTGAGE, LLC",OH,BEAVERCREEK,6261
5493006HWKBRUZIDS752,"CIVIC FINANCIAL SERVICES, LLC",CA,REDONDO BEACH,8888
5493006HXEF6V2NZED40,Peoples Bank,NC,Newton,664
5493006IBJS6XC0DFJ29,The Peoples State Bank of Newton,IL,Newton,201
5493006IT65TMGZIKY68,THE POCA VALLEY BANK,WV,WALTON,608
5493006J2ROMTD5Q0731,APOLLO TRUST COMPANY,PA,APOLLO,130
5493006JISETNI0GLE61,FARM CREDIT MID-AMERICA,KY,LOUISVILLE,7823
5493006JU3IPG0E80D85,Legacy Community Federal Credit Union,AL,Birmingham,208
5493006JV2DB2OI1FI31,Mocse Federal Credit Union,CA,MODESTO,26
5493006KM0C07F0DE248,"First American Mortgage, Inc.",OK,Yukon,652
5493006KQF5UKZ3Y9N07,First National Bank Texas,TX,Killeen,2874
5493006KXUHSYFT7SD10,"LPMC, LLC DBA LANDMARK PROFESS",OR,SALEM,1935
5493006L4FQIQFVFNS72,"MEGA CAPITAL FUNDING, INC",CA,CALABASAS,8627
5493006LGHJCBICSE610,Westmark Credit Union,ID,IDAHO FALLS,1547
5493006LH4LKHY2EIN26,Five Star Bank,NY,Warsaw,1901
5493006MA7WP1WL8U431,Valley Strong Credit Union,CA,Bakersfield,2059
5493006MCOP60BBI4G97,Seacoast National Bank,FL,Stuart,6089
5493006MFBT1AI7V3W25,ServU Federal Credit Union,NY,Painted Post,459
5493006MRGHEPWMR2015,HERITAGE SOUTH COMMUNITY CREDI,TN,SHELBYVILLE,261
5493006MW6O2CE88BD43,MEMBERS 1ST CREDIT UNION,CA,REDDING,116
5493006NTCY0P06JR884,SALEM FIVE CENTS SAVINGS BANK,MA,SALEM,2401
5493006O6Q2F0MR0ZM22,Visio Financial Services Inc.,TX,Austin,2685
5493006OZEG7DK77IP05,Navigator Credit Union,MS,Pascagoula,185
5493006P0JVBBAHVXV08,NATIONAL EXCHANGE BANK AND TRUST,WI,FOND DU LAC,2808
5493006P5IHSK77SZ855,"Southwest Funding, LP",TX,Dallas,6231
5493006PPEKKNUB9O715,COMMUNITY RESOURCE BANK,MN,NORTHFIELD,257
5493006Q0EMYD3OJ8N13,BRADESCO BAC FLORIDA BANK,FL,CORAL GABLES,1028
5493006Q43B8FBFUVL12,THE SAVINGS BANK,MA,WAKEFIELD,391
5493006Q452T1FESHO34,Cooperativa de A\C Aiboniteña,PR,Aibonito,16
5493006QG55R8V712J33,Red River Bank,LA,Alexandria,2241
5493006R3KP9HJOA7613,Prince Georges Community FCU,MD,BOWIE,163
5493006RIR31ORKYB608,"LAND HOME FINANCIAL SERVICES,",CA,CONCORD,10910
5493006RLUL4IL56SC31,Guilford Savings Bank,CT,Guilford,467
5493006S21NZTF9Y1L04,FARMERS & MERCHANTS STATE BANK,WI,WATERLOO,368
5493006S869XKIESMV41,MOUNTAIN AMERICA FEDERAL CREDIT UNION,UT,SANDY,37596
5493006SSMPNYY3P8424,Fidelis Catholic Federal Credit Union,CO,Arvada,129
5493006T76QKSBS2MS95,QUINCY CREDIT UNION,MA,QUINCY,592
5493006TJ2N1MYD0XD45,COMMUNITY NATIONAL BANK,TX,MIDLAND,469
5493006TY8FGNLX44X28,AXIA FINANCIAL LLC,WA,BELLEVUE,22706
5493006VAGP3GQ8FJT49,"Kiavi Funding, Inc.",PA,Pittsburgh,17874
5493006VCMZ998IGOO33,Nation One Mortgage Corporatio,NJ,Marlton,2277
5493006VI8ZWLFWG2K57,Jersey Shore FCU,NJ,Northfield,164
5493006VVC2EW2KLYK29,Union Savings and Loan Association,IN,Connersville,374
5493006WZJUEUK1TVM53,Peoples Trust Company of St. Albans,VT,St. Albans,363
5493006XEQ3W7XTQXN65,"Banking Mortgage Svcs.,BMS Corp",FL,South Miami,202
5493006XP2M53G3AP658,Global Credit Union,WA,Spokane,505
5493006XPYTPLP6BLN10,Alliance Bank Central Texas,TX,Waco,249
5493006Y2YCT81BVTL57,Exchange Bank,CA,Santa Rosa,250
5493006Y55XBWPK4OX71,ST. JAMES MORTGAGE CORPORATION,MI,BLOOMFIELD HILLS,473
5493006YSC5JOGNPMH78,SOUTHLAND CREDIT UNIOM,CA,LOS ALAMITOS,402
5493006Z1T521ODWBA53,Northern Credit Union,NY,Watertown,1313
5493006Z74IVZXJ0XO35,SIKORKSY FINANCIAL CREDIT UNION,CT,STRATFORD,1874
5493006ZBGVXBAMCRG16,FLORIDA CREDIT UNION,FL,GAINESVILLE,7352
5493006ZPOXWU5V4FT07,HORATIO STATE BANK,AR,HORATIO,217
54930070JV4STJJ0XS74,NORTHEAST CREDIT UNION,NH,PORTSMOUTH,2821
549300715JT4HMT74E48,HORIZON CREDIT UNION,WA,SPOKANE VALLEY,1725
54930071HHK4VYJ1SG61,EASTERN CT SAVINGS BANK,CT,NORWICH,612
54930072H82Z2RZW3210,AERO Federal Credit Union,AZ,Glendale,219
54930072OCHTUJOZQB56,Liberty Federal Credit Union,KY,Louisville,11441
54930072UFREQ9ZZRG80,PACIFIC CITY BANK,CA,LOS ANGELES,278
54930072YJBZ4YV3DY74,Mid Valley Services Inc,CA,Fresno,392
549300730ZNSQK9EBT50,BLUPEAK CREDIT UNION,CA,SAN DIEGO,524
549300748YYU6VG08N83,"LOAN SIMPLE, INC.",CO,ENGLEWOOD,5887
54930074FI0I2Q6G5S43,The First Financial Federal Credit Union,CA,West Covina,879
54930074GUKXKBKNQI12,Progressive Bank,LA,Monroe,232
54930074H8866HTIWU69,Knoxville TVA Employees Credit Union,TN,Knoxville,1751
54930074SGHZL5IZGS24,DeMotte State Bank,IN,DeMotte,151
549300754PTUH541X764,PENN EAST FEDERAL CREDIT UNION,PA,DICKSON CITY,319
54930075V56LV2823P16,ATHOL CREDIT UNION,MA,ATHOL,118
549300760C8FJ53D2J56,Jolt Credit Union,MI,Saginaw,636
5493007669OVCSCATP45,TENNESSEE VALLEY FEDERAL C U,TN,CHATTANOOGA,2496
549300767F7CDUJR8Q67,Community First Credit Union,CA,Santa Rosa,554
54930076PACNHY6U9F09,BP FEDERAL CREDIT UNION,TX,HOUSTON,85
54930076TYMG3Z3BO135,Cooperativa de A\C  Roosvelt R,PR,Fajardo,57
5493007700FZNYYEHT38,KANSAS STATE UNIVERSITY FEDERAL CREDIT UNION,KS,MANHATTAN,112
54930077D8KXQADF5Q23,"GVC Mortgage, Inc.",IN,Pendleton,7964
54930077O97ZNP1ECH16,"Mortgage Solutions, LLC",MO,Saint Charles,944
54930078TNN7GKZ7NU89,"Presidential Bank, FSB",MD,Bethesda,5160
54930079VLB4FPPZ7Y58,First State Bank,TX,Gainesville,1161
5493007ABXGXVK31KE79,Primus Lending Corp,CA,Los Angeles,250
5493007ATUOSGE6PR745,Weyco Community Credit Union,NC,Plymouth,92
5493007B1GAUZGYHPR07,NUSENDA FEDERAL CREDIT UNION,NM,ALBUQUERQUE,3711
5493007B7MEWKMDWUZ73,GUARANTY BANK & TRUST COMPANY,MS,BELZONI,822
5493007BBMW58UQT5588,First Arkansas Bank and Trust,AR,Jacksonville,111
5493007BVVG2E8KCTG95,Farmers State Bank,MT,Florence,395
5493007BX4I89K17ZM64,"ALL REVERSE MORTGAGE, INC.",CA,ORANGE,784
5493007C2UVB2OGY1G25,MARBLEHEAD BANK,MA,MARBLEHEAD,209
5493007CLWQN2S6IZK91,"Armed Forces Bank, N.A.",KS,Leavenworth,1161
5493007CNNPPB1T3TQ21,BELLCO FCU,PA,Wyomissing,244
5493007CXTOHZ2JBEJ61,"The Mortgage Firm, Inc.",FL,Altamonte Springs,16782
5493007D8SNLKCBE4P48,ALDEN STATE BANK,NY,ALDEN,324
5493007DIB8YPDM6NR52,MARINE CREDIT UNION,WI,Onalaska,3415
5493007EGI95MEVJ2178,Michigan Educational Credit Union,MI,Plymouth,549
5493007FRLGNQEXCGS66,FIRST NEBRASKA BANK,NE,VALLEY,378
5493007G0MFTSE8JPV83,The Community Bank,OH,Zanesville,736
5493007G2SOD8W9RK547,FIRST NEW YORK FEDERAL CREDIT UNION,NY,ALBANY,898
5493007GBJOK22LYB425,WICHITA FEDERAL CREDIT UNION,KS,WICHITA,411
5493007H0KZ81N1H6352,MONSON SAVINGS BANK,MA,MONSON,556
5493007I0X1GRWIU8B34,AMERICA FIRST FEDERAL CREDIT UNION,UT,RIVERDALE,29117
5493007IES1RWVUDDU23,Springfield First Community Bank,MO,Springfield,727
5493007ILDVYNFLDXQ42,Fire Police City County FCU,IN,Fort Wayne,270
5493007ISPBRCRINID86,IC FEDERAL CREDIT UNION,MA,FITCHBURG,567
5493007JVSQYT5Y2V066,"GUARANTY BANK & TRUST COMPANY OF DELHI, LOUISIANA",LA,DELHI,469
5493007K6HGI9G0ECX16,Preferred Bank,CA,Los Angeles,248
5493007KLU19FK8PG279,NIH FEDERAL CREDIT UNION,MD,ROCKVILLE,868
5493007KXIK81MVSXW19,Cal Mutual Inc,CA,Temecula,12
5493007KYI3BO5LTXF79,MERIDIAN TRUST FCU,WY,CHEYENNE,413
5493007L3DI2JM8OHN91,MEMBER ADVANTAGE MORTGAGE,MI,GRAND RAPIDS,2173
5493007L4GYNO2PUBS09,"MEMBER FIRST MORTGAGE, LLC",MI,GRAND RAPIDS,5703
5493007LCGK7U7USNX41,"Loansnap, Inc.",CA,Costa Mesa,1887
5493007LG15SP6QAWL48,UNION STATE BANK,KS,ARKANSAS CITY,420
5493007LU04D28P9RD79,American Heritage Bank,OK,Sapulpa,453
5493007LUU2DLS755O60,CENTRA CREDIT UNION,IN,COLUMBUS,2976
5493007MURRUYDI58M87,MyGeorgia Credit Union,GA,Gainesville,69
5493007MVCEU8QCNWC60,Rio Bank,TX,McAllen,115
5493007NQFYTLJ0O4M47,DECATUR EARTHMOVER CREDIT UNION,IL,DECATUR,236
5493007OJ7D42T6RE854,The Cooperative Bank,MA,Roslindale,298
5493007OXXFLNNHTW637,ASSEMBLIES OF GOD CREDIT UNION,MO,SPRINGFIELD,994
5493007OYHUX3OJQ2537,Wake Forest Federal,NC,Wake Forest,24
5493007PAE4JN4B5BX31,United Premier Funding LLC,GA,Duluth,559
5493007QERYQSQ3QNH02,SEATTLE METROPOLITAN CREDIT UNION,WA,SEATTLE,708
5493007RCYAICJL91Z44,Security National Bank of Omaha,NE,Omaha,186
5493007RSKYSDHRL7N78,WISCONSIN BANK & TRUST,WI,MADISON,242
5493007SM4YPKQOQCT10,"ANGLIA FINANCIAL, LLC",TX,HOUSTON,38
5493007SZD2OVPMXT217,THE MIDDLEFIELD BANKING COMPAN,OH,MIDDLEFIELD,1356
5493007TJ86W1ZK4LZ15,First Community Bank,VA,Bluefield,2137
5493007U8EFNQS3VJQ70,ALLEGIANCE CREDIT UNION,OK,OKLAHOMA CITY,1028
5493007US5XO6WCOMQ49,SENB BANK,IL,MOLINE,527
5493007UW5GSKHED2095,CS Bank,AR,Eureka Springs,326
5493007V8ZEVXWVS3567,CROSS RIVER,NJ,FORT LEE,65
5493007VDBJSG0E0S678,"TRADITION MORTGAGE, LLC",MN,LAKEVILLE,5179
5493007VDE1SMI6Z0Q04,"VISION ONE MORTGAGE, INC.",CA,"NEWPORT BEACH, CA",1967
5493007VGBHF6SRXRR53,Technology Credit Union,CA,San Jose,1947
5493007VODM6C3GLTV93,INSOUTH BANK,TN,BROWNSVILLE,114
5493007VW2EU20PZYU97,Inspire Home Loans Inc.,CA,Newport Beach,10531
5493007W0I8SLLDP5N98,Matanuska Valley Federal Credit Union,AK,Wasilla,239
5493007W3FAWZ3EYNP10,AB COMMUNITY INVESTMENT CO,TX,JACKSONVILLE,1
5493007WCJ9R6VLLYR82,First National Bank,VA,Altavista,207
5493007WEU5TWM8J0Z93,"Paragon Home Loans, Inc.",NY,Liverpool,2379
5493007WNCT2YQ8O4H14,floridacentral CU,FL,Tampa,778
5493007WOQE7MEFUB492,Texas First Bank,TX,Texas City,202
5493007WZXR2YE227I23,Blue Ridge Bank,VA,Luray,5906
5493007X0QZ825CCEZ27,ENERGY CAPITAL CREDIT UNION,TX,HOUSTON,115
5493007XAKU2Q6LGXD23,University Federal Credit Union,TX,Austin,6133
5493007XQ02VMXYJYJ21,CAPE COD FIVE CENTS SAVINGS BANK,MA,HYANNIS,4917
5493007XQ4LU452LQJ67,COMMUNITY FINANCIAL,MI,Plymouth,3679
5493007XRAHUC7QUVO11,THE FIRST NATIONAL BANK OF GRA,TX,GRANBURY,447
5493007XV974105FQA68,Bridgeview Mortgage Corp.,NY,Franklin Square,145
5493007XXF5AWOEWTU94,MUTUAL FEDERAL BANK,IL,CHICAGO,1019
5493007Y306QGNH6J842,Liberty Bay Credit Union,MA,Braintree,416
5493007YN2BYYXCI7W64,"BankWest, Inc.",SD,PIERRE,2070
5493007YWPQ2TU6YIG45,Magnolia State Bank,MS,Laurel,247
5493007Z7FTUKQGFMZ98,"Greystone Servicing Corporation, Inc.",TN,Memphis,979
5493007ZF78YQRSXQG49,Opportunity Bank of Montana,MT,Helena,4853
5493007ZG5EVEXW01J70,Advanz Federal Credit Union,KY,Louisville,185
5493007ZN3JNCBPMI730,MORGANTOWN BANK & TRUST CO INC,KY,MORGANTOWN,179
5493007ZNQ6MSZ2J3966,People First Federal Credit Union,PA,Allentown,704
5493007ZX1MGMF18FN43,THE PEOPLES BANK OF GEORGIA,GA,TALBOTTON,235
54930080168VA6Z8UX21,Tower Federal Credit Union,MD,Laurel,7803
54930080F7BZFCWNV450,"West Penn Financial Service Center, Inc.",PA,Pittsburgh,2101
54930080KJR5G1HZVI89,First National Bank and Trust Company of Ardmore,OK,Ardmore,176
54930080OKRZ7NNZIO71,Amerifirst Financial Corp.,MI,Kalamazoo,18430
549300810F3G8UKNJ127,"Barley Mortgage, LLC",SC,Mount Pleasant,329
54930082CRK7E43ZJ680,First Credit Union,AZ,Chandler,409
54930082GM1TWV6QVI24,"BREMER BANK, NA",MN,ST PAUL,7828
54930082VCNY40XPOB62,THE FIRST NATIONAL BANK OF JEA,LA,JEANERETTE,177
549300838ZAWQIH9V751,RTP Federal Credit Union,NC,Durham,159
54930083CVF047DLXL67,STOUGHTON CO-OPERATIVE BANK,MA,STOUGHTON,108
54930083D8Q8RK84Y448,AMERICA'S CREDIT UNION,WA,DUPONT,299
54930083FPG64S0CPC15,Pyramid Federal Credit Union,AZ,Tucson,193
54930083VRKEK3SXZJ31,SKOWHEGAN SAVINGS BANK,ME,SKOWHEGAN,672
54930083ZNK6KPUJ7R29,ALLEGIANCE BANK,TX,HOUSTON,826
54930084WKZ9NTQ0QS94,Iroquois Federal Savings & Loan Association,IL,Watseka,747
549300850R07HZO8MY41,BNB FINANCIAL INC,CA,GLENDALE,204
54930085BPQMVH9JFX69,HUDSON VALLEY CREDIT UNION,NY,POUGHKEEPSIE,6911
54930085YFG0F7C2GE23,CITIZENS BANK & TRUST CO.,VA,BLACKSTONE,146
54930086UI4O90IKYD43,CAMC Federal Credit Union,WV,Charleston,68
54930087BYCGOODQ7P92,SSB Bank,PA,Pittsburgh,359
54930087FQP1S845Z665,"VERABANK,N.A.",TX,HENDERSON,1448
54930087JNDLPJWOLV11,VINTON COUNTY NATIONAL BANK,OH,MCARTHUR,1188
54930088NZQ6CDL0WA10,First Citizens' Federal Credit Union,MA,Fairhaven,269
54930089R5VSN6GVCK47,SOUTHEAST BANK,TN,KNOXVILLE,304
54930089UXPZ6O3RHG71,AMERISERV FINANCIAL BANK,PA,JOHNSTOWN,472
54930089XPEJZALBU127,Eaton Community Bank,MI,Charlotte,386
54930089Y8VTOF8RPD25,1ST COLONIAL COMMUNITY BANK,NJ,COLLINGSWOOD,1116
5493008B783OSGFDLN78,Midland Mortgage Corporation of SC,SC,Columbia,1820
5493008BSTI0PQR0IL08,Superior Choice Credit Union,WI,Superior,860
5493008CIXOTKUFPFW43,HEARTLAND NATIONAL BANK,FL,SEBRING,322
5493008CMM76GR76GS36,Mifflinburg Bank & Trust Company,PA,Mifflinburg,376
5493008CNPUHZU5S1E85,VisionBank,KS,Topeka,330
5493008CPTDVOS570626,Third Federal Savings and Loan,OH,Cleveland,60110
5493008E3WZYM5146L29,Farmers & Merchants Trust,PA,Chambersburg,1460
5493008E4KBJCB6UKR64,"DATA MORTGAGE, INC.",CA,ORANGE,15657
5493008EBYLPD4MM3C30,"Mortgage World Bankers, Inc",NY,Long Island City,497
5493008EOM1VM8BBK206,MEMBERS CHOICE CREDIT UNION,TX,HOUSTON,334
5493008EWJQJ6SK2V234,"TrustTexas Bank, SSB",TX,Cuero,140
5493008FT4WVSLWPKG77,River Bank,WI,Stoddard,454
5493008G8ZYIEPB4CZ17,Tidemark Federal Credit Union,DE,Seaford,217
5493008GTOZI3HQKE634,Ulster Savings Bank,NY,Kingston,1404
5493008GYZEYGLI3NQ97,Penrith Home Loans LLC,WA,Seattle,1889
5493008H38W2EPJ8ZQ43,LEOMINSTER CREDIT UNION,MA,LEOMINSTER,574
5493008HV53MEILG2D59,Parke Bank,NJ,Sewell,976
5493008HXD04SBQ82S85,HORIZON CREDIT UNION,TN,KINGSPORT,50
5493008HZMBEJQEY0J72,First Federal Savings and Loan,KS,Olathe,166
5493008I5A5R6730MQ84,"Security Home Mortgage, LLC.",UT,Orem,3343
5493008ICL5D7TS4CI35,SUPERIOR FINANCIAL SOLUTIONS,OH,LIMA,824
5493008JDUT3R3K1LZ58,Community Bank,PA,CARMICHAELS,542
5493008JECR4UE0WVR04,MORTGAGE EXPRESS,OR,PORTLAND,4451
5493008KJFFG6PYZ5914,Saco & Biddeford Savings Institution,ME,Saco,701
5493008KVNSBXMICV874,PS FUNDING INC.,CA,El Segundo,2775
5493008L7BNNEPSS6V79,Citizens State Bank,WI,La Crosse,429
5493008L9O5NV7EAK360,Bellco Credit Union,CO,Greenwood Village,10012
5493008M2HP1C1B9LU12,"PEOPLESBANK, A CODORUS VALLEY",PA,YORK,1282
5493008MFIR0PTRGGL44,Franklin Bank & Trust Company,KY,317 North Main Street,180
5493008N1D96CHCTQC27,Security Service Federal Credit Union,TX,San Antonio,17012
5493008NQVB5ZOWYNU83,CREDIT UNION ONE,MI,FERNDALE,3345
5493008NWHQT1R22C024,"AMERICAN FINANCIAL NETWORK, INC.",CA,BREA,75966
5493008OE5JXNTGWD962,"The First, A National Banking Association",MS,Hattiesburg,2174
5493008P3PCRZRS39T50,South Georgia Banking Company,GA,Tifton,239
5493008P6YO2KM3EO556,DART BANK,MI,MASON,3473
5493008P7IF5WNSI6V48,THE FARMERS NATIONAL BANK OF E,PA,EMLENTON,634
5493008PQSMR41Y70C36,Amerant Mortgage LLC,FL,Miami,342
5493008Q2ZM3OTLTQH25,DIRECT FEDERAL CREDIT UNION,MA,NEEDHAM,415
5493008Q3XBC7O0Q4X02,HOPE FEDERAL CREDIT UNION,MS,JACKSON,314
5493008R64K2UUN2NP30,Austin Bank Texas NA,TX,Jacksonville,1559
5493008R6KUI4KIER222,Leading Mortgage Solutions,CA,SAN DIEGO,110
5493008RNHC5I1E3IZ56,SEFCU,NY,ALBANY,4748
5493008RQ8SRLTLRWX62,BOGOTA SAVINGS BANK,NJ,TEANECK,272
5493008RSN6F31BTGT93,GULF COAST BANK AND TRUST,LA,NEW ORLEANS,3952
5493008S3V47SHFD8R45,"Red Diamond Home Loans, LLC",TX,Southlake,204
5493008S6MTNE6CY5G37,Northstar Bank,MI,Bad Axe,263
5493008SP1FN4D81IS17,Toyota Financial Savings Bank,NV,Henderson,1005
5493008SV4X2EID9J711,"Cambria Financial Group, LLC",MN,Eden Prairie,1956
5493008T2QQO3QJ0EM38,"Cadence Lending Group, Inc.",TX,El Paso,860
5493008TK613NXC2EN84,BLUE FOUNDRY BANK,GA,ATLANTA,497
5493008TO7JB5Q4IKZ94,Hunt Mortgage Corporation,NY,Buffalo,3235
5493008UAY9U03UGF223,City & Police Federal Credit Union,FL,Jacksonville,11
5493008UZWYHK74O4341,GPO Federal Credit Union,NY,New Hartford,436
5493008VCYW25D52ZC98,"Ark Mortgage, Inc.",NY,Montebello,2718
5493008VVXQIDO1EZ460,SUMMIT FUNDING.INC,CA,SACRAMENTO,31340
5493008WHMQTG21UHU90,Long Beach City Employees Federal Credit Union,CA,Signal Hill,95
5493008WOGGD8641UC13,"CAPSTONE DIRECT, INC.",CA,THOUSAND OAKS,716
5493008WWKO0RD22RN65,UNITED BANK OF UNION,MO,UNION,533
5493008X303QT73TU753,LIBERTY NATIONAL BANK,OH,KENTON,368
5493008XQDQ2YZPQKX53,"PROVINCE MORTGAGE ASSOCIATES, INC.",RI,EAST PROVIDENCE,1398
5493008XX3NZ5S384W16,UT FEDERAL CREDIT UNION,TN,KNOXVILLE,427
5493008YOT5ACN2UNP66,FIRST WESTERN MORTGAGE,AR,BOONEVILLE,312
5493008YRTIU0FNCTY07,Tri Boro Federal Credit Union,PA,Munhall,107
5493008YZRSEXRIR3I97,ALABAMA TEACHERS CREDIT UNION,AL,GADSDEN,564
5493008ZGI6EQ8RHPQ04,The State Bank,MI,Fenton,1465
5493008ZGR745OCU3U41,CLINTON SAVINGS BANK,MA,CLINTON,308
5493008ZK5SW6NTWB533,ENTERPRISE BANK AND TRUST COMPANY,MA,LOWELL,849
5493008ZTV4S0W9DCX64,"INTERNATIONAL CITY MORTGAGE, INC.",CA,SANTA ANA,1727
54930090M1R8T8VWLU55,Mountain Mortgage Corp.,NJ,Union,80
549300911X1OUPJU7Y90,Citizens State Bank,TX,San Angelo,91
549300916KMYQ118CX89,"Resource Financial Services, Inc.",SC,Columbia,2995
54930091CYUK2SDZ6D37,"BM Real Estate Services, Inc.",CA,Calabasas,5831
54930091JQKCU3Z6IP44,LendingOne LLC,FL,Boca Raton,12641
54930092HIO8R4060L05,MEDICOOP,PR,SAN JUAN,38
54930094EUD08LZEJR51,Gibsland Bank & Trust,LA,Minden,172
54930094PMFTE71NZK32,Glenwood State Bank,IA,Glenwood,141
54930095LY1EDFTWAG29,First Volunteer Bank,TN,Chattanooga,396
54930095UWUUXAWASB02,"Atlantic Coast Mortgage, LLC",VA,Fairfax,10256
54930097J3TUZXBXXE75,Hapo Community Credit Union,WA,Kennewick,931
549300981UHFORU1HG39,Miami University Community Federal Credit Union,OH,Oxford,42
54930098QK48NVYBZC62,EZ FUNDINGS INC,CA,RANCHO CUCAMONGA,659
54930098WTIWNSB1OV47,Community State Bank,WI,Union Grove,490
54930099BVD0E448JX38,Arbor Bank,NE,Nebraska City,1036
5493009B17HXCVXTD608,"JMAC Lending, Inc.",CA,Santa Ana,6811
5493009BD405QQTMXO12,TBI Mortgage Company,PA,Fort Washington,8971
5493009BOQDC6PCFR785,NBT Bank NA,NY,Norwich,4182
5493009CYWXD5RBPIX14,CALTECH EMPLOYEES FEDERAL CREDIT UNION,CA,LA CANADA FLINTRIDGE,461
5493009D2COWW65B8673,NORTHROP GRUMMAN FEDERAL CREDIT UNION,CA,GARDENA,1024
5493009D7ZK3I86CJC09,POINTS WEST COMMUNITY BANK,WY,TORRINGTON,154
5493009DQQ81725XIJ49,FIVE POINTS BANK,NE,GRAND ISLAND,755
5493009DTDMV4MI5MT96,"PARKSIDE LENDING, LLC",CA,SAN FRANCISCO,11404
5493009EEWZ9S4F2BE94,KIRKPATRICK BANK,OK,EDMOND,409
5493009F6BJDCZMZ7Y26,MORTGAGE FINANCIAL SERVICE LLC,LA,BATON ROUGE,7482
5493009FTGT1RX4J7Y04,Solidarity Community Federal Credit Union,IN,Kokomo,740
5493009HFRW3TN5NRR78,1ST SUMMIT BANK,PA,Johnstown,820
5493009HUMWCHFRDKF12,Sammamish Mortgage Company,WA,Bellevue,1431
5493009IWRQ5BJEI4M92,WATERTOWN SAVINGS BANK,MA,WATERTOWN,202
5493009JEKX81THMLH86,Atlantic Federal Credit Union,ME,Brunswick,1304
5493009JZ6NIQL6RQT28,HIGHMARK FEDERAL CREDIT UNION,SD,Rapid City,212
5493009KQ3D6Q5VM0B61,PUBLIX EMPLOYEES FEDERAL CREDIT UNION,FL,LAKELAND,595
5493009KSPF2426CPQ08,Crown Mortgage Company,IL,Oak Lawn,634
5493009L8OBHJQW5DQ13,SENTRY BANK,MN,ST. JOSEPH,192
5493009LKZIV63KY6458,"Virginia Credit Union, Inc.",VA,Richmond,7686
5493009LZZ8VZRVIX755,Vista Bank,TX,Lubbock,110
5493009N13S1TDMHNJ11,Northeast Family FCU,CT,Manchester,72
5493009N6Q6LPQ4CL708,Signature Mortgage Corpporation,OH,Canton,1608
5493009NZUFSRFRWTY71,Red Rocks Credit Union,CO,Littleton,1160
5493009OHBOFDUG78546,PARTNER COLORADO CREDIT UNION,CO,ARVADA,221
5493009OLY1HC3F0SB77,"WILLIAM RAVEIS MORTGAGE, LLC",CT,SHELTON,2688
5493009PLGT79KQ6HO15,Access Bank,NE,Omaha,954
5493009ROW8QSODANH20,MUTUAL SAVINGS ASSOCIATION,KS,LEAVENWORTH,319
5493009RSCJ6Y7LUWJ31,Federated Mortgage Corp.,PA,Pittsburgh,1381
5493009SFPZZ40DZTK92,PeoplesChoice Credit Union,ME,Saco,205
5493009SXBJ8LKIU7Q54,CoreFirst Bank & Trust,KS,Topeka,706
5493009TOEDMWVNG1442,Eagle One FCU,PA,Philadelphia,33
5493009TVPZT8PYBF879,South Shore Bank,MA,Weymouth,440
5493009U3Z7T32DXL565,Quaint Oak Bank,PA,Southampton,52
5493009U7VIT7UF4QH15,Ontario Shores FCU,NY,Newfane,175
5493009UERHLQ7BG5D32,FIDELITY FUNDING MORTGAGE CORP,FL,Maitland,958
5493009ULL1JFIC1C287,UNITEDONE CREDIT UNION,WI,MANITOWOC,776
5493009V3WNJX9V2GZ85,FirstBank,CO,Lakewood,12485
5493009X5Z27VV479310,"A+ Mortgage Services, Inc.",WI,Muskego,1881
5493009XSE00M8B9R434,"CountryPlace Mortgage, Ltd.",TX,Addison,5017
5493009Y8ROUG903AQ21,STANFORD FEDERAL CREDIT UNION,CA,PALO ALTO,1331
5493009YUAJW70SG7L54,Financial Plus Credit Union,MI,Flint,1048
5493009YXZEN8325UC34,"HOME MORTGAGE ALLIANCE, LLC",IL,CHICAGO,2969
5493009ZFRBMAYWB2F82,MOODY NATIONAL BANK,TX,GALVESTON,156
5493009ZQ1VZ1HZCL108,West Town Bank & Trust,NC,Raleigh,623
549300A03BP6F4DI7N56,GCS CREDIT UNION,IL,PONTOON BEACH,372
549300A0NYWCTG5X8Y25,JOHN MARSHALL BANK,VA,RESTON,210
549300A0SVCQJPHVGV20,ALTRA FEDERAL CREDIT UNION,WI,ONALASKA,6378
549300A23PXRZCMYM504,TCT Federal Credit Union,NY,Ballston Spa,341
549300A2N0IEBKSB5I23,GUARANTY BANK & TRUST,TX,MT PLEASANT,1358
549300A4SPX2JOQ71791,Merck Sharp & Dohme FCU,PA,Chalfont,412
549300A4ZI1DF2OO1B51,MERIWEST CREDIT UNION,CA,SAN JOSE,1005
549300A5HHOL2ED18C72,Ameritrust Mortgage Corporation,IL,Crystal Lake,66
549300A68YW07V5R5G22,FUNDLOANS CAPITAL,CA,ENCINITAS,1331
549300A6NF3MQMOHKJ20,Foote Capital Mortgage Company,PA,Carlisle,332
549300A6T9G3QXH9KZ27,Farmers and Merchants Bank,IN,LaOtto,119
549300A76WI58XAFNF59,ARIZONA CENTRAL CREDIT UNION,AZ,PHOENIX,1517
549300A7BPOO2YO2YE30,Montecito Bank and Trust,CA,Goleta,256
549300A7PPGN7EQJ6578,Mutual Credit Union,MS,Vicksburg,152
549300A7W1NQ3BYZCB68,Bank Independent,AL,Sheffield,1848
549300A7YGYUVVWJ2M57,Lynx Mortgage Bank LLC,NY,Westbury,680
549300A81K8K8KJR9759,PyraMax Bank,WI,Greenfield,1066
549300A8TEVE8WYT0T29,Abilene Teachers FCU,TX,Abilene,244
549300AAWFEC6CRH6N89,LANTZMAN MANAGEMENT INC,CA,SAN DIEGO,262
549300ABEFRFKC9S8368,"CREDIT UNION OF COLORADO, A FEDERAL CREDIT UNION",CO,DENVER,3881
549300ABHFY5HY2P3871,CoastLife Credit Union,TX,Corpus Christi,49
549300ACR0JR0FZ47P31,Diamond Valley Federal Credit Union,IN,Evansville,116
549300AENO88GEUWCZ39,"Luminate Home Loans, Inc",MN,Minneapolis,4810
549300AF1DMBPMDRP146,ARIZONA BANK & TRUST,AZ,PHOENIX,233
549300AFD1IR7H2CES48,The Nodaway Valley Bank,MO,Maryville,388
549300AG10BX85DF5S49,"MLD MORTGAGE, INC.",NJ,FLORHAM PARK,8848
549300AG64NHILB7ZP05,"LOANDEPOT.COM, LLC",CA,FOOTHILL RANCH,558593
549300AHVQ1LDFNP8P69,Inwood National Bank,TX,Dallas,856
549300AI4ZHB6MX23W09,"Blueleaf Lending, LLC",IL,Chicago,5450
549300AIF4FYYXDE3021,VUE COMMUNITY CREDIT UNION,ND,BISMARCK,87
549300AIZH87CMSYX861,AltaOne Federal Credit Union,CA,Ridgecrest,196
549300AJ6XFK1ACXWQ06,EDMONTON STATE BANK,KY,GLASGOW,953
549300AKQUNB6HFB7W73,SEBASTICOOK VALLEY FCU,ME,PITTSFIELD,194
549300ALNLUNS3Y53T24,AMERICAN FINANCING CORPORATION,CO,AURORA,84664
549300ALPT3HYIWS8833,Waldo State Bank,WI,Waldo,126
549300AN5V81GRYDJ823,FedChoice FCU,MD,Lanham,368
549300ANE43ZL0O8VZ13,"First State Bank of Blakely, Inc.",GA,Blakely,267
549300ANGNMQ8TDQAZ27,SUNSTREET MORTGAGE LLC,AZ,TUCSON,3977
549300ANTUZH5AQQXR02,St. Cloud Financial Credit Union,MN,Sartell,560
549300AO417FCNJGKM49,First State Bank and Trust,MN,Bayport,334
549300AOB4S7B0DB7863,Justice Federal Credit Union,VA,Chantilly,1728
549300AOG9F040P5KW70,RELIANT BANK,TN,BRENTWOOD,9774
549300AQ3T62GXDU7D76,GUILD MORTGAGE COMPANY LLC,CA,SAN DIEGO,167037
549300AQ83ZR1PW5DB53,"American B&T C, N.A.",IA,Davenport,695
549300AQN2CY1MGE3J02,UNIVERSITY OF MICHIGAN CREDIT UNION,MI,ANN ARBOR,649
549300AR1PZJHZ7BYH72,LABETTE BANK,KS,LACYGNE,217
549300AR337B2RGP3C69,LEGACY NATIONAL BANK,AR,P O BOX 6490,340
549300AR4BCLQFU47165,I H MISSISSIPPI VALLEY CREDIT UNION,IL,MOLINE,4521
549300ASFUWYQO0RW077,"Arbor Realty Trust, Inc.",NY,Uniondale,1030
549300ASHFL5TJ8X1B89,CODE Credit union,OH,DAYTON,138
549300ASIS4D2QDWH380,AMARILLO NATIONAL BANK,TX,AMARILLO,5907
549300AT4QWHFZ83D635,Ventura County Credit Union,CA,Ventura,800
549300AT7EB9FJAF0E61,Old National Bank,IN,Evansville,16875
549300AT7S7TRS2KSX88,"1st Financial, Inc.",MD,Linthicum,2602
549300AUFLERO59VGC71,"HOME STATE BANK, N.A.",IL,CRYSTAL LAKE,1169
549300AUL77A8UKADB04,Robins Financial Credit Union,GA,Warner Robins,2066
549300AV8QD552DSI743,"NorthMarq Capital Finance, L.L.C.",TX,Dallas,101
549300AWVW2ZYIVA5297,Old Fort Banking Company,OH,Old Fort,817
549300AX5UMUZ61L1X54,Utilities Employees Credit Union,PA,Wyomissing,747
549300AY1W8F91VLTB05,STATE EMP CREDIT UNION OF MD,MD,LINTHICUM,9580
549300AZ4UOXI3Q53W34,A+ FEDERAL CREDIT UNION,TX,AUSTIN,3038
549300AZBM8V8SE0IT33,PARK COMMUNITY CREDIT UNION,KY,LOUISVILLE,1091
549300B0HNWBV7RX2661,FINANCIAL PARTNERS CREDIT UNIO,CA,DOWNEY,3604
549300B0SOOJLUT6U297,UNITED TEXAS CREDIT UNION,TX,SAN ANTONIO,162
549300B190GPYLAX3Y92,American First National Bank,TX,Houston,76
549300B1DHIVKN5DEJ29,Winchester Savings Bank,MA,Winchester,258
549300B1HO0P8G3WYQ31,Eureka Homestead,LA,Metairie,202
549300B2JJHSM77T5Y41,LIBERTY HOME MORTGAGE CORP,OH,INDEPENDENCE,6451
549300B3BEP9WW99IR76,Citizens State Bank,WI,Hudson,168
549300B3J2ZHX7QFH171,NORTH SHORE BANK A CO-OPERATIVE BANK,MA,PEABODY,830
549300B3LJV7BU7IY610,First National Bank of Central Texas,TX,WACO,305
549300B3O78O3WRVJJ49,Level One Bank,MI,Farmington Hills,2598
549300B4IYL7TZT8FA34,"PREMIER MORTGAGE RESOURCES, LLC",ID,MERIDIAN,9775
549300B4JDSKWJR1NR35,Home Funding Corporation,CA,Rancho Cucamonga,583
549300B5Q1Q3J5NC8121,Fairway Consumer Discount Co,PA,Luzerne,111
549300B5RA7BRG1R2728,GREENVILLE FEDERAL CREDIT UNION,SC,GREENVILLE,405
549300B63HUNVIWL5V50,American National Bank Fox Cities,WI,Appleton,103
549300B6UWNP01JH6452,SAUK VALLEY BANK & TRUST COMPANY,IL,STERLING,336
549300B7YGT5O5MJ7M45,FORT WORTH COMMUNITY CREDIT UN,TX,BEDFORD,290
549300B81YWV4GBENI49,First Internet Bank,IN,Fishers,4295
549300B8C23BCNGJ4960,COMMUNITY BANC MORTGAGE CORP,IL,CHATHAM,2168
549300B8FO8HQHJB6633,EQUITABLE HOME MORTGAGE INC.,AZ,SCOTTSDALE,881
549300B8JQ9XD5FQQH32,CITIZENS BANK AND TRUST CO,LA,VIVIAN,481
549300B8JSCK4ZNVX087,MAX CREDIT UNION,AL,MONTGOMERY,1070
549300B92DSVIKGP5T53,HOYNE SAVINGS BANK,IL,CHICAGO,175
549300B934MYWT57IX38,LAKE ELMO BANK,MN,LAKE ELMO,347
549300B95782G2DYRD47,Lakeside Bank,LA,Lake Charles,90
549300BAZS5RZ8O98A51,POWER FINANCIAL CREDIT UNION,FL,PEMBROKE PINES,535
549300BB4LSE4JRRGV15,Choice Financial Group,ND,Fargo,848
549300BB8TE7SXIUJI50,Greater Iowa Credit Union,IA,Ames,746
549300BBKMRS6J0CB539,American Portfolio Mortgage Corporation,IL,Palatine,3768
549300BCHY7VFHESOE22,"Greentree Mortgage Company, L.P.",NJ,Gibbsboro,6620
549300BDFK1ZR5QSYO15,TEXELL CREDIT UNION,TX,TEMPLE,472
549300BDG3JYX3L37670,Citizens Deposit B & T,OH,Marietta,103
549300BDHZAV4ZQHQV19,Goldenwest Federal Credit Union,UT,South Ogden,9280
549300BDZCCADL2HG292,Wallkill Valley Federal Savings & Loan Association,NY,Wallkill,246
549300BEFX6JRSCS5N78,Centennial Bank,AR,Conway,5647
549300BEM32ZRV7MJ178,SOUTHSIDE BANK,TX,TYLER,1402
549300BES7HNVKCDIM50,AMERICAN SAVINGS BANK,HI,HONOLULU,6501
549300BEXTNMA3CARO05,Financial Federal Bank,TN,Memphis,534
549300BFJ8COFCPOMU05,Sovereign Lending Group Incorporated,CA,Costa Mesa,37762
549300BFT56DKVQ9BL15,Centricity Credit Union,MN,Duluth,339
549300BG31WZXGJRH472,Texas National Bank,TX,Edinburg,245
549300BGIT0LFI12Z304,SECURITY BANK,IL,SPRINGFIELD,304
549300BGJTHEIKSJJS77,COOPERATIVA DE AHORRO Y CREDIT,PR,Aguada,42
549300BH0YWZLVL5VX60,BRIGHTEN LENDING,CA,CITY OF INDUSTRY,503
549300BHD8N0WSH1Q305,Powerco Federal Credit Union,GA,Atlanta,153
549300BHPLBG0CXKTL06,CLEARVIEW FEDERAL CREDIT UNION,PA,MOON TOWNSHIP,2377
549300BI43WZOK3XF350,Bank of Franklin County,MO,Washington,285
549300BIIFMYRSTVLE14,American Financial Lending Inc,AZ,Phoenix,51
549300BIIOTBIZJPS834,"Tennessee Trust Mortgage, Inc.",TN,Pleasant View,235
549300BJ4VS64HEPMV23,MUTUAL FIRST FEDERAL CREDIT UNION,NE,OMAHA,184
549300BJ6EOJ9EF6JB96,Wells Bank,MO,Platte City,340
549300BJPOL64WXEFY56,Denver Fire Department Federal Credit Union,CO,Denver,224
549300BK51FTOVBDMC15,THE BRADFORD NATIONAL BANK OF GREENVILLE,IL,GREENVILLE,409
549300BKCQISE9PR4J88,TOWN & COUNTRY FEDERAL CREDIT,ME,SOUTH PORTLAND,613
549300BKDQB6JNNHRH94,Beach Municipal Federal Credit Union,VA,Virginia Beach,132
549300BKWR5OM8PWIN62,"FIDELITY DIRECT MORTGAGE, LLC",MD,GAITHERSBURG,1927
549300BLL6VL7AXWYP56,CHURCHILL MORTGAGE CORPORATION,TN,BRENTWOOD,27689
549300BLQQL5GPC6OJ66,SAFE Federal Credit Union,SC,Sumter,1094
549300BLY7T77VMK2263,Catlin Bank,IL,Catlin,667
549300BM1JKSQR7HI756,Woodsboro Bank,MD,Woodsboro,116
549300BM425MCJXSCE36,"GenNEXT FUNDING, LLC",NJ,Somerset,395
549300BM4NS8HDJT3X28,"Intercoastal Mortgage, LLC",VA,Fairfax,13493
549300BM59EMYEJ5Q179,THE FOUNTAIN TRUST COMPANY,IN,COVINGTON,751
549300BMHSUCH6UGU556,Farmers & Stockmens Bank,CO,Colorado Springs,651
549300BMJCCKS0LIQJ45,HORIZON CREDIT UNION,UT,FARMINGTON,33
549300BN4MNW5KE16X83,Northfield Bank,NJ,Woodbridge,1457
549300BN61BPY0L0H441,ATHOL SAVINGS BANK,MA,ATHOL,382
549300BNF25IPYUUCT31,"Chicago Financial Services, Inc.",IL,Chicago,2082
549300BNF48S5Z88UL34,READING COOPERATIVE BANK,MA,READING,312
549300BNZVNK1XN85P72,AMERICAN STATE BANK,IA,SIOUX CENTER,903
549300BOLK89ZL7BNX85,UTAH COMMUNITY FEDERAL CREDIT UNION,UT,PROVO,5244
549300BOONATEIE9GC38,1st Community Federal Credit Union,TX,San Angelo,161
549300BOX0L2YKKXKO38,Mechanics Cooperative Bank,MA,Taunton,230
549300BOXNV8VLRBDT24,"American Internet Mortgage, Inc.",CA,San Diego,19895
549300BOYV1JVWTO8O89,Solvay Bank,NY,Solvay,462
549300BPDFS1CLV7K329,CAMPUS USA CREDIT UNION,FL,GAINESVILLE,1621
549300BPO83ZZLEVGG70,QNB BANK,PA,QUAKERTOWN,458
549300BPOIHOHG3TPP54,PORT WASHINGTON STATE BANK,WI,PORT WASHINGTON,1028
549300BPU3QTJ3ZRVE07,Western National Bank,MN,Duluth,59
549300BQPSF250Q8KQ79,On Tap Credit Union,CO,GOLDEN,352
549300BR405NK5WS2370,Rockford Bell Credit Union,IL,Loves Park,41
549300BR55JZCJBERC86,MERCER COUNTY STATE BANK,PA,SANDY LAKE,470
549300BR7OTD25RTS027,BankFirst Financial Services,MS,Macon,1349
549300BREPLU2KKPI102,First National Bank of Fort Smith,AR,Rogers,1114
549300BRJZYHYKT4BJ84,HOME POINT FINANCIAL CORPORATION,MI,ANN ARBOR,344390
549300BRLQAIJ1LJA253,BANK FIRST N.A.,WI,MANITOWOC,3700
549300BRR67NLTQSBT29,"Hometown Funding, INC. D/B/A CNB Mortgage Company",NY,Pittsford,2954
549300BRSSSUNB0U6552,"American Bank, N.A.",TX,Corpus Christi,467
549300BS91G2Y1TKFS35,Central Kentucky Agricultural,KY,Lexington,18
549300BSIYFJ3FALVK78,PROFED FEDERAL CREDIT UNION,IN,FORT WAYNE,2052
549300BSREUOP0WE2207,SEVERN  BANK,MD,ANNAPOLIS,1243
549300BSTNYSV3EWYM24,Regent Bank,OK,Tulsa,384
549300BTFTXJ72LSIY30,Pinnacle Mortgage Inc.,NJ,East Hanover,1284
549300BTTIQWNC2CFA21,LGE Community Credit Union,GA,Marietta,1396
549300BTTR873E71L054,Integrity Home Mortgage Corporation,VA,Winchester,5806
549300BU5TSYOCF3Y655,Inland Bank and Trust,IL,Geneva,4274
549300BUIG4G67S5O712,WESTERLY COMMUNITY CREDIT UNON,RI,WAKEFIELD,351
549300BUVM9AXNUI6G83,CITY EMPLOYEES CREDIT UNION,TN,KNOXVILLE,75
549300BWFA5UY7H4WJ62,C&F Mortgage Corp,VA,Midlothian,6400
549300BWRXVFSDCUUY93,COMMUNITY FIRST BANK,LA,NEW IBERIA,350
549300BWXUPDS3PDOL40,West Alabama Bank & Trust,AL,Reform,167
549300BWXVTVB5RRZN58,"Home Financing Center, Inc.",FL,Coral Gables,405
549300BX448ALT10FI43,The Federal savings Bank,IL,Chicago,60608
549300BXWU32AYWT1A56,UIF CORPORATION,MI,SOUTHFIELD,5027
549300BY8DZPEK4ZR022,"Cardinal Credit Union, Inc",OH,Mentor,509
549300BYGLNAWS20VR43,MYPOINT CREDIT UNION,CA,SAN DIEGO,440
549300BYOVJ9X6PKXV28,PEACH STATE FEDERAL CREDIT UNION,GA,LAWRENCEVILLE,683
549300BYPXU2L51NW896,Team One Credit Union,MI,Saginaw,640
549300BYZ5JSI6TQMS54,Glass City Federal Credit Union,OH,Maumee,193
549300BZDER2ZANLA242,TROPICAL FINANCIAL CREDIT UNION,FL,Miramar,1787
549300BZNDHH8KWC0I67,"Mortgage Unlimited, L.L.C.",NJ,Garfield,889
549300BZTITCLMZ3TL46,Security First Bank,NE,Lincoln,736
549300C04BJ0G297NC13,ALLY BANK,NC,CHARLOTTE,45076
549300C04W4R4VGWRT26,Duke University Federal Credit Union,NC,Durham,141
549300C0SKCK5G4RX330,First Columbia Bank & Trust Co.,PA,Bloomsburg,793
549300C1FRYGOIEXG035,KERNDT BROTHERS SAVINGS BANK,IA,LANSING,210
549300C1ICNCM0V37Y02,FIRST STATE BANK OF ST CHARLES,MO,ST CHARLES,7953
549300C1KJJH2Y73E274,LISLE SAVINGS BANK,IL,LISLE,424
549300C1SBZVJTL6WB07,Rutgers Federal Credit Union,NJ,New Brunswick,27
549300C1YZ5ZORJBI935,SouthStar Bank SSB,TX,Moulton,419
549300C20KZIWPASBC15,"First Continental Mortgage, Ltd.",TX,Houston,5414
549300C232ZWY1I57C16,Wescom Central Credit Union,CA,PASADENA,4511
549300C25OR47JWZ1L21,Prospera Credit Union,WI,Appleton,529
549300C2GTHMQQJ5CS20,Everett Co-Operative Bank,MA,Everett,273
549300C2LYW7GU30DV25,Preferred Mortgage Corporation,PR,San Juan,1365
549300C3C8C6TSYT1R20,WHITAKER BANK INC,KY,LEXINGTON,508
549300C4CKL0HRXJ3085,The Farmers Bank,TN,Portland,727
549300C4J510S9L1RF98,ALERUS FINANCIAL NA,ND,GRAND FORKS,7318
549300C4RD3C53QCM649,"Starboard Financial Management, LLC",AZ,Gilbert,1557
549300C4YZ9QY31U5912,PrimeSouth Bank,GA,Blackshear,503
549300C4ZH7G6OB81F33,CITIZENS BANK OF KANSAS,KS,KINGMAN,358
549300C5503CI7DSIP33,Bossier Federal Credit Union,LA,Bossier City,80
549300C5GU86M1X2DG56,CENTRAL BANK & TRUST CO,KY,LEXINGTON,3273
549300C5JF1UNQK9KC45,First Financial of MD FCU,MD,Sparks Glencoe,1171
549300C5STIFBCFMRJ96,Kirkwood Bank & Trust Co.,ND,Bismarck,365
549300C5YLTTVIWX4J11,"PREFERRED LENDING SERVICES, LLC",SC,GREENVILLE,820
549300C61LNGA8J8EF85,Capitol Federal Savings Bank,KS,Lawrence,7649
549300C690YBM0ROXL93,Kleberg Bank N.A.,TX,Kingsville,187
549300C6CUP19I9O0770,"Hancock County Savings Bank, FSB",WV,Chester,1124
549300C6TQAJABMFOR79,Michigan First Credit Union,MI,Lathrup Village,2652
549300C6XY8GTVR2TV60,United Bank,AR,Springdale,692
549300C70VBQUGXHPR07,Mound City Bank,WI,Platteville,491
549300C720KB2QRAC051,JACKSBORO NATIONAL BANK,TX,JACKSBORO,424
549300C853H86L248593,FIRST SOUTHERN NATIONAL BANK,KY,STANFORD,573
549300C88V21IBGP5Y54,Commercial Bank of Grayson,KY,Grayson,162
549300C8GOC4OYUV0Z32,"Dominion Financial Services, LLC",MD,Baltimore,3173
549300CA0J0Z7OFQBG71,CONNEX CREDIT UNION,CT,NORTH HAVEN,826
549300CABYW2DE2UTD57,CITIZENS BANK,IN,MOORESVILLE,464
549300CB67L6KPJLHE19,"TRIAD FINANCIAL SERVICES, INC.",FL,JACKSONVILLE,66089
549300CCELEPUO4TOE73,West Community Credit Union,MO,O'Fallon,1723
549300CCQSH6ZSQHNS49,FNBC Bank,AR,Ash Flat,234
549300CD29U5MGKVD387,STATEWIDE FEDERAL CREDIT UNION,MS,FLOWOOD,23
549300CDGL2OULMP7388,CITIZENS SAVINGS BANK,PA,CLARKS SUMMIT,350
549300CDLJDN8ENOT455,Marion & Polk Schools Credit Union,OR,Salem,1227
549300CDOC4F7XSRG390,Pinnacle Bank,TN,Nashville,14152
549300CEGE3J950SQK51,Marion State Bank,LA,Marion,233
549300CEGZGHVQG0OD32,BEST CAPITAL FUNDING,CA,CHATSWORTH,4282
549300CEHN5CVC6INV48,The Park National Bank,OH,Newark,8641
549300CEKZ808Q0WJL95,ROCKY MOUNTAIN MORTGAGE COMPANY,TX,EL PASO,2436
549300CF5UDGUFHYM827,CapStar Bank,TN,Nashville,3581
549300CF8MP6S7MZV277,First Savings Mortgage Corporation,VA,McLean,8163
549300CG5TM73650DH84,Christian Community Credit Union,CA,San Dimas,764
549300CGP3B8XPP1N814,Arrha Credit Union,MA,Springfield,313
549300CGVVMPTCK0QG77,ABCO FCU,NJ,Rancocas,328
549300CGYC6O4770DL96,Kentucky Farmers Bank,KY,Ashland,265
549300CHBB3GN7JFXU86,"MSA MORTGAGE, LLC",MA,WINTHROP,2278
549300CHR7TPQ6LLXG47,LANGLEY FEDERAL CREDIT UNION,VA,NEWPORT NEWS,4644
549300CIQ950OK0BS407,Sandia Laboratory Federal Credit Union,NM,Albuquerque,1759
549300CJDUFKEK0WMB04,Ukrainian National F.C.U.,NY,New York,64
549300CK7U1WMTIG6687,"HIGHTECHLENDING, INC",CA,IRVINE,3812
549300CKG3JGNHH34D61,CARTER FEDERAL CREDIT UNION,LA,SPRINGHILL,157
549300CKKPTDS03YHG30,First Trust Credit Union,IN,Michigan City,83
549300CLB0CCSJV6S044,SAN FRANCISCO FIRE CREDIT UNION,CA,SAN FRANCISCO,1822
549300CLRXFVF83ZL806,"NATIONWIDE MORTGAGE BANKERS, INC.",NY,Melville,11910
549300CM7HYHZ1MEJ624,CACHE VALLEY BANK,UT,LOGAN,1296
549300CMO3QHQGZ2Z096,FIRST ST BK OF CAMPBELL HILL,IL,CAMPBELL HILL,115
549300CN50N3250U7V79,"Performance Equity Partners, Inc.",IL,Tinley Park,1457
549300CN9XK83EUACJ34,United Southern Bank,FL,Umatilla,205
549300CNDBHD7VKHK806,NobleBank and Trust,AL,Anniston,123
549300CNRVR02KBUDD48,FIRST FEDERAL BANK,TN,DICKSON,827
549300COIWXM618UBE82,HomeTrust Bank,NC,Asheville,5337
549300COSKD1GGV2KI91,East Boston Savings Bank,MA,Peabody,508
549300COV0JSM0J8GP39,New Tripoli Bank,PA,New Tripoli,258
549300COZ9YQTC4J1378,COMMUNITY BANK AND TRUST,MO,NEOSHO,407
549300CP7747DCRW6U68,Carrollton Bank,MO,Saint Louis,4473
549300CPJH6JMU13EQ37,Central Willamette Credit Union,OR,Albany,206
549300CPKDUJKREQRG38,INVESTAR BANK,LA,BATON ROUGE,471
549300CPM35KXH0BZ823,NAVY ARMY CCU,TX,CORPUS CHRISTI,6355
549300CPT4UV65RIEU74,Azura Credit Union,KS,Topeka,851
549300CPWNBJ0UCBZ853,The Old Point National Bank of Phoebus,VA,Hampton,480
549300CPZ5G5IZWT7878,Main Street Bank,MA,Marlborough,913
549300CQG2T7TCGY8Q67,First State Bank,IL,Mendota,1078
549300CR5XDK0TP7I727,"OPEN MORTGAGE, LLC",TX,AUSTIN,10093
549300CR6ELPCYKQRB34,Prudential Bank,PA,Huntingdon Valley,201
549300CRPIDBSEMEY066,HEARTLAND CREDIT UNION,KS,HUTCHINSON,1906
549300CRSE0TY73U6X46,Bartlett Mortgage Inc.,TN,Bartlett,1122
549300CS1XP28EERR469,ONE COMMUNITY BANK,WI,OREGON,1155
549300CSKW4TNZHEOO36,BUENA VISTA NATIONAL BANK,IL,CHESTER,352
549300CTISSNREVLNO46,BANK OF TENNESSEE,TN,KINGSPORT,1615
549300CTZWA68906Q837,NORTHWEST COMMUNITY CREDIT UNION,OR,EUGENE,2108
549300CU8QPZJILTBA54,"Premier Mortgage Services, Inc.",CO,Pueblo,339
549300CUF3Q2PQGM9256,COMMONWEALTH CREDIT UNION,KY,FRANKFORT,3236
549300CUL44QXBGFJM68,The First National Bank of Sonora,TX,Boerne,141
549300CUUEEQ66ZVK149,Endeavor Capital LLC,MO,Chesterfield,5881
549300CV1BZKP1QUDZ13,Millennium Financial Group Inc dba Mlend,MD,Middletown,750
549300CVK4UVTLHJ0R80,American Bank & Trust Company Inc.,KY,Bowling Green,237
549300CW5TQ2ILVQPH09,The FNB Community Bank,IL,Vandalia,118
549300CWJ74FF73VDL12,First Bank,IA,Waverly,210
549300CWXIPLEXBPNY95,TOPSIDE FEDERAL CREDIT UNION,VA,DAHLGREN,178
549300CWZXP5LD3GVV26,Bank of Dudley,GA,Dublin,118
549300CXZHD5OTAISA91,MK LENDING CORP,CA,North Hollywood,2784
549300CY7WNAHKHYSJ73,"CORNERSTONE HOME LENDING, INC.",TX,HOUSTON,48170
549300CYL5ZW4ISL7T55,PriorityOne Bank,MS,Magee,899
549300CYXW7LD00YCQ70,Pinal County Federal Credit Union,AZ,Casa Grande,113
549300CYYO0YQ3EVCV77,Shell Federal Credit Union,TX,Deer Park,4038
549300CZVVHZY16D5T08,Cincinnati Ohio Police Federal Credit Union,OH,Cincinnati,124
549300D003QRZFSQ4N43,PROSPERITY BANK,TX,VICTORIA,11666
549300D064PXOX5JP483,Mid-Missouri Bank,MO,Springfield,393
549300D0H09HSURFXA20,FAY SERVICING LLC,FL,TAMPA,2133
549300D0TGZMG03GNM36,All Western Mortgage Inc.,NV,Las Vegas,5567
549300D0VFMYLU9S6Q87,"Premium Security, Inc. dba Homecision",NV,Henderson,2524
549300D15L4ETR8E9517,Heritage South Credit Union,AL,Sylacauga,125
549300D1HSIL40QWFS52,VERABANK COMMUNITY DEVELOPMENT CORPORATION,TX,HENDERSON,8
549300D1LJKPCKRRHC31,City Credit Union,TX,Dallas,265
549300D1PL8LHKCBST97,SOMERSET TRUST COMPANY,PA,SOMERSET,1503
549300D214S3L7KZ0515,Crescent Mortgage Company,GA,Atlanta,7154
549300D2IR01BV6NPA49,Magyar Bank,NJ,New Brunswick,176
549300D2MZZVH30ENJ10,"Hamilton Home Loans, INC",FL,Sunrise,7948
549300D2OYT7VTDY6Z20,ANDREWS FEDERAL CREDIT UNION,MD,SUITLAND,1608
549300D2T1KWYCTPUZ21,ELMIRA SAVINGS BANK,NY,ELMIRA,1134
549300D36J5CQX0I4F44,"Northern Mortgage Services, LLC",MI,Grandville,2223
549300D3HXQOVIN2DA88,QUAIL CREEK BANK,OK,OKLAHOMA CITY,235
549300D3IKJ7KU3SH574,Priority Bank,AR,Ozark,734
549300D3LYUX1NJVC329,"Mortgage Capital Partners, Inc.",CA,Los Angeles,2572
549300D4L76B477GHY32,Ocean Bank,FL,Miami,122
549300D4P7FB9UH6CL48,Illinois State Police Federal Credit Union,IL,Springfield,28
549300D4ZYLSQ5LMTV35,Absolute Home Mortgage,NJ,Fairfield,11568
549300D5DG8D4966HK70,Greater Texas FCU,TX,Austin,1106
549300D5WZYDJFZQJ463,UNITED CONSUMERS CREDIT UNION,MO,INDEPENDENCE,149
549300D6BCLQFX6G1K95,The Equitable Mortgage Corporation,OH,Columbus,2402
549300D6J5NNUQ1QZ810,First State Bank,WI,New London,223
549300D6JK30QTSRHB52,OSWEGO COUNTY FCU,NY,OSWEGO,87
549300D7AV8NGI6N3S98,NORTHFIELD SAVINGS BANK,VT,BERLIN,808
549300D7GVUYHQEDEE56,United Security Financial,UT,Murray,1369
549300D7OB5W5CJHFO55,BrightStar Credit Union,FL,Sunrise,771
549300D88XVKM6DJOC77,Traditional Bank Inc.,KY,Mt Sterling,746
549300D8S1ETG70FFW35,H-E-B Federal Credit Union,TX,San Antonio,326
549300D992SE497KXK81,Ascendia Bank,NJ,Glen Rock,134
549300D9ZODKN6CVV913,PRIME FINANCIAL CREDIT UNION,WI,CUDAHY,514
549300DA1N0K2LJI0471,Choice One Community FCU,PA,Wilkes-Barre,134
549300DASRDHPPEK5V15,DEAN COOPERATIVE BANK,MA,FRANKLIN,596
549300DAUXQ2DCY4H838,"HARBORONE MORTGAGE, LLC",NH,MANCHESTER,9895
549300DB8DXY0GE82T18,First National Bank in DeRidder,LA,DeRidder,226
549300DBE56TS8LE1K36,Jordan Credit Union,UT,Sandy,74
549300DCGBXW5FJMV921,"NMSI, INC.",CA,LOS ANGELES,7803
549300DD4R4SYK5RAQ92,"MOVEMENT MORTGAGE, LLC",SC,INDIAN LAND,149914
549300DD5QQUHO6PCH70,Mortgage Research Center,MO,Columbia,223183
549300DD6DH8XAGW3A86,PIEDMONT FEDERAL SAVINGS BANK,NC,WINSTON SALEM,758
549300DDDXGC8OXLNZ36,First United Bank,TX,Lubbock,790
549300DDJB48AVV1SO96,"Home Financing Unlimited, Inc",TX,Austin,1110
549300DDJMNOWGXL6236,Farmers Savings Bank,WI,Mineral Point,332
549300DDLYW49R2HCV81,EASTMAN CREDIT UNION,TN,KINGSPORT,8653
549300DDRY04AJC3ZZ52,Androscoggin Bank,ME,Lewiston,740
549300DE8TS4EYTPX729,AFFORDABLE MORTGAGE ADVISORS,PA,PITTSBURGH,2361
549300DEVPMBR765WH45,Utah First Credit Union,UT,SALT LAKE CITY,1500
549300DF7LT6VI5BQC34,Old Missouri Bank,MO,Springfield,264
549300DFCG6GF21KOW34,EXCITE CREDIT UNION,CA,SAN JOSE,403
549300DFQK7P8BBRWA45,FIRST CHOICE AMERICA COMMUNITY,WV,WEIRTON,163
549300DFV63SJPNIII97,HOMEBANK,MO,Palmyra,521
549300DG3IV05V4C4E03,EUSTIS MORTGAGE CORPORATION,LA,NEW ORLEANS,7158
549300DHRESF8KLNP162,Southwest Missouri Bank,MO,Carthage,889
549300DI1T4KP9NPFQ75,Industrial Federal C. U.,IN,Lafayette,254
549300DISOL963J03Q15,RAYNE STATE BANK & TRUST CO,LA,RAYNE,137
549300DJES4HXFQRN790,GOLD Credit Union,PA,Allentown,249
549300DJS1VMO4NUS123,COOPACA,PR,ARECIBO,288
549300DK2AEMKCO4JZ92,Partners Bank of New England,ME,Sanford,569
549300DK682S26NIMG70,ARTHUR STATE BANK,SC,WOODRUFF,665
549300DK7QID2ZON6Q55,Alaska USA Federal Credit Union,AK,ANCHORAGE,10435
549300DK8GVTLGSA4H75,FIRST NATIONAL BANK OF ONEIDA,TN,ONEIDA,203
549300DL0FLZ3XZV5J76,SHAREPOINT CREDIT UNION,MN,BLOOMINGTON,268
549300DL7AWRPX6NXO12,American Commercial Bank & Trust,IL,Ottawa,1118
549300DLHIZLJ7617Q04,CITIZENS STATE BANK,TX,SOMERVILLE,374
549300DM47883NLNBK72,LIBERTY BANK MINNESOTA,MN,ST CLOUD,1295
549300DM6DAOPSF8HL78,"GRAND BANK FOR SAVINGS, FSB",MS,HATTIESBURG,244
549300DMHEHNYZ2OLB41,FIRST UNITED BANK AND TRUST CO,OK,DURANT,20934
549300DMI3W6YLDVSK93,FIRST HOME BANK,FL,SEMINOLE,10411
549300DMIVL13D62WX91,INTERCONTINENTAL CAPITAL GROUP,NY,MELVILLE,47375
549300DMYENRV818D594,SWBC Mortgage Corporation,TX,San Antonio,26810
549300DNRGCN05KNA737,FIRST STATE BANK OF FORREST,IL,Peoria Heights,333
549300DNUPSQ3UW3EM09,"The Bank & Trust, s.s.b.",TX,Del Rio,241
549300DNWSJUNAWUM003,CREDIT UNION MORTGAGE ASSOCIAT,VA,FAIRFAX,6027
549300DO51DW0RG07O39,BENCHMARK FCU,PA,WEST CHESTER,194
549300DOQN3O7NL3CA31,HOMELAND FEDERAL SAVINGS BANK,LA,COLUMBIA,477
549300DOV2RLYPY10B52,Mid America Bank,MO,Jefferson City,458
549300DP6NUMG3X4JQ52,COOPERATIVA LA SAGRADA FAMILIA,PR,Corozal,90
549300DPRWSBUY619V27,Simmons Bank,AR,Pine Bluff,9051
549300DPWFIO1S3DF358,FIRST FEDERAL S&L OF LAKEWOOD,OH,LAKEWOOD,5039
549300DQ137S1HEMVL85,DEXSTA Federal Credit Union,DE,Wilmington,160
549300DQG9B47MV1MR51,"The Samson Banking Company, Inc",AL,Samson,150
549300DQLGJ1YQRRHH73,SOUTHWEST AIRLINES FCU,TX,DALLAS,587
549300DQMFK1KT7KEB48,"NORTHEAST HOME LOAN, LLC",NH,WEST CHESTERFIELD,1664
549300DQW5P73YGBL063,SERVICE 1ST FEDERAL CREDIT UNI,PA,DANVILLE,272
549300DRA4BDXW23LD45,Servion,MN,New Brighton,8753
549300DRKDRXN7POBN12,Austin Capital Bank SSB,TX,Austin,2856
549300DRKI1J5D73X280,GENOA BANKING COMPANY,OH,GENOA,1009
549300DRZGISDSL1BX02,Finex Credit Union,CT,East Hartford,119
549300DSPT6YGS1ZLR56,HICKAM FEDERAL CREDIT UNION,HI,HONOLULU,97
549300DSSN04C7ZJJD51,Newfield National Bank,NJ,Newfield,212
549300DT7CCDCC7O6Z60,KEYPOINT CREDIT UNION,CA,SANTA CLARA,1030
549300DT7WZ1SOTNFJ62,FIRST BANK,MO,SAINT LOUIS,6309
549300DTYWYXW2NOK656,"MEMBER OPTIONS, LLC",VA,CHARLOTTESVILLE,494
549300DU4JZVSGF3G964,CASHMERE VALLEY BANK,WA,CASHMERE,612
549300DU662K57XBSH20,Memphis City Employees Credit Union,TN,Memphis,279
549300DUOQ7XXHRKPG35,THE LINCOLN NATIONAL BANK OF HODGENVILLE,KY,Hodgenville,340
549300DUTN4RUBI81Z18,LAKESIDE BANK,IL,CHICAGO,85
549300DV2WBWN5ZEMV06,Alcoa Tenn Federal Credit Union,TN,Alcoa,210
549300DV8S0IJF2QWL30,Stockmens Bank,MO,Springfield,136
549300DV8URIHEH3DE77,Dane County Credit Union,WI,Madison,401
549300DW87L2IZ7ZHF47,"MLB Residential Lending, LLC",NJ,Springfield,2442
549300DWS85AHLUZHB50,QUAD CITY BANK AND TRUST COMPANY,IA,Bettendorf,307
549300DX0B304LAKUN93,JLB Corp dba Golden Oak Lending,MO,St. Louis,10212
549300DXF2FQC64H6G42,Zeal CU,MI,Livonia,488
549300DXSALP2TGZBQ16,Mission Federal Credit Union,CA,San Diego,6020
549300DY5ZVXIORLFC39,"BANK OF BRIDGER, N.A.",MT,RED LODGE,111
549300DYB1ZT3UOGPL20,PHILADELPHIA FEDERAL CREDIT UN,PA,PHILADELPHIA,1899
549300DZ25WXQZZ57J48,State Bank of Cross Plains,WI,CROSS PLAINS,1587
549300DZCP6EQ7DCSD79,UNIVERSITY LENDING GROUP LLC,MI,CLINTON TOWNSHIP,5849
549300E02I9FR0A6YT35,Northwestern Mutual CU,WI,Milwaukee,297
549300E035FX7XMJ6713,Citizens Bank,TN,Elizabethton,294
549300E05TZE9VHI0I91,Mid-Southern Savings Bank,IN,Salem,124
549300E06ZGS1I3URI95,Vantage Credit Union,MO,St Charles,308
549300E0KRXI8PZWAO17,HarborOne Bank,MA,Brockton,1360
549300E0P87HTQVFQH08,CONSUMERS NATIONAL BANK,OH,MINERVA,395
549300E0Q8JLIMURNH75,West Pointe Bank,WI,Oshkosh,184
549300E0S1LZYZ9QNX81,"First Financial Bank, NA",IN,Terre Haute,2411
549300E0WPRCJMXMUM09,POPULAR BANK,NY,NEW YORK,1218
549300E1PJPTI4YS7H26,ASCEND FEDERAL CREDIT UNION,TN,TULLAHOMA,3510
549300E2EE7WCBVR5I65,SHARON & CRESCENT UNITED CREDIT UNION,MA,BROCKTON,1043
549300E2QBYW1NW41140,Maine Family Federal Credit Union,ME,Lewiston,266
549300E2RDLPC5BL1Z93,PROGRESS BANK,AL,HUNTSVILLE,1887
549300E2UX99HKDBR481,"Broker Solutions, Inc",CA,Tustin,190325
549300E34W6TNRG7B624,Oregonians Credit Union,OR,Milwaukie,127
549300E3A68XVBMBX690,"SHAMROCK HOME LOANS, INC.",RI,Rumford,2845
549300E3QJQLKVB40W93,Canvas Credit Union,CO,Englewood,8901
549300E3UCOTNUZIEB53,MAUCH CHUNK TRUST COMPANY,PA,JIM THORPE,302
549300E3VF26P7719Z56,RELIANT COMMUNITY FCU,NY,SODUS,1058
549300E3X7YDJIUENL65,NuMark Credit Union,IL,Joliet,1968
549300E45E0GS21KWF28,FIRST NEBRASKA CREDIT UNION,NE,OMAHA,317
549300E4I5AJ7XJ4DL31,WINCHESTER CO-OPERATIVE BANK,MA,WINCHESTER,405
549300E4YLQ3BVQ4GW30,"WALL STREET MORTGAGE BANKERS, LTD. D/B/A POWER EXP",NY,GREAT NECK,1686
549300E5018DD89WPX79,ARBOR FINANCIAL CREDIT UNION,MI,KALAMAZOO,2554
549300E51HYVR7T2SU19,SAN DIEGO COUNTY CREDIT UNION,CA,SAN DIEGO,7151
549300E57105E8PDY082,Valley Financial Credit Union,MT,Billings,365
549300E5EFGSFSL7WF75,"GIBRALTAR MORTGAGE SERVICES, LLC",IL,CHICAGO,985
549300E5GFWPFRJR4I76,First Northern Bank and Trust Company,PA,Palmerton,284
549300E76OWAX7HQJX42,Legacy Bank,OK,Hinton,239
549300E8HNQO52YYHI82,AMERICAN SECURITY MORTGAGE COR,NC,CHARLOTTE,7111
549300E8JTSHNU1K4K92,First National Bank & Trust Co,OK,Okmulgee,145
549300EA0U825E61X330,BankSouth,GA,Greensboro,278
549300EAO0HUFDR48U74,RED RIVER EMPLOYEES FCU,TX,TEXARKANA,1216
549300EAZZ1G4DMO8869,Linn Area Credit Union,IA,Cedar Rapids,930
549300EB335VA0W9HB45,Rocky Mountain Law Enforcement Federal Credit Union,CO,Denver,147
549300EB748TPUCF9H23,LEGACY BANK,KS,WICHITA,178
549300EBDJ0OSO5L7O79,ASSOCIATED SCHOOL EMPLOYEES CREDIT UNION,OH,Youngstown,95
549300EBN45MAXGIP071,Cincinnatus Savings & Loan Co,OH,Cincinnati,190
549300EBW60Q23TUJN89,KD CAPITAL MORTGAGE CORPORATIO,CA,PASO ROBLES,549
549300EBXH41OP56DQ10,UNION CAPITAL MORTGAGE CORP,OH,WESTLAKE,1272
549300EC7M6N4U9DR727,FIRST NATIONAL BANK OF MCGREGOR,TX,MCGREGOR,212
549300EDXX36BJ0X7583,NORTH STATE BANK,NC,RALEIGH,1927
549300EE39SNC5DXTC46,NORTHERN BANK & TRUST COMPANY,MA,WOBURN,1207
549300EE4TIFHU1Z3G10,"Integrity Mortgage & Financial, Inc",CO,Colorado Springs,481
549300EEBMJ68MB8P551,RF Mortgage & Investment Corp,PR,San Juan,538
549300EES32R2VOEK894,BANKERS' BANK,WI,MADISON,2225
549300EEYVCFG0V6Z057,Tennessee State Bank,TN,Pigeon Forge,299
549300EFCZM6KD6B8K69,Weichert Financial Services,NJ,Morris Plains,6254
549300EGL1VV7LY0QU69,BANK OF MARIN,CA,NOVATO,60
549300EHE8JUF2GR3461,"PRIORITY MORTGAGE LENDING, INC.",LA,LAFAYETTE,16
549300EHQ0Y7SP41BR91,"Athas Capital Group, Inc.",CA,Calabasas,4817
549300EHWBP6UP4Y8J37,"PLUS RELOCATION MORTGAGE, LLC",SC,GREENVILLE,416
549300EHZKNMEE6UUC83,Cedar Falls Community Credit Union,IA,Cedar Falls,316
549300EI8WIPSALARU71,Heritage Bank of St. Tammany,LA,Covington,252
549300EIBXII5C4D4548,TULARE COUNTY FEDERAL CREDIT UNION,CA,Tulare,207
549300EJ3PWN9QTWAN34,PEOPLES BANK & TRUST,GA,BUFORD,56
549300EJ89CA12ZT7X03,LUZERNE BANK,PA,LUZERNE,585
549300EJVZTLWGR61E96,THUMB BANK & TRUST,MI,PIGEON,338
549300EKC7T8LXNFWP64,"Bankers Mortgage Lending, Inc.",FL,Davie,411
549300EKCY4J7PC8WH77,Mackillie Inc,CA,Carmel,165
549300EKFFG3BU8DNX74,NEXERA HOLDING LLC,CA,EMERYVILLE,4921
549300EKGRBBO8HEKR21,Marine Bank,IL,Springfield,1987
549300EL87GZMCVX0Q34,"Bond Street Mortgage, LLC",NJ,Paramus,2355
549300ELFWNRX6MLE444,FARMERS AND MERCHANTS BANK,GA,LAKELAND,319
549300ELQB8TS88JEE06,HENRICO FEDERAL CREDIT UNION,VA,HENRICO,251
549300ELXS6PBT8OEE44,AIR ACADEMY FEDERAL CREDIT UNION,CO,COLORADO SPRINGS,736
549300EM6UG8HE3P8U74,PATELCO CREDIT UNION,CA,DUBLIN,10137
549300EM8ID8J7F8OM55,"First Heritage Mortgage, LLC",VA,Fairfax,11584
549300EMGY2NJUW3A749,Pacor Mortgage Corp,IL,Oak Forest,1458
549300EMNDEK4BA8WB53,EMM LOANS LLC,NJ,CHERRY HILL,13837
549300EMNQ2QLOEPQ289,Colonial Savings,TX,Fort Worth,9541
549300ENNFGLHCMQ1U82,Guardian Savings Bank,OH,West Chester,10260
549300ENXD6MBH06E085,Bristol County Savings Bank,MA,Taunton,1215
549300EOHSB7M6IFW844,MORTGAGE LENDERS INVESTMENT TR,FL,LAKE MARY,8702
549300EP58VNEJR7BV48,Primebank,IA,Le Mars,764
549300EQ09ZL8XSYZM84,SAVERS COOPERATIVE BANK,MA,SOUTHBRIDGE,283
549300ERHDU3FCE3FA33,Glens Falls National Bank,NY,Glens Falls,1268
549300ERL4SV8MDO3P56,AMERICA'S FIRST FEDERAL CU,AL,BIRMINGHAM,2074
549300ESJ15K604ZW846,CMC HOME LENDING,TX,HOUSTON,1297
549300ESNLIWVN3TK065,CBC FEDERAL CREDIT UNION,CA,OXNARD,785
549300ESRQ6OLBB56N04,Glacier Bank,MT,Kalispell,15781
549300ESV371MYVWQV54,Citizens Savings Bank,LA,Bogalusa,249
549300EW5YD0HPCTME62,Fort Worth City CU,TX,Fort Worth,140
549300EWFHPBZH38K695,COMPEER FINANCIAL,WI,SUN PRAIRIE,2719
549300EWGL0JGA62YY67,Advantage Plus FCU,ID,Pocatello,530
549300EWL25M8JXH2R78,ONEAZ CREDIT UNION,AZ,PHOENIX,4476
549300EWO1QALFC6LE98,MEREDITH VILLAGE SAVINGS BANK,NH,MEREDITH,1077
549300EWYXV06QXJH078,Dow Chemical Employees Credit Union,MI,Midland,1753
549300EXKS98GEONUS84,FARMERS STATE BANK,IA,MARION,451
549300EXQ4TO1KWRTV95,James B. Nutter & Company,MO,Kansas City,1174
549300EY247F6R5IHX75,Citizens Bank & Trust Company,AR,Van Buren,455
549300EYKSNFOZRIBC29,First Florida Credit Union,FL,Jacksonville,1055
549300EZ060LDD77JC03,Shinhan Bank America,NY,New York,178
549300EZG6KIP4HOUR65,ADIRONDACK BANK,NY,UTICA,493
549300EZHVOHDWG07M20,PIMA FEDERAL CREDIT UNION,AZ,TUCSON,831
549300EZIROI6ZF7B419,Family First of NY FCU,NY,Rochester,580
549300F04B6FGYBJY412,FIRST STATE COMMUNITY BANK,MO,FARMINGTON,3618
549300F08RTZA4O1LF12,Grundy Bank,IL,Morris,673
549300F0LV9TSW34E306,NORTHEAST BANK,ME,LEWISTON,28
549300F0QYLUOR9SYB86,802 Credit Union,VT,South Burlington,190
549300F175WFRUKLMG10,Indiana University CU,IN,Bloomington,1317
549300F1D8U51K67LV24,First Century Bank,TN,Tazewell,419
549300F263I3XPN55P35,THE RICHWOOD BANKING COMPANY,OH,RICHWOOD,568
549300F2GDWKJH3GMB47,Educational Systems F C U,MD,Greenbelt,1193
549300F2X31IJ1AVQ527,Landmark,PA,Scranton,85
549300F52SJSXL6QRM73,FIRST COMMUNITY CREDIT UNION,TX,HOUSTON,1859
549300F570XAWYN8Z237,Bank of Hope,CA,Los Angeles,1373
549300F5TN705NCHGW39,FIRST STATE BANK NEBRASKA,NE,LINCOLN,380
549300F6NSBOJBM9ED39,NUVISION FEDERAL CREDIT UNION,CA,HUNTINGTON BEACH,1783
549300F6OBLSYWXXKH16,METRO CREDIT UNION,MA,CHELSEA,2684
549300F6S4S7QMOUVG59,FIRST ENTERTAINMENT CU,CA,HOLLYWOOD,1226
549300F6Y1YO2YXN6135,Redwood Residential Acquisition Corp,CA,Mill Valley,15222
549300F7JKU0UTD6KX15,"Evans Bank, N.A.",NY,Williamsville,725
549300F7LVIOO42D5630,The Local Credit Union,MI,Sterling Heights,15
549300F7S6KEMTKK0546,"EXTRACO BANKS, NA",TX,TEMPLE,746
549300F8C5JA44WNMI75,American Neighborhood Mortgage Acceptance Company,NJ,Mt. Laurel,26000
549300FAG4VH7YJ66576,ANSTAFF BANK,AR,GREEN FOREST,303
549300FB7LY738B0AS28,Sharefax Credit Union,OH,Batavia,407
549300FCKH37LHQEEV88,SANBORN MORTGAGE CORPORATION,CT,WEST HARTFORD,154
549300FCPKXI75DX5M03,CITYWORTH MORTGAGE LLC,VA,FAIRFAX,1203
549300FEBB5EMDXTC518,Lake Shore Savings Bank,NY,Dunkirk,512
549300FFFM0IGJLBWH48,WV Central Federal Credit Union,WV,Parkersburg,237
549300FFPMB9B7FHNR61,Universal Mortgage and Finance Inc,MD,Edgewater,388
549300FGGERPRKXH7V65,AVADIAN CREDIT UNION,AL,HOOVER,1197
549300FGUI1NQCS1M144,Midwest Community Bank,IL,Freeport,2987
549300FGXN1K3HLB1R50,ROCKET MORTGAGE,MI,DETROIT,1586789
549300FHGNOLF14HHS09,Cambridge Savings Bank,MA,Cambridge,1495
549300FHRL270LZY2I23,SOMERVILLE BANK,OH,SOMERVILLE,399
549300FHTPSIK7LBKD38,Partners 1st Federal Credit Union,IN,Fort Wayne,696
549300FHWDJMELT59Z22,EFINITY MORTGAGE,TX,BEDFORD,1892
549300FJ9SHI3GDB7327,Abbeville Building & Loan,LA,Abbeville,715
549300FJFORNJ9A43Q02,Vermont State Employee Credit Union,VT,Montpelier,1655
549300FJHIE3T5GJRI39,American United FCU,UT,West Jordan,91
549300FJI86JAMJGHR47,SOUTHWEST NATIONAL BANK,KS,WICHITA,85
549300FJJQP6TUP5U107,"Dominion Capital Mortgage, Inc.",VA,Richmond,171
549300FJRQ7KMJ2TQQ84,The HomeTown Bank of Alabama,AL,Oneonta,397
549300FK3AFCFVAPH234,Leader Bank NA,MA,Arlington,14764
549300FK7ZHTO2G1RM11,Lanco Federal Credit Union,PA,Lancaster,92
549300FKW6LAHX0L9161,GEORGIA COMMUNITY BANK,GA,DAWSON,368
549300FKWBMLIMGZ7Q40,Bridgewater Bank,MN,St. Louis Park,566
549300FKX3KC0CFK2D88,Community West Bank,CA,Goleta,516
549300FL5GANFX0HMU45,Erie Federal Credit Union,PA,Erie,865
549300FM2Y64BMWO8016,First Bank,GA,Dalton,189
549300FMSW7QU9K8BB98,"Lake Mortgage Company, Inc.",IN,Merrillville,460
549300FN26DK7DGUPD51,West Michigan Community Bank,MI,Hudsonville,433
549300FNQXUCMCVLKL76,UNITY BANK,NJ,CLINTON,1197
549300FNXYY540N23N64,NEWREZ LLC,SC,GREENVILLE,529874
549300FOCEH0X0ZOR362,GROW FINANCIAL FCU,FL,TAMPA,1655
549300FOE3Q0OTXTQ820,LIMESTONE BANK,KY,LOUISVILLE,192
549300FOHR7SBPQ7WJ92,Millennium Bank,TN,Ooltewah,129
549300FOPGYPVP42FW34,DATCU,TX,Corinth,1055
549300FOTVC2DXJ6YD92,EvaBank,AL,Cullman,650
549300FOXIQQV5UZD367,"Southern Trust Mortgage, LLC",VA,Virginia Beach,10287
549300FOZZQIQVHMVH05,American Mortgage Service Company,OH,Cincinnati,7889
549300FQ2SN6TRRGB032,FNBC Bank and Trust,IL,LaGrange,227
549300FQD0RJERL83Q30,Farm Credit Services of Western Arkansas,AR,Russellville,18
549300FQS3UXEAID1Q88,Polish National Credit Union,MA,Chicopee,1222
549300FR7PGHS5RN4G56,ABINGTON BANK,MA,ABINGTON,226
549300FRCDZ60TVZUA57,HOWARD BANK,MD,BALTIMORE,219
549300FRF7HYNM1S7Y12,FIRSTBANK SOUTHWEST,TX,AMARILLO,639
549300FRM3OFF8EM0191,JNC MORTGAGE COMPANY,TX,EL PASO,217
549300FS35FQXZRU4Z45,EDUCATORS CREDIT UNION,WI,MOUNT PLEASANT,8907
549300FS4TWJ50ESLB05,The Missouri Bank,MO,SEDALIA,97
549300FSZH0FMQ1T8Y90,IOWA BANKERS MORTGAGE CORPORATION,IA,JOHNSTON,11424
549300FTOVR82GNLRK69,OWNING CORPORATION,CA,ORANGE,8967
549300FTR6GEUX8QTI81,"Home Approvals Direct, Inc.",CA,Irvine,2012
549300FTS7TVGFDGUH88,National Bank of Indianapolis,IN,Indianapolis,500
549300FTVK4FVXS1IW37,Commercial Bank,MI,Alma,374
549300FUMS21JPQM1N03,Fox Communities Credit Union,WI,Appleton,4360
549300FV32ULL0DL8X39,NET CREDIT UNION,PA,Scranton,348
549300FV8093AKDLHQ80,ENVISTA CREDIT UNION,KS,TOPEKA,1103
549300FVD3YHE65PKH97,"PANORAMA MORTGAGE GROUP, LLC",NV,LAS VEGAS,9303
549300FVHSR5J0LNLQ61,Hershey Federal Credit Union,PA,Hershey,125
549300FVJ3IB88LTR841,Stockman Bank,MT,Miles City,5556
549300FW5QWKDV0UY394,PRYSMA LENDING GROUP LLC,CT,DANBURY,290
549300FWQNRPTKXB8G79,"WALLICK & VOLK, INC.",WY,CHEYENNE,8570
549300FWYXJ79KO49290,UNIFY FINANCIAL FEDERAL CREDIT UNION,CA,MANHATTAN BEACH,1805
549300FX2QBKG7ZTBX37,Siouxland Federal Credit Union,NE,So Sioux City,360
549300FX3J95NB1UTP88,ALLIANCE COMMUNITY BANK,IL,PETERSBURG,402
549300FX7K8PTEQUU487,PENTAGON FEDERAL CREDIT UNION,VA,ALEXANDRIA,71634
549300FXZWGDF5ZVOK92,MORTGAGE NOW,NJ,SHREWSBURY,393
549300FYFTBGRGV82A93,Unify Home Lending Inc.,SD,Rapid City,813
549300FYXKL13UG7P021,HOMESERVICES LENDING LLC,IA,URBANDALE,1728
549300FZ8E0GLIFFYB55,Volunteer State Bank,TN,Portland,288
549300FZGNW8VUSEDB98,Community National Bank & Trust of Texas,TX,Corsicana,302
549300FZJCP0WM3QJH15,PEAPACK-GLADSTONE BANK,NJ,BEDMINSTER,802
549300G0QSZVT1E3RS89,THE BANK OF GREENE COUNTY,NY,CATSKILL,748
549300G12UU2EC2JM932,Alliance Catholic Credit Union,MI,Farmington Hills,216
549300G2EZKPVQQ0D852,TERRE HAUTE SAVINGS BANK,IN,TERRE HAUTE,395
549300G2G5WIECTLPX95,Carolina Trust Federal Credit Union,SC,Myrtle Beach,433
549300G2LV8W3C1G3762,EQUITY RESOURCES INC,OH,NEWARK,13992
549300G36820CW642I52,HUNTINGDON VALLEY BANK,PA,DOYLESTOWN,2851
549300G3FCPL48R4HU28,IAPPROVE LENDING,CA,Costa Mesa,452
549300G3WIMVDYUYQC27,American Heritage National Bank,MN,Long Prairie,82
549300G4F3X6FTMZP579,RHINEBECK BANK,NY,POUGHKEEPSIE,382
549300G4JDIJPBEO8J84,GENHOME MORTGAGE CORPORATION,CA,IRVINE,4604
549300G4VO4E5SNMQB32,FMS BANK,CO,FORT  MORGAN,212
549300G54QPXQLB4KN58,FIRST UNITED BANK & TRUST,MD,OAKLAND,618
549300G5DUB6RE1MCL12,THE BENNINGTON STATE BANK,KS,SALINA,474
549300G5DVGM0ZHRQC33,ClearPath Lending,CA,Irvine,16711
549300G5JZD1PBR8EH75,Bronco Federal Credit Union,VA,Franklin,146
549300G5VZZVVGOY0N31,MTCU,TX,MIDLAND,41
549300G5ZQEXZC4Y5G44,University Credit Union,CA,Los Angeles,565
549300G6F5FVAHSGKU13,NEIGHBORHOOD NATIONAL BANK,MN,MORA,163
549300G6RZM5T8NQJW74,REDSTONE FEDERAL CREDIT UNION,AL,HUNTSVILLE,8129
549300G8SAGXEDF5FK39,First Guaranty Bank,LA,Hammond,625
549300G9EOR2GPHM0550,COMMUNITY BANK OF THE CHESAPEAKE,MD,WALDORF,186
549300GAX7IKJUKCJE72,TRAVIS CREDIT UNION,CA,VACAVILLE,2831
549300GB84TJEK0SHQ79,MID CAROLINA CREDIT UNION,SC,LUGOFF,54
549300GBD8RBYHSIS855,ARGENT FEDERAL CREDIT UNION,VA,CHESTER,176
549300GBMYUTNLY00W24,SUCCESS CREDIT UNION,AR,Blytheville,147
549300GBQMFJ4GDIMC53,CITIZENS COMMERCE BANK,KY,VERSAILLES,243
549300GBZNWRGLS7CP89,Bluestone Bank,MA,Raynham,1879
549300GCEP3NM7A1X491,Trustco Bank,NY,Albany,9397
549300GCEUZLVML1J263,Radius Financial Group Inc,MA,Norwell,4810
549300GCILEV6KJUST91,"RELYANCE BANK, N.A.",AR,PINE BLUFF,173
549300GCNN38YBSHN374,Finger Lakes Federal Credit Union,NY,Geneva,204
549300GCPFJ9VT7V7T82,First Choice Lending Group LP,TX,Houston,71
549300GCUYVW860UOZ07,Primis,VA,ASHLAND,424
549300GDBIZCOI6TMO49,ANGEL OAK HOME LOANS LLC,GA,ATLANTA,12317
549300GDJIT5E0RD3B88,MULTIPLES MORTGAGE CORP.,PR,Rio Piedras,204
549300GDJSUYPH6UC416,WATERSTONE BANK,WI,WAUWATOSA,254
549300GE8KIGZVQV1223,MORTGAGE EQUITY PARTNERS LLC,MA,LYNNFIELD,3093
549300GED4IYN84L8F67,MINSTER BANK,OH,MINSTER,505
549300GFM3T3SN2KS138,ACHIEVA CREDIT UNION,FL,DUNEDIN,3055
549300GG5XNEIGHQTG04,Charter West Bank,NE,West Point,3802
549300GGB04TG4AH1377,Solarity Credit Union,WA,Yakima,1418
549300GGCODNBIXJ4705,Patriot Community Bank,MA,Woburn,646
549300GGK5S87EZ84P32,Latin American Financlal,PR,San Juan,163
549300GGXWS23NTTOB96,Meade County Bank,KY,Brandenburg,377
549300GH41JLTHV1SQ41,WELCOME HOME FUNDING LLC,CA,Alameda,1151
549300GHAXBE9Q7W9273,Home Federal Savings Bank,MN,Rochester,1639
549300GHJNYLYN726391,Rock Canyon Bank,UT,Provo,586
549300GIR2ODBIF9VF65,"New Peoples Bank, Inc.",VA,Honaker,385
549300GIVX5W7UETD809,AMERICAN FIRST CREDIT UNION,CA,BREA,547
549300GIXEN5875K5W17,HORICON BANK,WI,HORICON,1157
549300GJ4HU1Z8P2M254,NORTHEAST EQUITABLE MORTGAGE,PA,BLUE BELL,405
549300GJGUHNTC6JI536,TCF National Bank,MI,Troy,12155
549300GJHCU3PV11PY25,cfsbank,PA,Charleroi,427
549300GJI4B01Z3NJL65,Mortgage Master Service Corporation,WA,Kent,1597
549300GJXNFP6TD1QN94,Johnsonville TVA Employees Cre,TN,Camden,34
549300GKFM8W0GQXCQ93,Michigan Legacy Credit Union,MI,Pontiac,197
549300GKFNPRWNS0GF29,CMG MORTGAGE INC,CA,SAN RAMON,107604
549300GKMQB8BGTSPK09,"Welcome Home Finance, LP",PA,Cranberry Township,400
549300GKNMX0ZXKVPE54,FARMERS BANK & TRUST,AR,MAGNOLIA,915
549300GL556PQ7WG0G08,EDUCATIONAL FEDERAL CREDIT UNION,FL,MIAMI,625
549300GL7DLQR39MW179,Heritage Grove Federal Credit Union,OR,Salem,124
549300GLDL4X3U4RFI74,Guardian Credit Union,AL,Montgomery,1378
549300GMNBYF84V5RF83,First Commerce Credit Union,FL,Tallahassee,800
549300GMP8EYQD4U6Z40,"Quaint Oak Mortgage, LLC",PA,Allentown,1273
549300GMQCJI1T3P3Z82,Insight Credit Union,FL,Leesburg,362
549300GMXZWXNOS1US34,First Atlantic Federal Credit,NJ,Eatontown,381
549300GMYQSCNQRCBL04,HIWAY CREDIT UNION,MN,SAINT PAUL,2177
549300GMZQGVLZ5KCW51,Auburn University Credit Union,AL,Auburn,104
549300GN85R5S1V3SJ96,KEMBA CREDIT UNION INC,OH,WEST CHESTER,911
549300GNC55MZTGKJ811,Pacific Cascade Federal Credit Union,OR,Eugene,51
549300GNGK57UA6SFP52,Bristol Morgan Bank,WI,Oakfield,311
549300GNIV169ZIHU012,Berkadia Commercial Mortgage,PA,Ambler,697
549300GNMONGVTFMXS97,"BLAIR SERVICES OF AMERICA, INC",NY,MELVILLE,271
549300GOPH3KDGIKIU33,Latino Community Credit Union,NC,Raleigh,954
549300GPO6DWUZR4UY30,First Home Mortgage,MD,Baltimore,18286
549300GQDT484LGI9C04,NETWORK CAPITAL FUNDING CORPORATION,CA,IRVINE,92108
549300GQOPGZ1DO0MZ49,The Poples State Bank,IN,Ellettsville,490
549300GR3G0K8VJOH721,LEBANON FCU,PA,LEBANON,386
549300GRGZDEH4ZGQS06,WATERSTONE MORTGAGE CORPORATION,WI,PEWAUKEE,21946
549300GRZDILCBTHSL98,RB MORTGAGE LLC,TX,LIVE OAK,1090
549300GS0W0TEUQS8571,Morgan Stanley Private Bank NA,NY,Purchase,17249
549300GS2JP8CQK0MD31,Members Cooperative Credit Union,MN,Duluth,1591
549300GS6ONO04ORI292,Willamette Valley Bank,OR,Salem,7022
549300GSCUJKJINRJ980,RUOFF MORTGAGE COMPANY,IN,FORT WAYNE,40322
549300GSN9VF5S618659,"GUARANTY MORTGAGE SERVICES, LLC",SC,GREENVILLE,541
549300GSYIBSO9N4PB10,CONSUMERS CREDIT UNION,MI,OSHTEMO,6472
549300GT860C7IVCPZ04,DYBN Financial Corp,FL,Rockledge,811
549300GTJL0LGX444G33,"Drew Mortgage Associates, Inc.",MA,Shrewsbury,989
549300GTVXJ2PGXNLM73,T2 Financial LLC dba Revolution Mortgage,OH,Westerville,11416
549300GUS13Z72B6KD63,"KELLER MORTGAGE, LLC",OH,DUBLIN,18465
549300GV8F4RLYWAB272,MCT CREDIT UNION,TX,PORT NECHES,335
549300GWD9H4FQ2VR805,UBS BANK USA,UT,SALT LAKE CITY,10035
549300GWE4NILBIKKI92,Fleetwood Bank,PA,Fleetwood,182
549300GWJ5O0AQLJKV83,Financial Plus Credit Union,IL,Ottawa,335
549300GWO8DN75PL7X16,SHERBURNE STATE BANK,MN,PO BOX 428,280
549300GXIH93QAIAWV16,Cooperativa A/C Maunacoop,PR,MAUNABO,61
549300GXMSA3UUO46130,"INCOMMONS BANK, N.A",TX,MEXIA,190
549300GXRG31CBWWTR70,BEDFORD LOAN & DEPOSIT BANK,KY,BEDFORD,134
549300GXXWNCQH5XX485,Harvesters Federal Credit Union,FL,Cantonment,136
549300GY0I1WYYWYFS47,PROVIDENCE BANK & TRUST,IL,SOUTH HOLLAND,532
549300GY4NTTEM7WWB64,BANK OF ENGLAND,AR,ENGLAND,27462
549300GY97XGRF7XZO52,TEXANS CREDIT UNION,TX,RICHARDSON,1699
549300GYDLDVRYKJ3N02,FINANCIAL CENTER FIRST CREDIT UNION,IN,INDIANAPOLIS,971
549300GYMDP10GGMLF50,GOLDEN BANK,TX,HOUSTON,37
549300GYQ8ZT1NUXRM52,WESTERRA CREDIT UNION,CO,DENVER,3520
549300GZ7AZQEUEDGU30,"Legend Bank, N.A.",TX,Bowie,415
549300GZJ5RFM7VED177,Patriot Mortgage Company,TX,El Paso,362
549300GZN0GWYE1KDB94,FIRST CITIZENS COMMUNITY BANK,PA,MANSFIELD,862
549300GZY55UGMUMI322,SMARTBANK,TN,Pigeon Forge,1295
549300H05YH2B8D1FY15,GREENVILLE SAVINGS BANK,PA,GREENVILLE,549
549300H0B8QZSS10X971,First Heritage Federal CU,NY,Corning,977
549300H0IFPIJWI3KL08,CENTRAL STATE BANK,AL,CALERA,164
549300H12E7AUMUHP294,First Alliance Home Mortgage,NJ,Crandford,3251
549300H1I95THVU5ZB04,BANKVISTA,MN,Sartell,414
549300H3GIHYP3MB0302,FARMERS STATE BANK,IN,LAGRANGE,607
549300H3IZO24NSOO931,"Lennar Mortgage, LLC",FL,Miami,54437
549300H3YPB6EJ1RV917,First Bank of Berne,IN,Berne,526
549300H5B5USE8BS1V31,Farmers Bank,KY,Nicholasville,296
549300H68PK1CZUVUQ73,GENERAL ELECTRIC EMPLOYEES FEDERAL CREDIT UNION,CT,265 SUB WAY,98
549300H6C1OV8E3V1P15,FIRST BANK AND TRUST CO,OK,DUNCAN,457
549300H6J0XZXQGKDW16,U.S. Eagle Federal Credit Union,NM,Albuquerque,736
549300H6M7CI9LXTKS03,PrimeWay Federal Credit Union,TX,Houston,526
549300H83ZXQ4TDSXI83,Wheelhouse Credit Union,CA,San Diego,130
549300H88NIQ6005M718,DUPONT COMMUNITY CREDIT UNION,VA,WAYNESBORO,2594
549300H89M6KDLFKMQ19,CUSO MORTGAGE CORPORATION,ME,HAMPDEN,1434
549300H8H31LPYGJEW50,SALEM FIVE MORTGAGE COMPANY LLC,MA,SALEM,5574
549300H8JJI69WD7I525,Civista Bank,OH,Sandusky,3183
549300H8LK0AWIAODP34,MINNESOTA BANK & TRUST,MN,EDINA,69
549300H8ZDZLHESMY152,Cooperativa A/C Cabo Rojo,PR,Cabo Rojo,56
549300HC0CLTNVGA0H76,River Region Credit Union,MO,Jefferson City,697
549300HC145ABINEFL26,Municipal Trust and Savings Bank,IL,Bourbonnais,402
549300HC2W2SFF3LU356,Gulf Coast Educators Federal Credit Union,TX,Pasadena,838
549300HCNXMTNGIMAR91,UNITED NATIONS FEDERAL CU,NY,LONG ISLAND CITY,2943
549300HCWCQYV87S4729,THE FIRST NATIONAL BANK & TRUST CO,OK,CHICKASHA,190
549300HD2NONVMCRN332,"HALLMARK HOME MORTGAGE, LLC",IN,FORT WAYNE,5609
549300HD3IJR9YCUG196,Farm Credit Services of America,NE,Omaha,43
549300HD6DNX0QP0Z775,"APEX HOME LOANS, INC.",MD,ROCKVILLE,5399
549300HERTPSZ6EH0667,HomeWay Mortgage LLC,TX,Katy,177
549300HFBEONQN2CK447,Union Savings Bank,OH,Cincinnati,33906
549300HFXTV55C2HHM89,Desert Financial Federal CU,AZ,Phoenix,9597
549300HGCEIBDGBU7E37,Frontier Community Credit Union,KS,Leavenworth,299
549300HGDJQ37M5BE268,"INB, NATIONAL ASSOCIATION",IL,SPRINGFIELD,2167
549300HGXROE7ZUGMP55,AMERICAN NATIONAL BANK & TRUST,VA,DANVILLE,1638
549300HGZNH5YBU04369,Kitsap Bank,WA,Port Orchard,380
549300HH0V8LECLNPQ26,ROGUE CREDIT UNION,OR,MEDFORD,3735
549300HH2N9Q3HH7XL57,"CCM FINANCE, LLC",MN,MINNEAPOLIS,99
549300HI3FIGFR7SU483,PISCATAQUA SAVINGS BANK,NH,PORTSMOUTH,125
549300HIDQ8IRRU12455,JACKSON COUNTY BANK,IN,SEYMOUR,1026
549300HIKKZQ0TVJWA08,ARKANSAS FEDERAL CREDIT UNION,AR,JACKSONVILLE,3645
549300HINJH60UG3KG47,Berkeley Point Capital LLC,MA,Boston,238
549300HIQFQDTNNY6967,Lisbon Community FCU,ME,"Lisbon, ME 04250-0878",129
549300HIVO8XPBPNVG69,NOVA HOME LOANS,AZ,TUCSON,34732
549300HJP2WLL8KDCA15,First Shore Federal Savings and Loan Association,MD,Salisbury,424
549300HJSQXR32ZGFP55,MARINE BANK & TRUST,FL,VERO BEACH,126
549300HK8HC6F50IC896,MAINE COMMUNITY BANK,ME,BIDDEFORD,619
549300HKYBSATM44Q425,"The Washington Trust Company, of Westerly",RI,Westerly,4060
549300HKYIM2UCUTQA05,HORIZON COMMUNITY BANK,AZ,LAKE HAVASU CITY,153
549300HLPEQ31HY26E57,HOMETOWN BANK,MA,OXFORD,457
549300HMP6CQXPB0L958,GULF COAST FEDERAL CREDIT UNIO,TX,CORPUS CHRISTI,106
549300HN58ONH5KNJJ12,"Thompson Kane & Company, Inc",WI,Madison,1896
549300HNJRM4GVCEUP46,FOOTHILL FEDERAL CREDIT UNION,CA,ARCADIA,540
549300HNL0XN9S0MZM92,Equity Now Inc,NY,Mamaroneck,1048
549300HNMUG8WS7JLL28,The Citizens National Bank,OH,Bluffton,1118
549300HNQDVXN8569N58,cPort Credit Union,ME,Portland,387
549300HO5ZZCX2Z8V467,FIVEPOINT CREDIT UNION,TX,NEDERLAND,489
549300HOJG1DA7FIZ225,LRS FINANCIAL NETWORK DBA HNB MORTGAGE,TX,Midland,953
549300HOPKX8O1S8MJ63,Riegel Federal Credit Union,NJ,Milford,75
549300HPJZBSYILQTY06,"Performance Mortgage, LLC",LA,Chalmette,1047
549300HPK3YMV2JKCB12,North Valley Bank,OH,Zanesville,169
549300HPQK71BCBQVT93,HUGHES FEDERAL CREDIT UNION,AZ,TUCSON,1095
549300HQ25HXXXOWJ140,KELLY COMMUNITY FCU,TX,TYLER,137
549300HQL7U3JZ4LCJ17,"Mortgage Markets CUSO, LLC",CT,Vernon,410
549300HQW3FSOL75WC88,First County Bank,CT,Stamford,578
549300HR275MEUDIFB90,American Investors Bank and Mortgage,MN,Eden Prairie,42
549300HR2TLJ7IGFMV18,Blue Grass Savings Bank,IA,Blue Grass,134
549300HS110NTZNI7U69,SECURITY AMERICA MORTGAGE INC,TX,HOUSTON,5
549300HS714PZ0BMPN11,Cyprus Federal Credit Union,UT,West Jordan,1967
549300HSB39FXRFMW540,RUHL MORTGAGE,IL,MOLINE,1351
549300HTK2JOGRTAIO10,The ONE Federal Credit Union,PA,Meadville,140
549300HTKHBMJL4D9734,CORNERSTONE FINANCIAL CREDIT U,TN,NASHVILLE,214
549300HTMO7FGRKRLV06,"Cliffco, Inc",NY,Uniondale,1833
549300HTRLFU2IIL4380,"United Built Homes, LLC",LA,Shreveport,2555
549300HUGQ1D4T4GJH13,SpiritBank,OK,Tulsa,417
549300HUJ6V0QTROHW53,FIRST FREEDOM BANK,TN,LEBANON,99
549300HV02VPA0FYR272,American Liberty Mortgage Inco,CO,Denver,980
549300HVFLWKU7133506,PREMIER AMERICA CREDIT UNION,CA,CHATSWORTH,933
549300HVP5UGBQY1I110,"Reali Loans, Inc.",CA,San Mateo,1822
549300HVPIN7YD1REF28,PEOPLE'S BANK OF COMMERCE,OR,MEDFORD,454
549300HVRAK6I8QGFR41,COOPERATIVA DE AC SAN JOSE,PR,Aibonito,34
549300HVUN4WJ2BRSZ39,"TEXAS REPUBLIC BANK, N.A.",TX,FRISCO,110
549300HVW3AI97UKTO72,WINGS FINANCIAL CREDIT UNION,MN,APPLE VALLEY,8914
549300HW4KR7SR5P7259,INFINITY FEDERAL CREDIT UNION,ME,WESTBROOK,120
549300HW662MN1WU8550,United Wholesale Mortgage,MI,Pontiac,803496
549300HWDY3N8UVJO697,"SUNRISE BANKS, N.A.",MN,ST. PAUL,592
549300HWFLUA8V78OT27,The Peoples Community Bank,WI,Mazomanie,496
549300HXQLIV5UBQEF05,COMMUNITY PARTNERS SAVINGS BANK,IL,SALEM,451
549300HYHFCULSUBAE54,FIRST WORLD MORTGAGE CORPORATON,CT,West Hartford,3390
549300HZKPV04SFK9K27,Co-op Credit Union,WI,Black River Falls,739
549300HZMPZC336WP721,THE BANK OF NEW GLARUS,WI,NEW GLARUS,874
549300I042YER7UC6Y64,Bank of Jackson Hole,WY,Jackson,470
549300I0HE5X0T5OI648,CALIFORNIA CREDIT UNION,CA,GLENDALE,4765
549300I0ICF6REKHOC74,"Direct Mortgage Loans, LLC",MD,Hunt Valley,3537
549300I0JGZE27J13Z50,Neighborhood Credit Union,TX,Dallas,93
549300I1HK1BBZLKOB84,ADVANCIAL FEDERAL CREDIT UNION,TX,DALLAS,1309
549300I1IE35O2I0WT71,Westmoreland Federal,PA,Latrobe,121
549300I2CHGNBJYRHV02,Marion Center Bank,PA,Indiana,309
549300I316H4TE334G62,"HomeSale Mortgage, LLC",PA,Lancaster,1578
549300I3BPURP4WOHN47,GARRETT STATE BANK,IN,GARRETT,444
549300I3HDJ5QJNFPZ87,American Finance House Lariba,CA,Whittier,704
549300I3LFY4G7F9CE90,CPM Federal Credit Union,SC,Greer,607
549300I3PFIO81O8JD40,Union Bank,VT,Morrisville,1624
549300I3SDXHG6BUD309,CAPITOL CREDIT UNION,TX,AUSTIN,186
549300I43FC7P0IJMR13,"Loanleaders of America, Inc",CA,Irvine,1702
549300I43XQ9YFW0LV16,GOM - Main Office,FL,Jupiter,1179
549300I4IUWMEMGLST06,CYPRESS BANK STATE SAVINGS BANK,TX,PITTSBURG,209
549300I58H1B8G6KOY91,Traditions First Bank,TN,Erin,99
549300I5PXYKWZSGG235,Evansville Federal Credit Unio,IN,Evansville,127
549300I67S0IYUQWFJ07,Neighbors Credit Union,MO,Saint Louis,293
549300I6G5QEIEI78C93,CASE Credit Union,MI,East Lansing,423
549300I72FXKCNGRQC43,HomeBank Texas,TX,Seagoville,121
549300I7M2M0Q6LCLA63,Texas Dow Employees Credit Union,TX,Lake Jackson,3712
549300I7SKMG274G2Y20,GARDEN SAVINGS FEDERAL CREDIT UNION,NJ,PARSIPPANY,231
549300I8D8TQDQWQAO82,FAST FCU,CA,Hanford,196
549300I8GW9QHQO63J05,"Peoples Bank of Kentucky, Inc",KY,Flemingsburg,262
549300I8I7EBXHMYYW54,Riverfront FCU,PA,Reading,99
549300IB375I8TZ2FA87,Farmers-Merchants Bank and Trust,LA,"Breaux Bridge, LA",251
549300IBT3SCF2K09D58,"CBRE Multifamily Capital, Inc.",TX,Houston,258
549300IC1SF2RZ8ROR54,The First Liberty National Bank,TX,Liberty,388
549300ICVSTMS2XFXX81,Laona State Bank,WI,Laona,224
549300IE8IEY5YINFE12,Haddon Savings Bank,NJ,Haddon Heights,246
549300IEIM2IT5YK4368,FIRST COMMUNITY BANK,AR,BATESVILLE,2706
549300IEP77RKJ87Z176,OREGON COMMUNITY CREDIT UNION,OR,EUGENE,4419
549300IFAGUDY5MUY541,AIM Credit Union,IA,Dubuque,173
549300IFOE4SCP384147,UNIVERSITY BANK,MI,ANN ARBOR,190
549300IFU5D50EZHEU18,Louisiana National Bank,LA,Ruston,164
549300IGNOIAXDMNRD90,CENTRAL MISSOURI COMMUNITY CREDIT UNION,MO,WARRENSBURG,169
549300IGSWBIHAL67063,RESIDENTIAL MORTGAGE SERVICES,ME,SOUTH PORTLAND,27383
549300IH3DF6NS2IYJ30,FIRST SERVICE CREDIT UNION,TX,HOUSTON,336
549300IHBKY3L5OIDT39,"PLANTERS BANK, INC.",KY,HOPKINSVILLE,403
549300II7Y8V2KY9TM28,HOME BANK NATIONAL ASSOCIATION,LA,LAFAYETTE,1073
549300III1DMY3SLAW56,Countybank,SC,Greenwood,2666
549300IIUZTJI9AHIA30,"Provident State Bank, Inc",MD,Preston,256
549300IIYO1S63GOQ040,"PCMA, Inc.",CA,Irvine,703
549300IJ5M3CD2DPIX47,American National Bank of Minnesota,MN,Brainerd,362
549300IJ8KTGYPKLXK63,Community Mortgage Corporation,TN,Cordova,4584
549300IJB00VM6H8PP97,AMERICAN MOMENTUM BANK,TX,COLLEGE STATION,934
549300IJI189UIQW0294,NEXTMARK FEDERAL CREDIT UNION,VA,FAIRFAX,1135
549300IJO7NO6VDZPD35,"The Mortgage Link, Inc.",MD,Rockville,973
549300IKNQI45EOJU155,"CAPITAL CITY HOME LOANS, LLC",GA,LAWRENCEVILLE,6421
549300IKS3MMB5YK6T18,KINECTA FEDERAL CREDIT UNION,CA,MANHATTAN BEACH,4879
549300IL0IHBRVBZKO13,MARQUETTE SAVINGS BANK,PA,ERIE,1051
549300IL3HLQ2SW5VN73,Associated Mortgage Bankers Inc.,NY,Ronkonkoma,565
549300IL6X4MHW0HHI39,Alabama State Employees Credit Union,AL,Montgomery,109
549300ILIUB22RTQKQ27,"BKCO MORTGAGE, LLC",IL,CHICAGO,723
549300INFJ8TYNZ1G568,"CHARLES SCHWAB BANK, SSB",CO,LONE TREE,20871
549300INPBRHB0MQ7S63,Centric Bank,PA,Harrisburg,283
549300IO1KYLVNDJOQ94,COLONIAL MORTGAGE SERVICE CO.,PA,MONTGOMERYVILLE,250
549300IOM384RW3HWE57,Five Star Credit Union,AL,Dothan,426
549300IOVF643QHIZ598,"AUTO CLUB TRUST, FSB",FL,ST. PETERSBURG,1208
549300IOX9BEK4O4M683,MISSION MORTGAGE LLC,SC,GREENVILLE,394
549300IPFYHYZ3L7UL18,Security Bank,WI,New Auburn,195
549300IPUHFA5O769M51,"VELLUM MORTGAGE, INC.",VA,FARFAX,3119
549300IPZIRQSNKHX741,LIBERTY FIRST CREDIT UNION,NE,LINCOLN,1618
549300IQ5NY7CSJLZW53,First Bank & Trust,SD,Sioux Falls,3565
549300IQGEUYRQBJC007,State Bank of Southern Utah,UT,Cedar City,1107
549300IQVXIW1VTW0D69,CITIZENS FIRST BANK,FL,THE VILLAGES,4887
549300IRQPG1Q6VZ8Y58,LONE STAR NATIONAL BANK,TX,PHARR,622
549300IRRKG7NTX2YD83,CITIZENS BANK AND TRUST,FL,FROSTPROOF,213
549300IRXW9RSZM2B951,Evolve Bank & Trust,TN,Memphis,6801
549300ISBO500DQ50239,BFG FEDERAL CREDIT UNION,OH,AKRON,14
549300ISCZS1R0CJMO47,"PREMIA MORTGAGE, LLC",IL,CHICAGO,3463
549300IT6BBMQGOVFG70,Seamen's Bank,MA,Provincetown,202
549300ITOKVFTRH0EQ29,Louisiana Federal Credit Union,LA,LaPlace,225
549300IUGPU6Q7414X38,MURPHY BANK,CA,FRESNO,315
549300IUMIMR7KEN9Z07,Elizabethton Federal Savings Bank,TN,Elizabethton,154
549300IV3BQZRSE82O16,GECU,TX,EL PASO,3871
549300IV5SQUT73JEX09,Lancaster Mortgage Company,PA,Lancaster,36
549300IVOJIAJUT2E435,"FC Lending, Ltd.",TX,HOUSTON,713
549300IVS7RAU1H3GS10,Ubank,TX,Tyler,124
549300IVURCTJ6QVMD67,First Financial Bank,TX,Abilene,7250
549300IWE0Y507LPF493,Mortgage 1 Incorporated,MI,Sterling Heights,12659
549300IWSSP83SNIPE63,Patriot Federal Credit Union,PA,Chambersburg,1387
549300IX6RAX31C1BI75,Park Lane Finance SolutionsLLC,VA,Staunton,1217
549300IXP5DNWSGY6F96,"INTRUST BANK, NA",KS,WICHITA,1208
549300IXTSQB6QVVI060,First Bank of Alabama,AL,Talladega,182
549300IY3J6361R6MA88,PCM CREDIT UNION,WI,GREEN BAY,693
549300IY6RZNCBF0QZ14,Community National Bank,KS,Seneca,245
549300IYKILIU506KA05,PeoplesBank,MA,Holyoke,1253
549300IYR2K45YQJGV33,"MIDATLANTIC FARM CREDIT, ACA",MD,WESTMINSTER,334
549300IZ5GOBKOERL931,Luana Savings Bank,IA,Luana,3151
549300J0CKZA0PR2DX58,The Gratz Bank,PA,Gratz,352
549300J1354ZHZC8JP58,Princeton Federal Credit Union,NJ,Princeton,219
549300J1IQXJ1CSCCU16,HOPEWELL FEDERAL CU,OH,HEATH,96
549300J1JK4OE41PLT95,THE CITIZENS BANK,MS,PHILADELPHIA,341
549300J2D35S72FE4K21,Service One Credit Union,KY,Bowling Green,195
549300J3KQJDSZQIMM59,FORTIS PRIVATE BANK,CO,DENVER,267
549300J3YLW53W0K4T67,"Centennial Lending, LLC",CO,Firestone,1402
549300J4330IBZ0BBI43,All In Credit Union,AL,Dothan,633
549300J51TCIL2CWJP16,Governmental Employees Credit Union,WI,La Crosse,165
549300J59G4M2OH83E71,SAWYER SAVINGS BANK,NY,SAUGERTIES,194
549300J59XY2XA4OSM90,First Bank and Trust,LA,New Orleans,583
549300J5W91RLNLMTL86,ADAMS COMMUNITY BANK,MA,ADAMS,998
549300J5XPZQYI2FNC72,Tarrant County's Credit Union,TX,Fort Worth,151
549300J5YB46ZKVUNF26,UNIWYO FEDERAL CREDIT UNION,WY,LARAMIE,291
549300J6A8R0TUC01239,NECHES FEDERAL CREDIT UNION,TX,PORT NECHES,593
549300J6N77Q8OHYNF23,"ENVOY MORTGAGE, LTD",TX,HOUSTON,23705
549300J7DJ7V4CSZCK98,Cooperativa A/C Oriental,PR,Humacao,211
549300J7I82PNDVU8H22,"OCMBC, INC.",CA,IRVINE,14461
549300J7XKT2BI5WX213,"CALIBER HOME LOANS, INC.",TX,COPPELL,400596
549300J8HNLGP2HYNE66,Industrial Bank,DC,Washington,244
549300J8Y8IPQFMMIT88,BANK OF CANTON,MA,CANTON,965
549300J9E3YDKIBPUY45,Bank Forward,ND,Fargo,514
549300JA1J2RX1MKI366,"CAROLINA ONE MORTGAGE, LLC",SC,GREENVILLE,1920
549300JAEP0DFO79JO70,GRANITE FEDERAL CREDIT UNION,UT,SALT LAKE CITY,986
549300JBMMNIOX7XU115,Belco Community Credit Union,PA,Harrisburg,1285
549300JBTQ88S1XGQG53,"WESTWOOD MORTGAGE, INC.",WA,SEATTLE,409
549300JBZ3MK7Z4FI764,Thomaston Savings Bank,CT,Thomaston,852
549300JCUSJMRA75V483,WOLF RIVER COMMUNITY BANK,WI,HORTONVILLE,431
549300JCW11CIGH8GJ60,The Citizens National Bank of Somerset,KY,Somerset,612
549300JD1162QW84ZO34,GREENWOOD CREDIT UNION,RI,WARWICK,1472
549300JD2HS86SAFVA88,Power Credit Union,CO,Pueblo,11
549300JDDZ5OVOP5E294,Mazuma Credit Union,KS,Overland Park,1115
549300JDWM7YJVNPMR47,Foundation Credit Union,MO,Springfield,44
549300JE6M4A1G4LPS75,THE BANK OF MISSOURI,MO,PERRYVILLE,1715
549300JEBULFT3BSU682,BANGOR SAVINGS BANK,ME,BANGOR,9216
549300JEHXW73XYX6533,CATTARAUGUS COUNTY BANK,NY,LITTLE VALLEY,141
549300JFKW9425KOPI17,Southwest Louisiana Credit Union,LA,Lake Charles,141
549300JGK6WNKYXQ0821,ATLANTA POSTAL CREDIT UNION,GA,ATLANTA,1009
549300JGL6C3EZEB8H05,Green Belt Bank & Trust,IA,Iowa Falls,213
549300JGMQJ4R419LR70,ORIX Real Estate Capital LLC,OH,Columbus,292
549300JH5DMYH0O5TM77,AMBLER SAVINGS BANK,PA,AMBLER,200
549300JH6IWUYV8WYT95,Sidney State Bank,MI,Sidney,121
549300JH8TVR84H1BL45,FIRST PIEDMONT FEDERAL SLA,SC,GAFFNEY,408
549300JHEYBB5XFKFZ74,Stratis Financial Corp,CA,Huntington Beach,20
549300JHFXRY8T6LN749,FNB Picayune Bank,MS,Picayune,146
549300JHSXRPXKX47M78,"Accelerate Mortgage, LLC",DE,Newark,4262
549300JI0UWY4QIWDV89,"Northpoint Mortgage, Inc.",MA,Fiskdale,3375
549300JICBJ5KEDP3217,CENTERBANK,OH,MILFORD,442
549300JJ8BTDDILW4H12,BENCHMARK COMMUNITY BANK,VA,KENBRIDGE,637
549300JJVGBKK5UE5035,"Advance Financial Group, LLC",VA,Virginia Beach,1035
549300JKR164SLNO6Y85,NATIONS RELIABLE LENDING LLC,TX,HOUSTON,14473
549300JL3TGNE3Y7PE33,TEXAS SECURITY BANK,TX,DALLAS,271
549300JLVHEYC5B9MX32,CITIZENS UNION BANK,KY,SHELBYVILLE,969
549300JMCI45DZ4YNK98,TrustBank,IL,Olney,202
549300JMT2KAYN9PTX82,"MEMBERS MORTGAGE SERVICES, LLC",KS,HUTCHINSON,4450
549300JNTZTF40KCOF79,Republic Bank,PA,Philadelphia,2752
549300JNYMHRVCGKK706,FREEDOM CREDIT UNITON,PA,WARMINSTER,946
549300JOD3S8ZGZLHP53,GOOGAIN INC,CA,SUNNYVALE,9066
549300JOT0D4J0SZIK67,THE MONEY SOURCE,AZ,PHOENIX,30186
549300JPG4IUQOVV5C90,Middlesex Federal Savings,MA,Somerville,130
549300JPGMCMBEJEK584,Digital Federal Credit Union,MA,Marlborough,15815
549300JPN8RD09QJ6366,THE DISTRICT CREDIT UNION,CO,AURORA,31
549300JPU10TNVWFRE67,Artisans' Bank,DE,Wilmington,320
549300JPWAKLM047FK81,CROSSROADS BANK,TX,Yoakum,142
549300JQALY53TH22D13,"JLL Real Estate Capital, LLC",MN,St. Paul,262
549300JQEF6V2RNWCC75,SOUTHERN BANCORP BANK,AR,ARKADELPHIA,1022
549300JQGT4VX22XJ495,The Ohio Valley Bank Company,OH,Gallipolis,593
549300JRDBJ5RPA6TY76,Holcomb Bank,IL,Rochelle,444
549300JRDGV1559XM376,"CASTLE & COOKE MORTGAGE, LLC",UT,DRAPER,9935
549300JRSBCJN2HPK893,"PARTNERS UNITED FINANCIAL, LLC",SC,GREENVILLE,947
549300JRZJXS01TP9N73,MCNB BANK AND TRUST CO,WV,WELCH,164
549300JS5JD63G4G8809,FIRST BANK & TRUST,TX,LUBBOCK,2835
549300JSQZG5CD2LWR30,THE DIME BANK,PA,HONESDALE,501
549300JSWMVSCXIPC896,MEMBERS FIRST CREDIT UNION OF FLORIDA,FL,Pensacola,269
549300JUU7PS6Y4KM909,West Aircomm Federal Credit Union,PA,BEAVER,166
549300JUZBXW5SUK5V79,Heritage Valley FCU,PA,YORK,169
549300JVGOSG4QV2ZU37,"Pierremont Mortgage, Inc.",LA,Shreveport,125
549300JVXDPLF4P32H95,COMMUNITY STATE BANK,IA,ANKENY,220
549300JVYWDXYVB8EM70,FFC Mortgage Corp.,CA,Irvine,273
549300JWMTKHFOXRS523,Blue Eagle Credit Union,VA,Roanoke,268
549300JX4XZ2XQAMU684,ASSOCIATED CREDIT UNION OF TX,TX,LEAGUE CITY,245
549300JX8UXNIMMZYW86,CAPITAL CONCEPTS INC,TX,HOUSTON,307
549300JXG84BHZE66C26,NEWBURYPORT FIVE CENTS SAVINGS BANK,MA,NEWBURYPORT,573
549300JXIQJRQ1HME757,Florence Bank,MA,Florence,894
549300JXWG67QZF4I652,Fifth District Savings Bank,LA,New Orleans,306
549300JY7AI2T0M8WT17,Land of Lincoln Credit Union,IL,Decatur,175
549300JYXTZDSPJEPI44,"PLAZA HOME MORTGAGE, INC",CA,SAN DIEGO,44370
549300JZD4L02YZI3Z50,NJ LENDERS CORP,NJ,LITTLE FALLS,17255
549300K0WZYZ4I41CZ29,Beacon Credit Union,IN,Wabash,875
549300K0ZDYG8YJZ3L95,PONCE BANK,NY,BRONX,104
549300K1K5K5L0W6QR97,Unity Bank,MN,Rush City,84
549300K1XY5G3M8R6S46,33-0777764,CA,3200 PARK CENTER DR 1300,3691
549300K2EV48DVSYNV15,Home Federal Bank,LA,SHREVEPORT,793
549300K2JM6ID3V5LO24,First South Financial Credit Union,TN,Bartlett,587
549300K2M70MU2D2F940,CITYWIDE BANKS,CO,DENVER,281
549300K3182R4M8RRD37,Sooner State Bank,OK,Oklahoma City,189
549300K31SPZG5JQ7275,SPRING HILL STATE BANK,TX,LONGVIEW,128
549300K3JILC7UMYWR39,Hiawatha National Bank,WI,Hudson,431
549300K3SVNVK97FCP36,Metairie Bank and Trust Company,LA,Metairie,196
549300K3VE61PXPZDV51,MORTGAGE300 CORPORATION,FL,PALM BEACH GARDENS,4644
549300K4ZLGS7SRDTL86,Equity Prime Mortgage LLC,GA,Atlanta,19365
549300K59ORGG9RDD082,CITIZENS FEDERAL SAVINGS BANK,KS,LEAVENWORTH,297
549300K5R2UQGSNVT989,San Francisco Federal Credit Union,CA,San Francisco,139
549300K5SWOZ1F2OHY48,EQUITABLE BANK,NE,GRAND ISLAND,542
549300K6AZER0SHGEN26,"SUMMIT HOME MORTGAGE, LLC",SC,GREENVILLE,278
549300K6K2IS7FRS7S09,North American Savings Bank,MO,Grandview,26262
549300K6L4VXCXWN4205,ORNL FEDERAL CREDIT UNION,TN,OAK RIDGE,3947
549300K7224BC1IAX207,MIDFLORIDA CREDIT UNION,FL,LAKELAND,12861
549300K74HMS2QKZU479,Countryside Federal Credit Union,NY,East Syracuse,152
549300K80E72C24ZOJ37,SRP Federal Credit Union,SC,North Augusta,797
549300K83T0RO62KWB61,HAPPY STATE BANK,TX,AMARILLO,2454
549300K9D373DH6LF245,FREEDOM BANK,NJ,MAYWOOD,137
549300KB8NXVYD7BGS97,US Community Credit Union,TN,Nashville,571
549300KBCEYCLANGUM06,"Pacwest Funding Inc., dba Precision Capital",OR,Eugene,132
549300KBWX4NV5Q1E376,"NVR MORTGAGE FINANCE, INC.",PA,PITTSBURGH,23482
549300KCIGGEKYI5VM19,Carolina Farm Credit,NC,Lincolnton,696
549300KCR7QWQQCWBG94,RELIABANK DAKOTA,SD,Watertown,727
549300KCWMM5PJHWO653,AurGroup Financial Credit Union,OH,Fairfield,330
549300KDDWLC5I8K6C44,ORANGE COUNTY'S CREDIT UNION,CA,SANTA ANA,2736
549300KDKLGZFAT7RD25,Leighton State Bank,IA,Pella,148
549300KDR80I1ELW8D36,"NORTHWEST FARM CREDIT SERVICES, FLCA",WA,SPOKANE,1366
549300KDVJICP5T5BD05,DEL-ONE FEDERAL CREDTI UNION,DE,DOVER,827
549300KEFLY2A00BLQ60,Flint Community Bank,GA,Albany,135
549300KEL5474M0Z1H81,"RESULTS MORTGAGE, LLC",IL,CHICAGO,1684
549300KEN9618A3NSC95,TRAX FCU,FL,Tampa,110
549300KER3YVZ3U5RK57,VERIDIAN CREDIT UNION,IA,WATERLOO,13974
549300KEXKSBTXDVT278,FIRST OKLAHOMA BANK,OK,JENKS,179
549300KF8J8D4LYT7013,CENTRAL MAINE FEDERAL CREDIT UNION,ME,LEWISTON,10
549300KGE82WIZC87Y08,JEANNE D'ARC CREDIT UNION,MA,LOWELL,2032
549300KGMIRA554NW480,TLC COMMUNITY CREDIT UNION,MI,ADRIAN,1180
549300KGMXCXMVC0BO47,Freedom First Federal Credit Union,VA,Roanoke,1006
549300KGWK2C69R8ZN27,NORTHWOODS CREDIT UNION,MN,CLOQUET,266
549300KH5RQTNDNNHM28,THE FIRST NATIONAL BANK OF CAR,IL,CARMI,231
549300KHXD7JSQUZIJ22,Highlands Residential Mortgage,TX,Dallas,21225
549300KI5WZF5PXKAF12,METRO BANK,AL,PELL CITY,236
549300KIOYNU323LVJ37,American Pacific Mortgage Corporation,CA,Roseville,69515
549300KJ8PAJ7E52HG32,Plains Commerce Bank,SD,Hoven,28455
549300KJAE0JN2Z6YV76,Great Southern Bank,MS,Meridian,123
549300KJC5JP9WEY3D46,"CLEARPOINTE CAPITAL, LLC",WI,MENOMONEE FALLS,204
549300KJI3KX8KY2FG10,HILLTOP NATIONAL BANK,WY,CASPER,435
549300KJKBXR3PD3QQ56,RAPID MORTGAGE COMPANY,OH,CINCINNATI,3699
549300KJONXRDR2YPQ42,"CU HOME MORTGAGE SOLUTIONS, LL",WA,SEATTLE,1388
549300KJZ82173UB3I21,City National Bank of WV,WV,Cross Lanes,5182
549300KKOHQFSTKHSN59,Texas Trust Credit Union,TX,Arlington,797
549300KL7MLR63WYCF68,Valley Central Bank,OH,Liberty Township,360
549300KLBHBLTPBU7507,EL DORADO SAVINGS BANK,CA,PLACERVILLE,751
549300KLGM1W030VUP23,Equitable Savings & Loan Assoc,CO,Sterling,460
549300KLIO6FT2J64B78,Security State Bank & Trust,TX,Fredericksburg,607
549300KM0M1BH7LBWW77,PATRIOT BANK,TN,MILLINGTON,1781
549300KM40FP4MSQU941,Boeing Employees' Credit Union (BECU),WA,Tukwila,35331
549300KM534EBXZB8F72,Edgewater Bank,MI,SAINT JOSEPH,107
549300KNDTHPORJI2O79,Anchor Nationwide Loans LLC,CA,Thousand Oaks,813
549300KNRT5UGNCSXM31,Washington State Bank,LA,Washington,250
549300KNV94E4Y2HSK54,TRI-COUNTY BANK,MI,BROWN CITY,276
549300KNZ6E1MM7RQQ04,CLEAR MOUNTAIN BANK,WV,BRUCETON MILLS,1163
549300KO4HWF5JO6UV73,One Credit Union,VT,Springfield,238
549300KOAKQX3BEWWT56,"CLM Mortgage, Inc",TX,Spring,2527
549300KOEN7O8EYN8207,FIRST STATE BANK,TX,ATHENS,271
549300KOLMR4MSUXQS86,National Bank of Coxsackie,NY,Coxsackie,589
549300KP95LHU8OP0H40,VAL-CHRIS INVESTMENTS INC.,CA,IRVINE,487
549300KPBZCTMM3Y0061,NASA FEDERAL CREDIT UNION,MD,UPPER MARLBORO,2174
549300KPFP1WXCNBNR50,KANZA BANK,KS,WICHITA,172
549300KPHGEE40YQXO21,FARMERS INSURANCE GROUP FCU,CA,BURBANK,776
549300KQHWNSVCE2MY88,"SIRVA Mortgage, Inc.",OH,Independence,5075
549300KQQRECSLK8ID57,"STAUNTON FINANCIAL, INC.",MI,SOUTHFIELD,3224
549300KR4ZW8KJC82O47,Community First National Bank,KS,Manhattan,1144
549300KR83OL4XF00793,Village Bank Mortgage Corp.,VA,Midlothian,1512
549300KRHOMDHAKS8L29,Sharonview Federal CU,SC,Indian Land,2429
549300KSOOZZVXCMA627,ANGEL OAK MORTGAGE SOLUTIONS LLC,GA,ATLANTA,11119
549300KST6N97GYH0O45,SUSSER BANK,TX,ARLINGTON,1059
549300KT5OWPGQKWUN86,"Semper Home Loans, Inc",RI,Providence,2427
549300KTBKVRBY302A16,"BANK OF HILLSBORO, N.A.",IL,HILLSBORO,564
549300KTR1JGH3K6LU06,BETHPAGE FEDERAL CREDIT UNION,NY,BETHPAGE,22227
549300KTSX5SM2W0VV58,Crossroads Bank,IN,Wabash,739
549300KUBRH1GICTLI84,New Hampshire Federal Credit Union,NH,Concord,288
549300KUIZTYQRC0R888,Heritage Bank NA,MN,Spicer,1131
549300KUYF5QOROM7N37,ESL Federal Credit Union,NY,Rochester,10242
549300KV83NH6PNL5E48,Westfield Bank,MA,WESTFIELD,1018
549300KW3HYVC06WS898,Paramount Bank,MO,St. Louis,6117
549300KW705BBINDIZ26,"TIB, National Association",TX,Farmers Branch,1155
549300KWKWPEKL40WD44,American Federal Mortgage Corp,NJ,Chester,4226
549300KWNJ4FMBSR4R65,First Security Mortgage Services Inc.,FL,Tampa,7
549300KWXO8FUM7L0E14,Liberty Bank,CT,Middletown,3830
549300KX4S1573HISS22,OAKTREE FUNDING CORP,CA,UPLAND,3483
549300KXIFQ7HCW3FR89,Andrew Johnson Bank,TN,Greeneville,285
549300KY533JFETOYG46,Landmark Credit Union,WI,Brookfield,16530
549300KYODJTW38SQV05,"FIRSTCAPITAL BANK OF TEXAS, NA",TX,AMARILLO,480
549300KYZ21NWSUOYP36,Sutton Bank,OH,Attica,167
549300KZ01YWJR4OIS58,Panhandle Federal Credit Union,KS,WELLINGTON,41
549300KZC4KKV3F7W494,BAY FEDERAL CREDIT UNION,CA,CAPITOLA,1310
549300KZLDOQY0W4XL83,Heritage Southeast Bank,GA,HINESVILLE,189
549300KZRQ03T8H2Y769,Community Trust Credit Union,IL,Gurnee,115
549300KZVNU4UKZSWD59,CANTON SCHOOL EMPLOYEES FCU,OH,CANTON,285
549300L0EV5UM3IRHJ33,"TOWN AND COUNTRY BANC MORTGAGE SERVICES, INC.",IL,SPRINGFIELD,2267
549300L0KQ09W67V4228,ENNIS STATE BANK,TX,ENNIS,325
549300L0OVX5O63S8C68,Washington Trust Mortgage Company LLC,RI,Westerly,2825
549300L1DBFIJZI8LA40,"ACOPIA, LLC",TN,GOODLETTSVILLE,6440
549300L1RVMMHUVKTQ94,MUTUALONE BANK,MA,FRAMINGHAM,137
549300L1U2HOTC8O4K95,"Citizens Bank of Kentucky, Inc.",KY,Paintsville,216
549300L34FQYD6PROV86,First National Bank Albany/Breckenridge,TX,Albany,144
549300L36QZWPHM6FP31,Citizens Business Bank,CA,Ontario,217
549300L3C3LKXG2XBS96,Penn Community Bank,PA,Perkasie,1041
549300L3IHIP0RH6IY76,Sandia Area Federal Credit Union,NM,Albuquerque,821
549300L3O89DECR4DV44,FUNDING RESOURCES MORTGAGE COR,NJ,CLIFTON,387
549300L44U62O7WHRR78,FIRST COMMUNITY CREDIT UNION,OR,COQUILLE,1356
549300L4GPVDZEPUZC05,Yellowstone Bank,MT,Laurel,720
549300L4I0NP22SUIE86,PHOENIXVILLE FEDERAL BANK & TR,PA,PHOENIXVILLE,226
549300L4PTYXDMX1GS50,MERRIMACK VALLEY CREDIT UNION,MA,LAWRENCE,991
549300L4YRGOSZO6BP34,MIDWEST LOAN SOLUTIONS,MI,SOUTHFIELD,237
549300L4Z4LTG4TJTM66,FIRST COMMUNITY BANK,TX,CORPUS CHRISTI,503
549300L5K7XBSXWT6D49,Unison Credit Union,WI,Kaukauna,438
549300L5PE7ZGYRW5Q15,CITIZENS BANK OF LAS CRUCES,NM,LAS CRUCES,1011
549300L5PI87OOVHD857,Washington State Bank,IA,Washington,403
549300L6D43H4DHZ8K12,"Quik Fund, Inc",NY,Garden City,375
549300L6SV1WXLO6BB96,State Bank of De Kalb,TX,De Kalb,388
549300L6YKIXOYQ57883,GREENFIELD SAVINGS BANK,MA,GREENFIELD,788
549300L7610D7H3Z5585,GRAND RIVER BANK,MI,GRANDVILLE,459
549300L7CE67AJBV3102,Option Financial LLC,OH,Cincinnati,528
549300L7HZ4C5U35BO37,INTOUCH CREDIT UNION,TX,PLANO,525
549300L7JNOXBW10PN68,EMPOWER CREDIT UNION,WI,WEST ALLIS,195
549300L8D4DNZNL31O66,EDUCATION FIRST FEDERAL CREDIT UNION,TX,BEAUMONT,361
549300L8JRY60EOROT34,FCB BANKS,IL,COLLINSVILLE,3618
549300L8KOGOW7X6DY09,The Farmers State Bank,OH,New Madison,208
549300L8ZRL1FNUUOA59,ReadyCap Commercial LLC,TX,Irving,320
549300L9MOPDT0NKE883,"FIDELITY BANK, N.A.",KS,WICHITA,3389
549300LAQ3M8E5I08F43,Farm Credit Services of Western Arkansas,AR,Russellville,293
549300LAWVJCE0EU0U03,"M C Mortgage, L.P.",TX,Grapevine,313
549300LBBI5HSCNM6E20,"Park Square Home Mortgage, LLC",FL,Orlando,607
549300LBCBNR1OT00651,Nationstar Mortgage,TX,Coppell,402748
549300LBK5BTNFKZJD14,Univest Bank and Trust Co.,PA,Souderton,4772
549300LC0BP2X1F6BE13,DMB COMMUNITY BANK,WI,DEFOREST,510
549300LCMQJZBJE7EL26,GHS Federal Credit Union,NY,Binghamton,178
549300LCSS511JWT1A44,Greenfield Banking Company,IN,Greenfield,281
549300LCT0EFT83E5873,ENRICHMENT FEDERAL CREDIT UNIO,TN,OAK RIDGE,443
549300LDBCZGR7DW6211,The Southern Credit Union,GA,Fayetteville,268
549300LDC5KWHWDXTW48,USF FEDERAL CREDIT UNION,FL,TAMPA,735
549300LDX1HCIL448282,BOM Bank,LA,Montgomery,242
549300LE3ZOZXUS7W648,Fidelity Bank,LA,New Orleans,6368
549300LENIDYCDF93Y54,Heartland Credit Union,WI,Madison,574
549300LEOR2LO8J9RT29,VICTORY MORTGAGE LLC,KY,Erlanger,3638
549300LF0MZUT1N6QL28,"Pacific Home Loans, Inc.",HI,Kihei,245
549300LFCGLCYQ1SAJ07,Baylands Family Credit Union,VA,West Point,70
549300LFR4FQMI48MF92,THE FIRST NATIONAL BANK OF TOM BEAN,TX,TOM BEAN,191
549300LG07PXWSIMC813,TruStone Financial Credit Union,MN,Plymouth,10756
549300LG5340S24M4N89,PREMIER MEMBERS CREDIT UNION,CO,BOULDER,2835
549300LG73ZJO2VYV440,"AgSouth Farm Credit, ACA",GA,Statesboro,482
549300LG7IO23TN5LR98,SOUTHEASTERN BANK,GA,DARIEN,245
549300LG8MECYD8F2A55,AMERICAN NATIONAL BANK & TRUST,TX,WICHITA FALLS,979
549300LGD38SS4PVFC71,TruChoice Federal Credit Union,ME,South Portland,586
549300LGE7I6F2K89769,BMI Federal Credit Union,OH,Dublin,969
549300LGEXCX325O8C49,FIRST HARRISON BANK,IN,CORYDON,1222
549300LH06ZZHKPX5U83,BNC Naitonal Bank,ND,Bismarck,9916
549300LHJR6FIWIU8E25,FIRST NATIONS HOME FINANCE CORPORATION,CA,SAN DIEGO,1129
549300LI3FDGO7UKFF39,EAST COAST CAPITAL CORP.,NY,MELVILLE,2877
549300LI5KT42YX5L588,First Northern Credit Union,IL,Chicago,801
549300LI67PLCC1Z3P80,WEBSTER FIRST FEDERAL CREDIT UNION,MA,WORCESTER,701
549300LIPY4ISRLGTF16,Bank of Dickson,TN,Dickson,218
549300LIZH7VW4DFJK44,CHICKASAW COMMUNITY BANK,OK,OKLAHOMA CITY,3444
549300LK4WOVIJ8FAK87,Silver Lake Bank,KS,Topeka,160
549300LL0P3NQ5Q2UF60,Long Beach Firemen's Credit Union,CA,Long Beach,70
549300LLESTPOVRG3X73,FARMERS BANK & TRUST,KS,GREAT BEND,5066
549300LLKEKXL2RM1F61,Contour Mortgage Corporation,NY,Garden City,9623
549300LLQD0X2OTG0Y27,Home Loan Investment Bank,RI,Warwick,3178
549300LM58V37XNHOB58,COPIAH BANK,MS,HAZLEHURST,145
549300LMP5T3UBHAEI68,Victoria Financial Corp,CA,San Gabriel,2172
549300LN7FRX3PP2LO74,Union Bank,NC,GREENVILLE,163
549300LNUJ0IPK43UX33,PREMIER BANK,OH,YOUNGSTOWN,9756
549300LO3MP4RAI32X70,FIRST BANK,TX,BURKBURNETT,2552
549300LP0CV2MNC1GV68,"Academy Bank, N.A.",MO,Kansas City,1223
549300LP3GMTWS4OB353,"Sente Mortgage, Inc.",TX,Austin,3374
549300LPT41QBMAC7948,SOUTH CENTRAL BANK INC,KY,Glasgow,3271
549300LQBQA3XIDZPS96,WHITE ROSE CREDIT UNION,PA,YORK,81
549300LQJS5UF0000H97,ALASKA USA MORTGAGE COMPANY LLC,AK,ANCHORAGE,7412
549300LR1ZETOWYE9Z89,BERKSHIRE BANK,NY,ALBANY,2789
549300LROQOOQU77WS20,Lenox Financial Mortgage Corporation,CA,Santa Ana,7425
549300LT75BG7Z054795,Bay Capital Mortgage Corporation,MD,Annapolis,3507
549300LTKCJV903ZQR25,TRISTAR BANK,TN,DICKSON,531
549300LTO41UX0MSL179,PARK VIEW FEDERAL CREDIT UNION,VA,HARRISONBURG,231
549300LTSES0DE01Z405,DIETERICH BANK,IL,EFFINGHAM,906
549300LTT1PNSPD2JT50,WESTERN EXPRESS LENDING,CA,LAKE FOREST,3553
549300LU20D3H1812W20,WALL FINANCIAL INC. DBA WINPRIME LENDING,CA,LOS ANGELES,1786
549300LU6Y2TXG48QY48,Randolph-Brooks Federal Credit Union,TX,Universal City,20658
549300LUF8JLB9HKT321,Warsaw Federal Savings and Loan Association,OH,Cincinnati,275
549300LUMAIOXHIFK142,CY-FAIR FEDERAL CREDIT UNION,TX,Houston,51
549300LUOV7WW4BLH779,NATIONAL GRAND BANK,MA,MARBLEHEAD,147
549300LUSWY3HVRZHF54,Magnifi Financial Credit Union,MN,Sartell,1953
549300LV12W1ZFWAU543,LEE BANK,MA,LEE,461
549300LVO0PEC3F2EB53,RTN Federal Credit Union,MA,Waltham,863
549300LVO8UXHRM8O957,Wauna Federal Credit Union,OR,Clatskanie,217
549300LW8UB33S1ZIF68,Cooperativa de AC Rincon,PR,Rincon,325
549300LWR6X0ZAV34H19,Peoples Bank of the South,TN,LaFollette,269
549300LXKO1O7CSK5J52,"FLAT BRANCH MORTGAGE, INC.",MO,COLUMBIA,24230
549300LY3BVZZOO7LW95,FAIRMONT FEDERAL CREDIT UNION,WV,FAIRMONT,736
549300LYL7JC81I5DV55,Capital Educators Fed CU,ID,Meridian,1420
549300LYRWPSYPK6S325,FREEDOM MORTGAGE CORPORATION,IN,FISHERS,739580
549300LYVRGGGBBPPV22,Southern Hills Community Bank,OH,Ripley,149
549300LZLYU85WF65870,MIDWESTONE BANK,MN,GOLDEN VALLEY,3851
549300M03EN3OQEDU087,KEESLER FEDERAL CREDIT UNION,MS,BILOXI,2491
549300M0I314MIP2FT97,ACTUAL MORTGAGE BANKERS,PR,BAYAMON,392
549300M0SDF90SCNIY89,GAIN FEDERAL CREDIT UNION,CA,BURBANK,416
549300M16XETIG2Z5N24,"COMMERCIAL BNAK OF TEXAS, NA",TX,NACOGDOCHES,1486
549300M1N0YC51QQGT24,Ozarks Federal Savings and Loan,MO,Farmington,553
549300M20N1NQO7LMK11,The Campbell & Fetter Bank,IN,Kendallville,279
549300M2H0S2WWYNUO61,"GOLDEN WEST ALLIANCE, INC. DBA PROVIDENT LENDING G",CA,GLENDALE,382
549300M2HFFTNLBO7R56,TRUE SKY CREDIT UNION,OK,OKLAHOMA CITY,962
549300M2TE26IJQD4W66,FIRST FEDERAL COMMUNITY BANK,OH,BUCYRUS,251
549300M2W1M6WRAK9S59,STONEHAMBANK - A CO-OPERATIVE,MA,STONEHAM,257
549300M2Z8GR3VL0QQ74,BLACK HILLS FEDERAL CREDIT UNI,SD,RAPID CITY,1835
549300M30GL2Z6BZD736,Guaranty Bank,MO,Springfield,1209
549300M3EF1JHLTH5P71,The Farmers Bank of Appomattox,VA,Appomattox,94
549300M4E3MK3F5GQW40,The Bank,LA,JENNINGS,313
549300M4GZM7GG3EIV16,ANDERSON BROTHERS BANK,SC,MULLINS,455
549300M4MFIHXLR7AI37,Alliant Bank,MO,Kirksville,439
549300M59800JNGYFP30,East Texas Professional C.U.,TX,LONGVIEW,457
549300M5D5Q2KMDSMP10,MACATAWA BANK,MI,HOLLAND,945
549300M5KSPQD2HH1N54,First Foundation Bank,CA,El Segundo,1037
549300M63SGBHKKBOE21,Landmark Bank,LA,CLINTON,106
549300M6EHOPLD2SFD66,THE MILFORD BANK,CT,MILFORD,238
549300M6LHDDWINJTR38,"Infinity Mortgage Holdings, LLC",TX,Austin,805
549300M723MK3TTJ2783,THE CITIZENS BANK,SC,OLANTA,202
549300M7T9PJF7QD7M68,Emery Federal Credit Union,OH,Cincinnati,189
549300M8DR00HTG3MF34,Academy Mortgage Corp,NY,Farmingdale,851
549300M8WGW2D17CZD19,Gardner Financial Services,TX,San Antonio,9357
549300M9RHNQ4107R694,GOLD COAST FEDERAL CREDIT UNIO,FL,WEST PALM BEACH,90
549300MAIHYOT48UVH49,Carolinas Telco Federal Credit Union,NC,Charlotte,209
549300MBSNDZDNPHNF53,Health Advantage Federal Credi,MI,Saginaw,199
549300MCIFZSDHUT8X63,"NFM, INC",MD,LINTHICUM,33781
549300MCPCNPQAOB4032,"GMFS, LLC",LA,BATON ROUGE,21094
549300MD1OK70DH5EZ47,University of Illinois Community Credit Union,IL,Champaign,298
549300MD3D3OC2CSGX39,SANTA CLARA COUNTY FEDERAL CREDIT UNION,CA,SAN JOSE,645
549300MEK4ETDCVHFB89,Colfax BankingCompany,LA,COLFAX,97
549300MFY0P4D234OB91,HOMESPIRE MORTGAGE CORPORATION,MD,GAITHERSBURG,12019
549300MG52SOKOHXJM80,KALSEE Credit Union,MI,Kalamazoo,302
549300MGDBENMLUYMI91,COMMUNITY BANK OF TRENTON,IL,TRENTON,227
549300MGJ0J02F6KDW38,"First Jackson Bank, Inc",AL,Stevenson,188
549300MGPZBLQDIL7538,FAIRWAY INDEPENDENT MORT CORP,WI,MADISON,326921
549300MH5OXXJKWZZY83,General Electric Credit Union,OH,Cincinnati,1857
549300MHH03ICJYEPE85,"Longbridge Financial, LLC",NJ,Mahwah,10496
549300MHRZRWDY7LRR86,Riverview Bank,PA,Marysville,306
549300MIDG4TRYO5ON35,"1st Reliant Home Loans, Inc",CA,Tustin,330
549300MIICHJBUDK6R97,United Citizens Bank & Trust Company,KY,Campbellsburg,87
549300MJGHTLBSL8LJ59,BankFirst,NE,Norfolk,372
549300MK77IBUMJBI791,SULLIVAN BANK,MO,SULLIVAN,846
549300MKO88C3VZKD418,WINDSOR FEDERAL SAVINGS & LOAN,CT,WINDSOR,329
549300MKOZ81ZWTNKB12,UNITED BANK,WV,MORGANTOWN,4795
549300MKT4KNKP08CQ45,Northway Bank,NH,Berlin,833
549300MKTQIOL1FBNZ12,Farmers and Merchants Bank,MD,Upperco,232
549300ML3H1LUVR1FP75,O BEE CREDIT UNION,WA,LACEY,764
549300MMIZD8222YV754,FIRST GUARANTY MORTGAGE CORPOR,TX,Plano,55759
549300MMQJ2MM37FDE66,"Frontier Financial, Inc. DBA Frontier Mortgage",MO,Chesterfield,1071
549300MN2NONI4E6X341,Trademark FCU,ME,Augusta,114
549300MNG3C6WSZ0TB17,"US Home Mortgage, Inc.",NE,Lincoln,180
549300MNGQM5SPNHQM24,St. Josephs Parish Federal Credit Union,NY,Buffalo,77
549300MNGYKM8QPYJL44,Home Bank SB,IN,Martinsville,530
549300MNJT84X74B3052,Premier Bank of the South,AL,Cullman,166
549300MNVXT92RBYBF93,CORNERSTONE BANK,NE,YORK,324
549300MNZECUR067HB12,BANCFIRST,OK,OKLAHOMA CITY,5936
549300MOKX1F2TX1WK17,Citizens Bank,MO,New Haven,320
549300MOTRV68OSXM837,MUTUAL SAVINGS BANK,IN,FRANKLIN,244
549300MP1N04YL1TZP61,Availa Bank,IA,Carroll,342
549300MP3KK77THHQT36,Bank of the Pacific,WA,Aberdeen,1703
549300MP59Z6SRKSVR49,First Choice MH LLC,IL,Oak Brook,344
549300MPDN3KQZW68M43,CHIPPEWA VALLEY BANK,WI,HAYWARD,164
549300MPGZVO0YIGL418,Lookout Credit Union,ID,Pocatello,443
549300MPX7PJGFD8HA09,Queenstown Bank of Maryland,MD,Queenstown,144
549300MPZCS4LF270327,Members First Credit Union,MI,Midland,1121
549300MQ4IB3OO2XR831,Missouri Credit Union,MO,Columbia,1643
549300MQDQ3TUIDR0R90,"Castle Mortgage Corporation, dba Excelerate Capital",CA,Newport Beach,2868
549300MQEDQYDJR8CP22,CoreVest American Finance Lender LLC,CA,Irvine,839
549300MRNL011DYRV285,NW Priority CU,OR,Portland,73
549300MRP46SVQMWOE81,COASTAL FEDERAL CREDIT UNION,NC,RALEIGH,9143
549300MSU5WVAU4ZN645,"DOLLAR BANK, FSB",PA,PITTSBURGH,12315
549300MTH7LUU0OHYB47,FIRST FEDERAL SAVINGS BANK,IN,EVANSVILLE,697
549300MTZQME2DHKE115,ARLINGTON COMMUNITY FCU,VA,ARLINGTON,31
549300MU2YI0HXIT3257,"LIBERTY SAVINGS BANK, FSB",OH,WILMINGTON,2455
549300MU3SP76R81WW62,"Community Mortgage, LLC",MO,Independence,3593
549300MU6FQRPD7FPQ11,WOOD & HUSTON BANK,MO,MARSHALL,521
549300MUCZWG8XJCW607,TRIANGLE CREDIT UNION,NH,NASHUA,623
549300MUEGVFZ2155D91,Greater New Orleans FCU,LA,Metairie,78
549300MUMD1WPCSXT518,Community National Bank & Trust,KS,Chanute,1403
549300MUTFJQGRZJH019,Central One Federal Credit Union,MA,Shrewsbury,525
549300MUXFVZKH4XLG17,RESIDENTIAL WHOLESALE MORTGAGE,CA,SAN DIEGO,4013
549300MVSM4XYFQL3X62,BARKSDALE FEDERAL CREDIT UNION,LA,BOSSIER CITY,1771
549300MVYX1L50756117,Voyage Federal Credit Union,SD,Sioux Falls,133
549300MXBLBJSY4S5R72,FREMONT FEDERAL CREDIT UNION,OH,FREMONT,359
549300MXE3M1W481QB61,Metro Medical Credit Union,TX,Dallas,14
549300MXJA09WZJ0DV55,FINANCE OF AMERICA MORTGAGE LLC,PA,HORSHAM,105457
549300MXJM8O856QJU62,BLUE BRICK FINANCIAL LLC,AZ,MESA,1126
549300MY7KEVWMI4DF64,Access Capital Funding LLC,MO,Chesterfield,995
549300MYAXFDGEI4NZ65,GFA FEDERAL CREDIT UNION,MA,GARDNER,360
549300MZ53GGF2499G54,GUARANTY BANK & TRUST CO,LA,NEW ROADS,161
549300MZ8VZJOVC63092,"Kind Lending, LLC",CA,Santa Ana,3852
549300MZCM3IR0ZWDI94,First Utah Bank,UT,Salt Lake City,1
549300N15SIAR55G5978,Community Powered FCU,DE,Bear,29
549300N16X2LRUQEUQ50,BOSTON FIREFIGHTERS CU,MA,60 HALLET ST,346
549300N1LBROQFJ7YJ64,Fort Sill Federal Credit Union,OK,Lawton,25
549300N1R0R39PYT7O68,FIRST WESTERN FEDERAL SAVINGS BANK,SD,RAPID CITY,191
549300N1UWZ4871DND44,APPLE BANK FOR SAVINGS,NY,NEW YORK,596
549300N1YEXP02MHBR47,"WRIGHT-PATT CREDIT UNION, INC.",OH,BEAVERCREEK,10796
549300N1YHCNRTYZ3E91,AMERICAN HOME MORTGAGE,GA,ATLANTA,357
549300N24HTC7KQ3LC70,THE EQUITABLE BANK SSB,WI,WAUWATOSA,1976
549300N2BFCK87IZW394,GeoVista Credit Union,GA,Hinesville,69
549300N34GCCEN8EJE06,First National Bank Mortgage,TX,Southlake,1274
549300N38Q5YKSSV1106,EASTHAMPTON SAVINGS BANK,MA,EASTHAMPTON,668
549300N3HTAM5X2VWB62,White Crown Federal Credit Union,CO,DENVER,19
549300N3JBQ15RQ7AV97,PEOPLES MORTGAGE COMPANY,AZ,TEMPE,10228
549300N4B8DUNK34FL02,Penn State Federal Credit Union,PA,State College,207
549300N4D45V7JFCUS34,Main Street Bank,WV,Wheeling,415
549300N4V3ZDLXURNC25,River Valley AgCredit,KY,Paducah,77
549300N52O6FKUCU5G62,NUMERICA CREDIT UNION,WA,SPOKANE VALLEY,4805
549300N53R53ZHSNZ234,WHITE SANDS FEDERAL CREDIT UNION,NM,LAS CRUCES,152
549300N5GF79IZ5Y7G10,AMERICAN HERITAGE FEDERAL CREDIT UNION,PA,PHILADELPHIA,5408
549300N6Q6IC190UPB76,Denver Community Credit Union,CO,Denver,430
549300N6U5XCH70TOK35,KEARNY BANK,NJ,FAIRFIELD,2166
549300N968Y85YXDX139,Troy Bank and Trust,AL,Brundidge,268
549300NAIUVHH8SCGC11,Century Bank,MS,Lucedale,139
549300NAKTEGLTFF0U82,Premier Financial Credit Union,WI,New Holstein,166
549300NAZLKUFCJIO704,Rivertrust Federal Credit Union,MS,Pearl,106
549300NB3SBC1KHAWB92,GERSHMAN INVESTMENT CORP.,MO,CHESTERFIELD,11640
549300NB6LOZ96BDSU42,THE MORTGAGE COMPANY,CO,CENTENNIAL,1262
549300NBFJM2PBH24L77,The Citizens State Bank,KS,Moundridge,322
549300NBFK4GO76FTE84,CNB Bank,PA,Clearfield,3247
549300NBSU5FHMDN5F74,FIRST SOURCE FEDERAL CREDIT UNION,NY,New Hartford,1535
549300NBUJWYNN8AXN69,"CBM MORTGAGE, INC",VA,FRONT ROYAL,2349
549300NC4WJQGK642G48,Coop. de A/C La Puertorriqueña,PR,San Juan,298
549300NDNZ6EWP8BJI88,Bank Iowa,IA,West Des Moines,1398
549300NFA0VY9215VV25,Midwest Mortgage Associates Corporation,CO,Colorado Springs,1468
549300NFAQXBUC5NPK66,"First Commercial Bank, N.A.",TX,Seguin,127
549300NFO21T5DF35226,Century Bank And Trust Company,MA,Medford,529
549300NFPC3Y4W3Y7R87,CalCon Mutual Mortgage LLC,CA,San Diego,8280
549300NG2D8XTAILV420,The Lending Center Corporation,PR,San Juan,155
549300NG6J01HLGSZW49,MERCHANTS & FARMERS BANK & TC,LA,LEESVILLE,193
549300NGCDNC9174EF79,Banterra Bank,IL,Marion,872
549300NGNH7M36LP4583,MASPETH FEDERAL SAVINGS AND LOAN ASSOCIATION,NY,MASPETH,215
549300NI5SBQVOFLU926,Corry Fedral Credit Union,PA,Corry,117
549300NJ26KCZVDMI076,Texas National Bank of Jacksonville,TX,Tyler,381
549300NJVKCDJA5YC939,"Homeowners Financial Group, LLC",AZ,Scottsdale,14376
549300NK1QGOPLHFHL22,"Mortgage 2000, Inc.",CA,Redondo Beach,648
549300NK4UZYJMJIC252,LANDED HOME LOANS LLC,SC,GREENVILLE,349
549300NL3JN3ABDPH257,Affinity Plus Federal Credit Union,MN,Saint Paul,10616
549300NLJI4QKZ3D0G94,5TH SREET CAPITAL INC.,CA,SAN DIEGO,1353
549300NLS4UT5V6RUS41,William Penn Bank,PA,Levittown,158
549300NN0PRX3I4QGG46,"Mid-Continent Funding, Inc.",MO,Columbia,3616
549300NN5CG5Q640OV05,HICKORY POINT BANK & TRUST,IL,DECATUR,551
549300NNL9H573MWO110,Bank of Utah,UT,Ogden,1733
549300NOCASXPA34X033,"Lakeview Loan Servicing, LLC",FL,Coral Gables,279905
549300NP3DNB1K9Z8513,CREDIT UNION OF NEW JERSEY,NJ,EWING,373
549300NPANOIK7XYK714,NCPD Federal Credit Union,NY,Plainview,138
549300NPHJJV4PURQK31,Premier Bank of Arkansas,AR,Marion,68
549300NPW3WIT7G01W32,Strip Steel Community Federal Credit Union,WV,Weirton,1
549300NQA30MEKPQP417,Sandy Spring Bank,MD,Columbia,7039
549300NQCH8PMKEYBL30,Postel Family Credit Union,TX,Wichita Falls,28
549300NSOTTGIGCIV712,ASCENTRA CREDIT UNION,IA,BETTENDORF,1837
549300NT030LXB2A8T82,"My Mortgage, Inc",MD,Crofton,4241
549300NTH6N72ZZNX948,Pacific Premier Bank,CA,Irvine,818
549300NTHJ0G5YXW3J85,VALLEYSTAR CREDIT UNION,VA,MARTINSVILLE,421
549300NTQ8BOK9455W21,"Residential Mortgage Network, Inc.",IA,Iowa City,720
549300NVA07UVMZS8E14,Rio Grande Credit Union,NM,Albuquerque,228
549300NVMV4W48B8SC18,WATERTOWN SAVINGS BANK,NY,WATERTOWN,478
549300NW5S24O35U1962,Noble Federal Credit Union,CA,Fresno,464
549300NWB973YIHXKU90,WASHINGTON AREA TEACHERS FEDERAL CREDIT UNION,PA,WASHINGTON,51
549300NWBS6MQJX15N44,NEXBANK,TX,DALLAS,14481
549300NWKILSNQAIG053,CHARTWAY FCU,VA,VIRGINIA BEACH,1885
549300NWYTCEH9RSSW54,SUFFOLK FEDERAL CREDIT UNION,NY,MEDFORD,2107
549300NXKD4J4RBJI403,AMERISTATE BANK,OK,ATOKA,127
549300NXYX3K4WQSGJ17,STRATA CREDIT UNION,CA,BAKERSFIELD,254
549300NZ2IPWRMLAYZ30,MID-ISLAND MORTGAGE CORP.,NY,WESTBURY,1876
549300NZ54QGM0WNLC84,HOOSIER HEARTLAND STATE BANK,IN,CRAWFORDSVILLE,306
549300NZI0KZUW6HBT60,FirstOak Bank,KS,Independence,121
549300NZLFJGIDOXDW97,"NEAL COMMUNITIES FUNDING, LLC",FL,MAITLAND,653
549300NZWZUYUWEOA562,ELEMENTS FINANCIAL FEDERAL CU,IN,INDIANAPOLIS,3263
549300O0BQZ8YGYRA730,"American Bank & Trust Company, Inc.",LA,Hammond,193
549300O0SJ54M4D70R54,MERITRUST FEDERAL CREDIT UNION,KS,WICHITA,2720
549300O12EJ1HE3YIK24,EAGLE.BANK,OH,CINCINNATI,683
549300O1ESL3X18LPG95,CALIFORNIA COAST CREDIT UNION,CA,SAN DIEGO,2584
549300O1FOCD65WZ9873,FIRST FEDERAL BANK OF LOUISIAN,LA,LAKE CHARLES,435
549300O2D8BPO6PJRB90,ARMSTRONG BANK,OK,MUSKOGEE,1587
549300O2EZG72LO2FX38,SUMMIT MORTGAGE CORPORATION,OR,PORTLAND,2507
549300O2UK5FUZXQJO34,United Community Bank,LA,Raceland,121
549300O2WI1UYPLRU579,Salem Co-operative Bank,NH,Salem,261
549300O3HNZKCYCYJK98,Cleveland State Bank,WI,Cleveland,301
549300O4KTZGM04CCZ47,ABBOTT LABORATORIES EMPLOYEES CREDIT UNION,IL,GURNEE,1067
549300O4MSB4K4FT2E90,Haven Bank,NJ,Hoboken,356
549300O51V8F4P0SOY08,FIRST OKLAHOMA MORTGAGE,OK,JENKS,334
549300O5WDIJU8S7OI05,"Stride Bank, National Association",OK,Tulsa,1857
549300O6Z0I6KYMESL47,AmWest Funding Corp,CA,Brea,26314
549300O7SGM8FH65GQ47,BUSEY BANK,IL,CHAMPAIGN,5599
549300O86UUZZGSLX538,RED CROWN FEDERAL CREDIT UNION,OK,TULSA,177
549300OA8B0OLDA16R42,The Farmers and Merchants National Bank,IL,Nashville,190
549300OARXTADS0L8L11,1st MidAmerica Credit Union,IL,Bethalto,903
549300OBJRCHJ0G6XU24,US WIDE FINANCIAL LLC,MO,ST LOUIS,1279
549300OBLIP1F3NM5751,PLAINSCAPITAL BANK,TX,DALLAS,2528
549300OBO7DOF2KOP535,FirstBank,TN,Nashville,40424
549300OBYIDGN0LRQS38,First National Bank of Oklahoma,OK,Oklahoma City,392
549300OCBGBM6IS0J130,Transcend Credit Union,KY,Louisville,707
549300OCKUW7YV0YNV03,TRI CITY NATIONAL BANK,WI,OAK CREEK,1250
549300OCPYKDBIQ11H61,Valliance Bank,OK,Oklahoma City,109
549300OCQ8J0ZXMCTF89,Poli Mortgage Group,MA,Walpole,1283
549300ODHOF8ORD47F11,"FIRST NEW MEXICO BANK, LAS CRU",NM,LAS CRUCES,218
549300ODM8A5T4RHPY32,BANK OF CHARLES TOWN,WV,CHARLES TOWN,190
549300ODTHTLPTSBD612,Novation Credit Union,MN,OAKDALE,163
549300ODXRVTZ21MSR34,RONDOUT SAVINGS BANK,NY,KINGSTON,544
549300OEWY869SOVHF18,UNION SAVINGS BANK,IL,FREEPORT,264
549300OEXPP23JR0L272,SRE Mortgage Alliance Inc.,CA,El Segundo,555
549300OF721EQSY24237,"TrustLine Mortgage, Inc.",FL,Jacksonville,55
549300OGIGNKGO2DX942,"FedEx Employees Credit Association, FCU",TN,Memphis,767
549300OH0GCHTF3S7J46,Choice Lending Corporation,CA,Victorville,346
549300OHIEQGELZVJP60,L&N FEDERAL CREDIT UNION,KY,LOUISVILLE,2768
549300OHLAHJ10DFF198,"Belem Servicing, LLC dba Patriot Home Mortgage",UT,St. George,1802
549300OHTBYVLLO8NW69,The Farmers & Merchants Bank,IN,Lafayette,163
549300OHXNUMVE33Q475,American Federal Bank,ND,Fargo,469
549300OIJ6O9DNP74L72,"CU COMMUNITY, LLC",TN,KNOXVILLE,551
549300OIJZOV6CPR1Y57,First National Bank  Ames  Iow,IA,Ames,350
549300OITV2T766YLP15,OCEAN STATE CREDIT UNION,RI,COVENTRY,620
549300OJS2SSFK0Y2I84,US Direct Lender,CA,La Canada Flintridge,259
549300OJTK0IPSNDA832,Liberty bank and Trust Company,LA,New Orleans,491
549300OLJQ30ZT21BC55,Banc One Mortgage Corporation,CA,Orange,747
549300OLRFUNCEDVGB16,Commercial Trust Company,MO,Fayette,267
549300OLY1AZR185XE50,Aeroquip Credit Union,MI,Jackson,42
549300OMHGOGEWTCI138,Resource Bank,LA,Covington,242
549300OMMGCT35VSS514,YNB,OK,yukon,146
549300ON2ILGPUVKZT28,American Bank of Oklahoma,OK,Collinsville,918
549300ONBM4MGXXBTA44,AMCAP Mortgage Ltd,TX,Houston,26899
549300OO44FL6BHIUV48,1st Preference Mortgage Corp,MD,Baltimore,771
549300OOBQV34V3WL383,ABNB FEDERAL CREDIT UNION,VA,CHESAPEAKE,877
549300OP314BNT2VUU11,PIONEER FEDERAL CREDIT UNION,ID,MOUNTAIN HOME,387
549300OP5DX4ZL2E2S84,Marine Federal Credit Union,NC,Jacksonville,224
549300OPB0G5OMY0SM65,NEW WAVE LENDING GROUP INC,CA,CITY OF INDUSTRY,8631
549300OPCWU6E72WUT29,Mutual of Omaha Mortgage,IL,Lombard,72864
549300OPKCV6BLMDSL66,UNITED BANK,AL,ATMORE,401
549300OPWL6MYY9SXF04,Western Cooperative Credit Union,ND,Williston,211
549300OPZE52Y4J4QP25,THE EXCHANGE BANK OF ALABAMA,AL,GADSDEN,84
549300OQ3UC55Y6EPP22,COMMUNITY NATIONAL BANK,VT,NEWPORT,453
549300OQ5QR1CNV5HY08,"Mortgage Management Consultants, Inc.",CA,Palmdale,1267
549300OQHPN4174TOC36,SAFEAMERICA CREDIT UNION,CA,PLEASANTON,143
549300OQMU3ID8QA6M46,VELOCIO MORTGAGE L.L.C.,TX,HOUSTON,4277
549300OQY2Y402FHFI71,River Valley Credit Union,IA,Ames,101
549300OR2C7AGDZFTS24,MIDWEST BANKCENTRE,MO,ST. LOUIS,1573
549300ORTZ3CWXPNL693,ELGA Credit Union,MI,Burton,1242
549300OS8C7J7ZWMNL70,BURKE & HERBERT BK & TR CO,VA,Alexandria,336
549300OSS620JYU5KR81,Arsenal Credit Union,MO,Arnold,69
549300OSXT524OFE8M55,"Central Coast Lending, Inc.",CA,Morro Bay,1168
549300OSY236S7MBKO83,"CIS Financial Services, Inc.",AL,Hamilton,1860
549300OSYCBC27271359,HOMETOWN BANK,WI,FOND DU LAC,999
549300OSZK2W0WJYS771,NORTHWEST FEDERAL CREDIT UNION,VA,HERNDON,5484
549300OTLWFQPOOSC346,BAYCOAST BANK,MA,SWANSEA,3980
549300OTNSBY6RS8HU51,Cascade Federal Credit Union,WA,Kent,28
549300OUFGVRFN8PZB89,HERRING BANK,TX,AMARILLO,345
549300OULGV8ZW0JV320,Cumberland Valley National Bank & Trust Co,KY,London,382
549300OV8NE5ZPEPMF52,"Celebrity Home Loans, LLC",IL,Oakbrook Terrace,24475
549300OVA1LT74LITG21,FIRST FEDERAL SAVINGS AND LOAN,PA,WAYNESBURG,949
549300OVUSU8E87XZV67,LEGENCE BANK,IL,ELDORADO,273
549300OWEWQ1QPPQS302,Citizens Bank of Edmond,OK,Edmond,246
549300OWLJ3NG26J9N79,FIRST NATIONAL BANK,AL,HAMILTON,159
549300OWUY97LHFQ0512,"LENDERFI, INC",FL,DELRAY BEACH,7746
549300OYEKEORA1GI088,"GOPRIME MORTGAGE, INC.",NC,APEX,4881
549300OYKQOTFQTAV150,Standard Bank PaSB,PA,MONROEVILLE,490
549300OYN1WD4APNOU82,First State Bank,NE,Gothenburg,724
549300OZ550X4QD5PC74,ROYAL CREDIT UNION,WI,EAU CLAIRE,8389
549300OZ8A612R2D8J95,Liberty National Bank,SD,Dakota Dunes,138
549300OZIFHR7THILC90,"MERCHANTS BANK, NA",MN,Winona,5058
549300OZV7J05G72WS11,IH CREDIT UNION,OH,Springfield,61
549300P0EVSTBKD8HJ82,CES CU,OH,Mount Vernon,125
549300P0GXZAWI355052,Machias Savings Bank,ME,Machias,1437
549300P1347BFCBHJV60,MIT FEDERAL CREDIT UNION,MA,LEXINGTON,668
549300P1I25L8ILSI852,SUNRISE FAMILY CREDIT UNION,MI,BAY CITY,76
549300P2GEYNMH5OQA71,Washington Trust Bank,WA,Spokane,4148
549300P3JUY6QMZ8DY86,COMMERCIAL BANK & TRUST COMPANY,TN,PARIS,548
549300P3STF5YYEJYO93,Pittsford Federal Credit Union,NY,Pittsford,671
549300P4KO88PZ6HZH66,NESC Federal Credit Union,MA,Methuen,104
549300P4RGN7F1H2N265,Security First Bank of North Dakota,ND,Mandan,163
549300P4SRSJ2Z85RM43,THE MUNCY BANK AND TRUST COMPANY,PA,MUNCY,693
549300P55E0GN57DEV03,"Geo-Corp, Inc.",CA,Monterey Park,749
549300P5F47MW3AQ2048,MID AMERICAN CREDIT UNION,KS,WICHITA,296
549300P5JG6WBCSZ7M53,AGRICULTURE FEDERAL CREDIT UNION,VA,MERRIFIELD,122
549300P5P3TETH14UB50,AMERICAN BANK OF THE NORTH,MN,NASHWAUK,379
549300P5SKZCJ1JGSQ39,"KINGS MORTGAGE SERVICES,  INC",CA,VISALIA,1974
549300P5XMXPZNGV5915,Arundel Federal Savings Bank,MD,Glen Burnie,222
549300P6CCUZE02WB068,Amarillo Community FCU,TX,Amarillo,227
549300P6E4MG6WR4CW75,Slovenian Savings and Loan Association,PA,Strabane,285
549300P6FMUCIYH31R36,FIRST BANK,MS,MCCOMB,214
549300P6J0MZZT4UMT05,"MEMBER HOME LOAN, LLC",TX,HOUSTON,1277
549300P6LWTHH4GFWX19,"MANHATTAN FINANCIAL GROUP, INC",CA,ESCONDIDO,20
549300P6ZERWX5BPWX45,"VERVE, A CREDIT UNION",WI,OSHKOSH,2315
549300P7QM2ETZZY0323,HERITAGE COMMUNITY CREDIT UNION,CA,SACRAMENTO,119
549300P7T76AWIP6QL35,Jonestown Bank & Trust Co.,PA,Jonestown,441
549300P8K0GPRS1CUS51,HNB National Bank,MO,Hannibal,993
549300P8KQYPAVPZL931,Farmers Bank and Trust Company,KY,Marion,383
549300P8W7NTNS3TVK84,Fidelity Bank & Trust,IA,Maquoketa,1030
549300PBL633P0UGLP11,EMBASSY BANK FOR THE LEHIGH VALLEY,PA,BETHLEHEM,1261
549300PBTV7FCWLSMM53,MORTGAGE SOLUTIONS OF COLORADO,CO,COLORADO  SPRINGS,18495
549300PC4MFWQBNVKG88,"V.I.P. MORTGAGE, INC.",AZ,SCOTTSDALE,17678
549300PD2JKG2Z95GK78,West Point Bank,KY,Elizabethtown,350
549300PDELOGUKYYDA02,Peoples Bank,MO,Cuba,143
549300PE7I3IWSUX2B53,Salisbury Bank and Trust Co,CT,Lakeville,632
549300PEQH6YK4DH0490,Frontwave Credit Union,CA,Oceanside,1294
549300PEWJWBNEOSS013,Bayshore Mortgage Funding,MD,Timonium,4249
549300PFJ7GCGDLB2E65,"FIRST OPTION MORTGAGE, LLC",GA,ATLANTA,6596
549300PG87MHQ7H4CO08,VANTAGE BANK TEXAS,TX,San Antonio,454
549300PGV74J5SPHTG47,Planters Bank and Trust Company,MS,Indianola,599
549300PGWM7M3DKQ1F43,Bridge Credit Union,OH,Columbus,98
549300PH1RMZ3NKH2953,FIELD & MAIN BANK,KY,HENDERSON,409
549300PHPKOL5FJ7D438,BluCurrent Credit Union,MO,Springfield,1098
549300PHUZ7U5WPH7Z38,City National Bank of Taylor,TX,Taylor,99
549300PI7Z6DG3QE2087,St Landry Bank & Trust Co,LA,Opelousas,20
549300PI8J8CV6B53I58,Bank of Ann Arbor,MI,Plymouth,1178
549300PIBI14GDBLD168,Cooperativa de A/C Isabela,PR,Isabela,80
549300PIL8LFAQ04XC20,"SPRING EQ, LLC",PA,PHILADELPHIA,33925
549300PIL90PE1ZLKI49,Community First Credit Union of  FLorida,FL,Jacksonville,2336
549300PJ2WT35S77Q208,Consumer Real Estate Finance Co.,FL,Fort Lauderdale,1463
549300PJ8G3ECK1DQW27,TC Federal Bank,GA,Thomasville,173
549300PJX0ZHPQ614C72,Peoples Security Bank and Trust Company,PA,Scranton,1218
549300PK4T5VBRY4TE47,"Callisto Group, Inc. dba Metro Lending Services",CA,Glendale,432
549300PKEQ3Q9S0IXW76,United Federal Credit Union,MI,St. Joseph,7635
549300PL8ER6H23P0Z91,Bay Equity LLC,CA,Corte Madera,32544
549300PLQ5DT613TXQ48,United Cumberland Bank,KY,Whitley City,396
549300PLVU3OBFUIPI18,"Valley Mortgage, Inc.",ND,Fargo,858
549300PM3R14MRQSOJ39,Midwest Members Credit Union,IL,Wood River,28
549300PMVNBERP6TB157,ONE NEVADA CREDIT UNION,NV,LAS VEGAS,2052
549300PP6R8WIOP60124,Southern First Bank,SC,Greenville,3113
549300PPIXNO2E1B5V55,Omega FCU,PA,Pittsburgh,247
549300PPKM4YL2GY3713,NRL FEDERAL CREDIT UNION,VA,ALEXANDRIA,424
549300PRAPL43XPYR044,"EMET LENDING GROUP, INC",CA,BREA,1071
549300PRPWWDL1RI5M21,KATAHDIN TRUST COMPANY,ME,PATTEN,489
549300PT6CCDYU4VHM41,PA STATE EMPLOYEES CU,PA,HARRISBURG,9139
549300PTGESTLYZT6Z63,FEDERATED LENDING CORP,PA,YARDLEY,249
549300PTX8QF0BPQ5U19,"SHELTER MORTGAGE COMPANY, L.L.C.",SC,GREENVILLE,10446
549300PTYDNRSYG5A828,"Malaga Bank, FSB",CA,Palos Verdes Estates,160
549300PU6VF7RGG5TI18,Serve Credit Union,IA,Des Moines,153
549300PUF6BDR1QRB167,1st Northern California Credit Union,CA,Martinez,343
549300PV2KIL739QYQ35,Citizens National Bank of Texas,TX,Waxahachie,347
549300PV90PV65OLDL82,Michigan One Community Credit Union,MI,Ionia,278
549300PVS7DLMY766R09,Miami Firefighters FCU,FL,Miami,115
549300PW1OR537MRMS88,"Suburban Mortgage, Inc.",AZ,Phoenix,1832
549300PW3M6ZVFRNAH90,D W Brown Mortgage,IL,Edwardsville,174
549300PX0B48R1TGUV89,JFK FINANCIAL INC,NV,LAS VEGAS,1023
549300PXIFIEPL7D7R86,BRIGHTON BANK,TN,BRIGHTON,826
549300PXL1KA5TOL2O82,M/I FINANCIAL. LLC,OH,COLUMBUS,7785
549300PYZVSM1PP3GI62,Allegent Community Federal Credit Union,PA,Wexford,220
549300PZ44DNQDPOV865,PINNACLE BANK,NE,LINCOLN,4457
549300PZATEYE8VIEN67,"Smart Choice Mortgage, LLC",TX,Shavano Park,276
549300PZP3UHKYJ5ET63,TINKER FEDERAL CREDIT UNION,OK,OKLAHOMA CITY,2363
549300Q02LGIN9AXKP98,First Technology Credit Union,OR,Beaverton,18134
549300Q10M1VXBG2H889,"MiLEND, Inc.",GA,Alpharetta,5830
549300Q16CNQMW0O1O02,The New Washington State Bank,IN,Charlestown,168
549300Q1QXZDN5R0UD44,Jeff Bank,NY,Jeffersonville,352
549300Q1WJSOIS2FON98,"CITYWIDE HOME LOANS, LLC",IL,CHICAGO,9196
549300Q1YFRSB8UEGH03,TRUITY FEDERAL CREDIT UNION,OK,BARTLESVILLE,1577
549300Q26XXW77S35W27,FIRST NATIONAL COMMUNITY BANK,WI,NEW RICHMOND,472
549300Q2D3BVMIW11R02,PARTNERSHIP FINANCIAL CREDIT UNION,IL,MORTON GROVE,174
549300Q2EZNO3H86ED06,VERITEX COMMUNITY BANK,TX,DALLAS,706
549300Q3FASY9ZW0JS02,GREATER KC PUBLIC SAFETY CU,MO,KANSAS CITY,144
549300Q3RKNDNMSDEE10,Peoples Exchange Bank,KY,Winchester,925
549300Q3ROEQU3D1IW91,CREDIT HUMAN FEDERAL CU,TX,SAN ANTONIO,21729
549300Q4BYXP7YD9UI61,CENTREVILLE BANK,RI,WEST WARWICK,769
549300Q4IFHVIODLF616,SHREWSBURY FEDERAL CREDIT UNION,MA,SHREWSBURY,127
549300Q4JBLTKDC7J303,"Bank of Whittier, Na",CA,Whittier,435
549300Q4S6BX5BFNR019,CU OF THE ROCKIES,CO,Golden,93
549300Q50XCC0473FG63,QUORUM FEDERAL CREDIT UNION,NY,PURCHASE,7538
549300Q55VW95EP3CM33,LCNB NATIONAL BANK,OH,LEBANON,731
549300Q61S3IBOJITT02,FALL RIVER FIVE CENTS SAVINGS,MA,FALL RIVER,2298
549300Q6TVHCCFZ5R384,UMe Federal Credit Union,CA,Burbank,121
549300Q6YL1SFVPEGV90,"Intelliloan, Inc.",CA,Orange,9137
549300Q745S62Q6QNW78,NATIONAL BANK OF BLACKSBURG,VA,BLACKSBURG,470
549300Q76VHK6FGPX546,Central Bank,IA,Storm Lake,1730
549300Q7BO23YSZ45J73,CORNERSTONE COMMUNITY BANK,WI,GRAFTON,236
549300Q7ODSDOEDUNP68,"First Integrity Mortgage Services, Inc.",MO,Saint Louis,1009
549300Q8HL7EWEE0HW14,Cambridge Tust Company,MA,Burlington,976
549300Q8R70WLHGFLX73,PEOPLE'S BANK OF SENECA,MO,SENECA,399
549300Q9TCZDLU48CG18,FIRST COMMONWEALTH FEDERAL CRE,PA,ALLENTOWN,1124
549300QAJ2SD5X8T7X10,Synergy Bank,LA,Houma,286
549300QB357BUUUV7A56,Old Dominion National Bank,VA,North Garden,687
549300QBMI3P6JWI9Q86,Citizens & Farmers Bank,VA,West Point,601
549300QBU5SUXWZAXV90,The United Federal Credit Union,WV,Morgantown,58
549300QBV10SC3TEU133,Carolina Foothills Federal Credit Union,SC,Spartanburg,175
549300QCJE0X5P8H4Z85,The Paducah Bank and Trust Company,KY,Paducah,470
549300QCYEU2QLIWN517,Legend Home Lending,TX,Houston,2276
549300QD23LICPXTPB55,"Dignified Home Loans, LLC",CA,Westlake Village,3916
549300QD5CQZ9PPP5B09,PARTNERS FEDERAL CREDIT UNION,FL,ORLANDO,3222
549300QDGMFASKEN7Z77,SPIRE CREDIT UNION,MN,FALCON HEIGHTS,3958
549300QEVTCM4MW2YI14,Synergy Federal Credit Union,TX,San Antonio,174
549300QFE7UAEZ8Q4U55,Park Side Credit Union,MT,Whitefish,298
549300QFJDBOCX7WKY08,AMERICAN NATIONAL BANK OF TEXA,TX,TERRELL,1468
549300QFP6J5QSZVF805,Eagle Bank and Trust Company,AR,Little Rock,6321
549300QG83M0EX7VC434,Pinnacle Bank - Wyoming,WY,Cody,1167
549300QGLK6W51MPXW45,BARTON CREEK LENDING GROUP,TX,AUSTIN,1391
549300QGO7S838JDBC47,CCF - AUBURN HILLS BRANCH,MI,AUBURN HILLS,191
549300QHFDNFAMLATM94,FIRST SEACOAST BANK,NH,DOVER,351
549300QHKPYDSS5W8T62,Cooperativa de A\C Santa Isabe,PR,Santa Isabel,19
549300QHPJ9CLOLCVE82,RiverHills Bank,OH,Milford,722
549300QIEXWCVRBXUH64,VELOCITY COMMUNITY FEDERAL CREDIT UNION,FL,PALM BEACH GARDENS,261
549300QIUZLVR1OLDH55,GENISYS CREDIT UNION,MI,AUBURN HILLS,6419
549300QJ1W5RNY1X4D75,Central State Bank,IA,Elkader,116
549300QJN5U13Y9HAW42,BANK OF OAK RIDGE,NC,8050 FOGLEMAN RD.,58
549300QJOGSPJ8EAX798,Central National Bank,TX,Waco,404
549300QKFRNUZ2L5LY47,TopMark Federal Credit Union,OH,Cridersville,228
549300QKL5FUBZ8LSF50,Nations Direct Mortgage LLC,CA,Santa Ana,13988
549300QKSA6LO5S1CM57,Financial One Mortgage,OH,Columbus,5
549300QLL0WGOPA6R131,Lincolnway Community Bank,IL,New Lenox,140
549300QLLCMT1VD4OD25,"SPROUT MORTGAGE, LLC",FL,PORT LUCIE,13353
549300QLO8TSQW5JTK72,West Gate Bank,NE,Lincoln,7637
549300QLZWERAXKGEP54,Bank of Lexington,KY,Lexington,233
549300QMMJSALZQVP721,Public Employees Credit Union,TX,Austin,313
549300QNPOF1WCRKLZ94,SAN MATEO CREDIT UNION,CA,REDWOOD CITY,1115
549300QNSC8YFY70QR51,"Atlantic Home Lending, Inc.",MA,Canton,276
549300QO5LH5SP6I8C79,COMMONWEALTH BANK & TRUST COMPANY,KY,LOUISVILLE,4312
549300QOIO7RN6JTEI45,PIONEER BANK,NM,ROSWELL,108
549300QPD4M26VIOFU53,"Summit Mortgage Bankers, Inc.",NY,Flushing,2943
549300QQ8FVN501MZL94,First National Bank and Trust,PA,Newtown,172
549300QQT0E10LWS3326,Ciera Bank,TX,Graham,84
549300QR0KFPEDZPEI42,Stockton Mortgage Corporation,KY,Frankfort,13675
549300QRH7IX8IMYTC57,Dundee Bank,NE,Omaha,1088
549300QRLVIA94OVXY15,"AMERICAN HOMESTAR MORTGAGE, LLC",TX,LEAGUE CITY,704
549300QRWA4IGMDEDT70,IDEAL CREDIT UNION,MN,WOODBURY,1406
549300QSOO0QJ7R1VQ66,"MILESTONE HOME LENDING, LLC",SC,GREENVILLE,567
549300QSUEE20YO86W39,Specialized Loan Servicing LLC,CO,Greenwood Village,1115
549300QTN66CFMVWLH03,MAYO EMPLOYEES FEDERAL CREDIT UNION,MN,ROCHESTER,713
549300QU641Z70NA3W22,Alpha Mortgage Corporation,NC,Wilmington,2217
549300QU7HWSPH011Y56,"LENDUS, LLC",CA,ALAMO,22735
549300QUH5S3VFIWMU57,"GNBank, N.A.",KS,Girard,499
549300QURAICH2YGJV94,WILLOW BEND MORTGAGE,TX,PLANO,5480
549300QUS7X0QJUEZ353,AccessBank Texas,TX,Denton,86
549300QV3GEYMP1WSO93,"SIWELL, INC DBA CAPITAL MORTGAGE SERVICES OF TEXAS",TX,LUBBOCK,895
549300QV6YJK6ZDZPV54,Collinsville Building and Loan Association,IL,Collinsville,146
549300QVGK8WC4HQ3C28,Princeton Mortgage Corporation,NJ,Pennington,5889
549300QVQQMJ9IWR0G78,"CERTAINTY HOME LOANS, LLC",IL,CHICAGO,9651
549300QVXT6121Q7E798,Flushing Bank,NY,Uniondale,306
549300QWA589VRBWSZ92,COMMUNITY RESOURCE CREDIT UNIO,TX,BAYTOWN,734
549300QWJ0FR6RCHNK90,TRUE NORTH FEDERAL CREDIT UNION,AK,JUNEAU,223
549300QWJ3UDIX8KBP64,GENERATIONS BANK,AR,ROGERS,764
549300QWOZZB97053F11,"Kelley Mortgage, LLC",TN,Columbia,92
549300QWUZ3ZGKKC7W73,Merchants and Manufacturers Bank,IL,Joliet,71
549300QWWDI5EBFCNL02,Family Savings Credit Union,AL,Rainbow City,276
549300QWYPPH283K6R36,Prospect Bank,IL,Paris,222
549300QX0QWWJKEY4R28,MARQUETTE BANK,IL,CHICAGO,1436
549300QX1R00EP1GE389,PREMIER VALLEY BANK,CA,FRESNO,103
549300QX5KH5JXXMYU41,CITIZENS STATE BANK OF NEW CASTLE,IN,NEW CASTLE,284
549300QXJAPKTQHC4S45,CENTER CITY MORTGAGE AND INVESTMENTS LLC,PA,BALA CYNWYD,886
549300QXTT2NBSRNYO73,Embark Credit Union,MT,Great Falls,104
549300QY4UCP33T94N09,Ballston Spa National Bank,NY,Ballston Spa,574
549300QYN3TROD97TI79,AllSouth Federal Credit Unin,SC,Columbia,992
549300QYX5EMLSR68B45,GOUVERNEUR SAVINGS & LOAN,NY,GOUVERNEUR,216
549300QZDX4UOTILVF25,RSI Bank,NJ,Rahway,283
549300QZED00YTPAWQ69,Greater Nevada Mortgage,NV,Carson City,1401
549300R0CN5YKL3VTP86,People's Alliance Federal Credit Union,NY,Hauppauge,128
549300R0DP2GXAIMGB41,BANK OF COLORADO,CO,FORT COLLINS,3636
549300R0L43GUZ8EW811,LEGENDS BANK,TN,CLARKSVILLE,921
549300R0QZYJMOBCNI97,ST FIN CORP,CA,LAGUNA HILLS,633
549300R0SQ8LYM3HBY12,COMMUNITY CHOICE CREDIT UNION,MI,FARMINGTON HILLS,947
549300R0SXC1JU7ZU290,FIRST COMMUNITY MORTGAGE,TN,MURFREESBORO,16053
549300R1405JUM8QXD66,Champions Mortgage LLC,FL,Seminole,524
549300R14I3DX6ZMWL07,CONSUMER CREDIT UNION,TN,GREENEVILLE,608
549300R1DB8186CV7Z17,Community Credit Union of Lynn,MA,Lynn,150
549300R1M9F3KHD4D911,Homeland Credit Union,OH,Chillicothe,225
549300R20AB76CQEH402,THE JUNIATA VALLEY BANK,PA,MIFFLINTOWN,433
549300R22XCNNGVXRO22,Self Reliance (NY) FCU,NY,NEW YORK,256
549300R2Q0E1T4DWKH51,LINKBANK,PA,Camp Hill,123
549300R4F5COFJE0DN81,"ONY GLO, INC.",CA,SANTA ANA,6190
549300R4IPEM23JRUH35,Altoona First Savings Bank,PA,Altoona,255
549300R4XILOL7HDRE77,Bank of Bird-in-Hand,PA,Bird in Hand,472
549300R5DOGZK0VWYL76,Jonah Bank of Wyoming,WY,Casper,1409
549300R77W0P105C3S50,HomeXpress Mortgage Corp.,CA,Santa Ana,6186
549300R7HGHP2I754087,Towne Mortgage Company,MI,TROY,12443
549300R8LYY54XS86414,First State Bank & Trust,KS,Tonganoxie,394
549300R8VPSFM828B312,Teachers Federal Credit Union,NY,Hauppauge,7119
549300R9B3X06XL9UX62,ROCKY MOUNTAIN BANK,MT,BILLINGS,130
549300R9S3MVDV4MGF56,Carrington Mortgage Services L,CA,Anaheim,93076
549300R9WS7FTSHD0V89,VISIONBank,ND,Fargo,103
549300RA3E0BUFO7YZ21,"Hometown Equity Mortgage, LLC",CA,Lake Forest,12822
549300RAGLSEPN0V3D13,"Hancock Mortgage Partners, LLC",TX,Sugar Land,2376
549300RAQJBTN6Z28096,"Wintrust Bank, NA",IL,Rosemont,327
549300RBJCM5B02O5U05,NORTHWEST BANK,IA,SPENCER,4161
549300RBN5KM5RUFOE42,Independent Bank,TN,Memphis,1010
549300RBWA4J4QTPSY69,Peoples State Bank,WI,Wausau,1262
549300RBX56T2MW5HO19,Cherry Creek Mortgage,CO,Greenwood Village,32428
549300RC1JITZLHVLH66,"Equity Wave Lending, Inc.",CA,Irvine,310
549300RD5IG88VPO6P22,"GUIDANCE RESIDENTIAL, LLC",VA,RESTON,7287
549300RDD5A10N9UOD34,First General Credit Union,MI,Muskegon,16
549300RDGRWJXEQOEC49,"Prudential Multifamily Mortgage, LLC.",NJ,Newark,168
549300RDN1T32WR2WF91,LEGACY BANK & TRUST,MO,MOUNTAIN GROVE,237
549300RDO3TWTFEYC795,"Towne Mortgage, LLC",VA,Virginia Beach,1401
549300RE7CP5SUFPFX27,VEGACOOP,PR,VEGA ALTA,149
549300REENMLD2RN3W58,MAGNOLIA BANK,KY,HODGENVILLE,14335
549300REHZOIYMHDPI61,Levo Federal Credit Union,SD,Sioux Falls,934
549300REPZK0JXAZ6D94,"FISHER FINANCIAL GROUP, INC",AZ,GILBERT,887
549300RFLICNI75BG067,American Equity Bank,MN,Minnetonka,80
549300RFPLMCMJL7BS81,"Bellwether Enterprise Real Estate Capital, LLC",OH,Cleveland,354
549300RFSMIRUODUVW59,FIRST INTERSTATE BANK,MT,BILLINGS,9530
549300RGUEWNDH44ES51,"Forcht Bank, N.A.",KY,Lexington,1090
549300RIPPSJXAQKZ383,CIBM Bank,IL,Champaign,2251
549300RIR04Y64SF4306,KISH BANK,PA,BELLEVILLE,985
549300RJ5S2V4F8C4H36,SUMA (YONKERS) FEDERAL CREDIT UNION,NY,YONKERS,118
549300RJW4T6MPVUPK44,SEFCU Services LLC,NY,Albany,6345
549300RK7Q0WLYYRNC19,SECURITY NATIONAL BANK OF SD,SD,DAKOTA DUNES,73
549300RKVDUINI2A8Y77,Merck Employees FCU,NJ,Rahway,365
549300RLNUFWOJLX7W13,R BANK,TX,ROUND ROCK,469
549300RM0VO0UBTMOZ05,CNB St. Louis Bank,MO,Maplewood,503
549300RM1IZYGQDSNL85,"Texana Bank, N.A.",TX,Texarkana,1569
549300RM7ARTTP3T1V93,The Canandaigua National Bank and Trust Company,NY,Canandaigua,2431
549300RMBMOU2J1VK478,Woodlands Bank,PA,Williamsport,294
549300RMEQJVNY2YH756,BHCU,PA,Ridley Park,157
549300RMPGD5KKS1RR35,First Federal Savings Bank,IN,Huntington,613
549300RMUJVUQYCW8836,SANIBEL CAPTIVA COMMUNITY BANK,FL,SANIBEL,355
549300RMW817W08PUN16,Community Bank of Parkersburg,WV,PARKERSBURG,301
549300RN01LBYR8ZVX74,"LOWER, LLC",MD,COLUMBIA,53171
549300RN1POVRDD21477,CARROLL BANK AND TRUST,TN,HUNTINGDON,421
549300RNPYOEZNJPTF08,Jim Thorpe Neighborhood Bank,PA,Jim Thorpe,123
549300RO0FORROX83086,JD BANK,LA,JENNINGS,443
549300ROGHTFGYNKE773,FIRST FEDERAL BANK,AL,TUSCALOOSA,4149
549300ROUYYKL22P3T17,First National Bank of Pandora,OH,Pandora,327
549300RP00N9TM7RLE66,Bank of Abbeville and Trust Company,LA,Abbeville,319
549300RP0N2VARTRFQ77,River Falls State Bank,WI,River Falls,167
549300RP3DLR09NF6157,FIRST NATIONAL BANK OF MIDDLE TENNESSEE,TN,MCMINNVILLE,1619
549300RP7VACH3GG5E95,Northeast Community Credit Union,TN,Elizabethton,92
549300RPOGWJRH63HS39,UNION HOME MORTGAGE,OH,STRONGSVILLE,59012
549300RPUEZ5IC514S19,HEBRON SAVINGS BANK,MD,Hebron,145
549300RRQHIHHM9I4K21,CREDIT UNION OF AMERICA,KS,WICHITA,3614
549300RS5LTZ0JDZYI59,DEDHAM INSTITUTION FOR SAVINGS,MA,DEDHAM,953
549300RT11OX6LMLMX54,Farm Credit Services of America,NE,Omaha,2
549300RTMAIJNRX52596,FORTE BANK,WI,HARTFORD,329
549300RTWPH3HXUWR160,CB&S Bank,AL,Russellville,1336
549300RU0T31BIA8UR19,"NEW WEST LENDING, INC.",AZ,PHOENIX,1193
549300RU85PQV881NJ83,Fitzsimons Federal Credit Union,CO,Aurora,191
549300RUF3KS47ETXV22,CAPITAL COMMUNICATIONS FEDERAL CREDIT UNION,NY,ALBANY,2565
549300RUFHC5ZQDL8J10,CITIZENS TRI COUNTY BANK,TN,DUNLAP,1102
549300RUKY2I2HQ2AI44,POLISH & SLAVIC FEDERAL CREDIT,NY,BROOKLYN,1267
549300RUVVJLHQM71O74,BCB COMMUNITY BANK,NJ,BAYONNE,375
549300RV3BMT6ES6TO70,"UNITED FIDELITY BANK, FSB",IN,EVANSVILLE,422
549300RV76T00EYJVR19,Palmetto State Bank,SC,Beaufort,280
549300RVA0V4U2J29Q12,EXPRESS FUNDING INC,TX,DALLAS,42
549300RWHDQQ6O8UNG56,Peoples Savings Bank,IA,Indianola,94
549300RWMKY0FK1H5L44,MONTGOMERY BANK,MO,SIKESTON,594
549300RWXIW3CFTANH88,SOOPER CREDIT UNION,CO,ARVADA,119
549300RWXUAFD1WAE410,ATLANTIC BAY MORTGAGE GROUP,VA,VIRGINIA BEACH,30639
549300RXD00V454J4078,PS BANK,PA,WYALUSING,579
549300RXHLK3XT6SD946,JEFFERSON BANK,TX,SAN ANTONIO,983
549300RYBJHWWDENV610,"ALCOVA Mortgage, LLC",VA,Roanoke,13397
549300RYJCJ7JPQ4RF20,BankNewport,RI,Middletown,1506
549300RYQVJMZ3X21K04,CITY NATIONAL BANK AND TRUST,OK,LAWTON,102
549300RYTR2RVL4SFJ90,Temple View Capital Funding LP,MD,Bethesda,4230
549300RYWXR8TL5LIK35,Allied Mortgage Group,PA,Bala Cynwyd,9756
549300RZ68QC00DWOC19,Bourns Employees Federal Credi,CA,Riverside,95
549300RZCM5T73BZEI76,PeoplesSouth Bank,GA,Colquitt,554
549300RZFB670NG8MF92,Community First Bank,SC,Walhalla,182
549300RZFHIGIM84KN09,FIRST CITIZENS NATIONAL BANK,TN,DYERSBURG,1567
549300S0KDQNIC08M074,UMassFive College Federal Credit Union,MA,Hadley,377
549300S19BPWGHQOYU13,Fairway Funding Group Inc,FL,Lakewood Ranch,942
549300S1TXPDZJPDYW17,"DG PINNACLE FUNDING, LLC",FL,MIAMI,250
549300S1ULK3TJQ8I652,FIRST CITY CREDIT UNION,CA,ALTADENA,217
549300S2RLEOF6WG7P87,The Cecilian Bank,KY,Elizabethtown,722
549300S32ZDD67D2FB46,Norway Savings Bank,ME,Norway,1220
549300S347HTLHLOC775,"First Credit Corporation of NY, Inc.",NY,Gloversville,1454
549300S3XVSI9XULIM45,First National Bank,TX,Port Lavaca,213
549300S46DHLT3EQ9F05,CITIZENS ALLIANCE BANK,MN,CLARA CITY,272
549300S4PNXPKYHHRE82,FORUM Credit Union,IN,Indianapolis,3966
549300S4QGNTM8G5J005,WISCONSIN MORTGAGE CORPORATION,WI,BROOKFIELD,1488
549300S5FSS555M0NA74,First National Bank of Scotia,NY,Scotia,258
549300S5FVOSK5DQJN30,Intercap Lending Inc,UT,Draper,15822
549300S5NLOTO329NX77,Farm Credit East ACA,CT,Enfield,805
549300S5YL3OH0IVCS62,FINANCE OF AMERICA REVERSE LLC,OK,TULSA,16501
549300S61HFNW2YFEK61,UNITED BANK,GA,ZEBULON,1349
549300S63J8KM7BY5617,GENCO FEDERAL CREDIT UNION,TX,WACO,192
549300S70UD2GFALPM46,Millenium Home Mortgage,NJ,Parsippany,1264
549300S7EJRY2DY1UR88,Sun American Mortgage Company,AZ,Mesa,3380
549300S7NSQ9I9GYHD48,Electro Savings Credit Union,MO,Saint Louis,316
549300S7TI0GLKSB4C78,T&I Credit Union,MI,Clawson,43
549300S88V04SSPMA685,"Define Mortgage Solutions, LLC",AZ,Phoenix,6269
549300S8CJG5MSY8BH57,BANK OF LITTLE ROCK MORTGAGE CORPORATION,AR,LITTLE ROCK,3063
549300S8SHBRCI7UU819,BAXTER CREDIT UNION,IL,340 N MILWAUKEE AVE,12023
549300S93XI20FLTGK89,AURORA FINANCIAL,VA,MCLEAN,867
549300S99IK3EU11AS13,INDIANA MEMBERS CREDIT UNION,IN,INDIANAPOLIS,4249
549300SC9Z72JZIKY819,Greenville Federal Financial Company,OH,Greenville,316
549300SCF56K6YEG7X54,Tampa Bay Federal Credit Union,FL,Tampa,360
549300SCFU7K14E0J331,Lake Area Bank,MN,Lindstrom,3220
549300SCFWZXMDMZPE93,"Residential Mortgage, LLC.",AK,Anchorage,4785
549300SD5OZMLCCZ6H34,Round Top State Bank,TX,Round Top,241
549300SDO5FP7F86HH46,FNB BANK,KY,MAYFIELD,315
549300SDQ83FUC7IK543,Pinnacle Bank,TX,Fort Worth,298
549300SE1WZDU07WPD35,Greater Springfield Credit Union,MA,Springfield,261
549300SE6YAYK0PZZR74,Bank of Idaho,ID,Idaho Falls,950
549300SEIRB4CK6DTC04,First National Bank of Lawrence County,AR,Walnut Ridge,109
549300SELI3XCH3UZW80,FIRST CENTENNIAL MORTGAGE CORPORATION,IL,AURORA,16435
549300SENIFFLVGUHE44,First Flight FCU,NC,Cary,218
549300SEW263WB5KWU64,"Vast Bank, N.A.",OK,Tulsa,67
549300SFG15JDKI5MD22,BANKPLUS,MS,RIDGELAND,4105
549300SGD2RNJOEDDS24,SAFE Credit Union,CA,Folsom,3418
549300SGEJUQK4Q7ZY34,FLFCU,TX,EL PASO,1708
549300SH2PPMV71O6830,TREMONT CREDIT UNION,MA,MILTON,146
549300SHE1JTCOWBP090,State Employees' Credit Union,NC,Raleigh,66038
549300SHK8JZR89HEF81,South Lafourche Bank,LA,Larose,131
549300SHQJPJG8CN8153,"HOMETOWN BANK, NATIONAL ASSOCIATION",TX,GALVESTON,166
549300SI264HNSER6O81,"K&G Capital Mortgage, LLC",TX,Conroe,180
549300SI3EZ7U02L5E39,Proponent FCU,NJ,NUTLEY,717
549300SICEH17XJOAN86,Fairfield Federal Savings & Loan Association of Lancaster,OH,Lancaster,374
549300SIZ5KBISEZE503,UNIBANK FOR SAVINGS,MA,WHITINSVILLE,953
549300SJLI7IC47X6H33,MORTGAGES UNLIMITED INC.,MN,MAPLE GROVE,2534
549300SJPU5FBHX6JQ61,Intandem Credit Union,MI,Grand Rapids,125
549300SJTLYB6ZWKPR88,Local Gov't Federal C U,NC,Raleigh,8535
549300SK2GVCQXPD4S58,"SUN WEST MORTGAGE COMPANY, INC",CA,Buena Park,55343
549300SK3VKN3E1SZ562,"SOUTHEAST MORTGAGE OF GEORIGA, INC.",GA,DULUTH,5388
549300SK86EFHGUY2C52,BANK OF WISCONSIN DELLS,WI,716 SUPERIOR ST,227
549300SKHHL7A2K8YV94,MERIWEST MORTGAGE COMPANY,CA,SAN JOSE,976
549300SKSQ3IYUXJCH36,ALLIANCE BANK,MN,LAKE CITY,388
549300SKTBTC2QFDKG02,CENTIER BANK,IN,MERRILLVILLE,6603
549300SKVC0LU4RBMF20,"BLG Holdings, Inc. DBA Simple",MI,FLINT,1051
549300SLOQGL2LEMSD33,EL PASO AREA TEACHERS FEDERAL CREDIT UNION,TX,EL PASO,383
549300SLZFPDLWNB0O94,First Reliance Bank,SC,Florence,2776
549300SM9GB26JECOA70,Neighborhood Mortgage,WA,Bellingham,38
549300SMD444BM2WO947,Studio Bank,TN,Nashville,714
549300SNAY3J7NZEU618,VISION BANK,OK,ADA,786
549300SNBYRUG0BK5T32,KH Network CU,OH,Dayton,71
549300SNKDC040FOBU51,United Local Credit Union,CA,Fresno,24
549300SNZET0P5BZ3J56,Morton Community Bank,IL,Morton,2251
549300SO0M022D8D8358,Carter Bank & Trust,VA,Martinsville,778
549300SOF7S6E4VRT651,San Antonio Citizens Federal Credit Union,FL,San Antonio,287
549300SOZES6XPZ50475,Texas Partners Bank,TX,San Antonio,463
549300SPHVO4KAGQUX53,First National Bank of Hutchinson,KS,Hutchinson,372
549300SPVF3S3T0BYL87,Bank of Richmondville,NY,Cobleskill,78
549300SQ2G271NHKJQ07,CRANE CREDIT UNION,IN,ODON,943
549300SQ82MLLWN3PD61,IDAHO FIRST BANK,ID,MCCALL,266
549300SQH6MBVMMRRA85,INOVA FEDERAL CREDIT UNION,IN,ELKHART,1424
549300SQKZC6HESYGO25,SIGNATURE FEDERAL CREDIT UNION,VA,ALEXANDRIA,229
549300SRKBH68TX76851,S&S Financial,CA,Laguna Hills,312
549300STHIK6SGJQIY70,Credit Union of Georgia,GA,WOODSTOCK,823
549300STXRPOVDJ5GX04,FIDELITY FUNDING,CA,PASADENA,68
549300SU3TF26I8KB315,Universal 1 Credit Union Inc.,OH,DAYTON,409
549300SUC4CLYKKZWS29,CITIZENS COMMUNITY FEDERAL N.A.,WI,ALTOONA,1501
549300SUCQ1358EGVE89,"NEW DAY FINANCIAL, LLC.",FL,WEST PALM BEACH,119826
549300SUW02WEKP4OP52,The Victory Bank,PA,Limerick,155
549300SV2V1USGXBSB36,Prime Meridian Bank,FL,Tallahassee,225
549300SVKVT1EF3U0N48,"ON Q FINANCIAL, INC",AZ,TEMPE,15548
549300SVLCM6NZQ53P14,"AmeriFirst Financial, Inc.",AZ,Mesa,16577
549300SVSM8JMOZJXF07,Bath Savings Institution,ME,Bath,770
549300SWDNGYGQBG4K69,MOBILOIL FEDERAL CREDIT UNION,TX,BEAUMONT,592
549300SWHFQY2F7RN335,"COMMUNITY MORTGAGE FUNDING, LLC",CA,POMONA,789
549300SWKVL60SKWK981,MEMBERS 1ST FCU,PA,Enola,10970
549300SXHTIGZ7X3CS43,Lusitania Savings Bank,NJ,Newark,238
549300SXISSKGPHW5702,SOFI LENDING CORP,UT,COTTONWOOD HEIGHTS,27936
549300SXT4VBB68QCC26,TEACHERS CREDIT UNION,IN,SOUTH BEND,6218
549300SY0ZRUCS4CSY07,LAFAYETTE FEDERAL CREDIT UNION,MD,ROCKVILLE,315
549300SY7D44QB2JV602,Premier Bank Inc,OH,Marietta,285
549300SYR11CYON0JE74,"BAYCOAST MORTGAGE COMPANY, LLC",MA,SWANSEA,3816
549300SZBQMYMAL3OM08,Avidia Bank,MA,Hudson,728
549300T03X096VF60C57,American Bank & Trust,SD,Sioux Falls,829
549300T04FOW0XMN1L26,Blackstone River FCU,RI,Woonsocket,19
549300T0I2M6IPLVEN24,MCLEAN MORTGAGE CORPORATION,VA,FAIRFAX,16413
549300T0NMTRA1FGK873,The Village Bank,MA,Newton,453
549300T0T513EF0UT426,The Piedmont Bank,GA,Peachtree Corners,126
549300T1F1BRPWSZT586,GENESEE VALLEY FEDERAL CREDIT UNIION,NY,GENESEO,198
549300T1KLQQ7B84EZ41,CITIZENS NATIONAL BANK,LA,BOSSIER CITY,552
549300T1ONVEMLQ4B629,First Dakota National Bank,SD,Yankton,1738
549300T2FOBK6WY4B349,NorthCountry Federal Credit Union,VT,Burlington,1365
549300T2PYPUFN0IWJ63,INTERBANK,OK,OKLAHOMA CITY,899
549300T3F9S1MKFKHC53,Homestead Funding Corp.,NY,Albany,16900
549300T3JUQ02E9W8I27,Alliance Bank,IN,Monon,157
549300T3MSPBPSPZLR85,First Trust Bank of Illinois,IL,Bourbonnais,193
549300T3PE251I1FTX35,"Professional Consolidated Financial Group, Inc.",CA,Temple City,250
549300T3Z5LVF06QVK79,Susquehanna Community Bank,PA,West Milton,337
549300T4CTNAVBW4WJ06,Heritage Credit Union,WI,Deforest,583
549300T560RY8NY4EY89,The Ephrata National Bank,PA,Ephrata,1892
549300T5QSL6MC8M4D04,NORWICH COMMERCIAL GROUP INC,CT,AVON,6088
549300T5T60SK9MMCD03,Southcoast Federal Credit Union,MA,New Bedford,49
549300T67186NPGCHI50,FIRST COMMUNITY CREDIT UNION,MO,CHESTERFIELD,8905
549300T68H0CMTF8ZH83,Bank of Edmonson County,KY,Brownsville,130
549300T69MHCQOIC3F90,COOPERATIVA DE A/C DE CAMUY,PR,CAMUY,145
549300T6MV7ZAIL4N325,HR MORTGAGE CORP,PR,CAGUAS,973
549300T73HHIEIUU5F67,HOME BANK & TRUST CO.,KS,EUREKA,480
549300T7AIY7RU1YDP31,NBH Bank,CO,Greenwood Village,9404
549300T7DF901BR7V258,JOVIA FINANCIAL CREDIT UNION,NY,WESTBURY,4460
549300T7HRS5DVBUPQ06,Highland Mortgage,GA,Atlanta,1362
549300T7J3E2UGY5GL15,"INLANTA MORTGAGE, INC.",WI,PEWAUKEE,10060
549300T7QCXC3PXO0W07,AMPLIFY CREDIT UNION,TX,AUSTIN,2955
549300T7RPUYDIE5FH39,Mutual Security Credit Union,CT,Shelton,180
549300T7TLOJ8X6X8T43,Calculated Risk Analytics LLC dba Excelerate Capital,CA,Newport Beach,3000
549300T82SC9BPCIU410,Chessie Federal Credit Union,MD,Cumberland,337
549300T8HS215KI8TH55,ONEUNITED BANK,MA,BOSTON,179
549300T92XVMWQW75772,HAVERHILL BANK,MA,HAVERHILL,273
549300T94GSH3C4U5M59,ALLIANT CREDIT UNION,IL,CHICAGO,18156
549300T9P3WXNMXX0I34,IXONIA BANK,WI,IXONIA,6744
549300TA2979XCT9L593,Financial Builders FCU,IN,Kokomo,176
549300TA4MQM8WN2XG31,VELOCITY COMMERCIAL CAPITAL LLC,CA,WESTLAKE VILLAGE,4449
549300TAWK59H74PXZ55,PEOPLES COMMUNITY BANK,MO,GREENVILLE,665
549300TB3TMP4RV5T078,NEW FED MORTGAGE CORP.,MA,DANVERS,5442
549300TCR1BZRVOO2A49,CENTRIC FEDERAL CREDIT UNION,LA,WEST MONROE,377
549300TCY9QY8BRDQJ12,UNMB Home Loans Inc.,NY,Levittown,3675
549300TDBTRK89DZRC13,FIBRE FEDERAL CREDIT UNION,WA,LONGVIEW,1249
549300TDH15867LXRK58,FARMERS BANK OF MILTON,KY,MILTON,194
549300TDL15I36FDWZ79,COOPERATIVA DE A/C AGUAS BUENA,PR,Aguas Buenas,20
549300TDRENNEZ2S6M03,The Moneyhouse Inc.,PR,San Juan,4565
549300TDS8QNL4IOOX73,Farmers and Mechanics,IN,Bloomfield,97
549300TDVGWRELEO5F50,Visions Federal Credit Union,NY,Endicott,5130
549300TE5E6DWAI74K71,GEORGIA UNITED CREDIT UNION,GA,DULUTH,3196
549300TEBV514KLDE180,Peninsula Community Federal Credit Union,WA,Shelton,192
549300TEGBOIDI6Z5J56,Mid Oregon Federal Credit Union,OR,Bend,297
549300TETFK3GXOHZ594,TEXAS BANK AND TRUST COMPANY,TX,LONGVIEW,796
549300TF1E42EUFBSL45,Mechanics Bank,CA,Walnut Drive,1733
549300TFEH2N4OKL5136,"NEXTIER BANK, N.A.",PA,BUTLER,604
549300TFL8UPEHU61608,Bank & Trust Company,IL,Litchfield,369
549300TFPNF5ZPLD8I74,NEW MEXICO BANK & TRUST,NM,ALBUQUERQUE,221
549300TG39MNZBTYXD82,FBT Mortgage LLC,MS,Ocean Springs,1473
549300TG5MQ8D4SYP955,ALTURA CREDIT UNION,CA,RIVERSIDE,964
549300TGWKRP2P13MO72,Paragon Bank,TN,Memphis,374
549300TH6U4UJ37WSG98,COUNTRY CLUB BANK,MO,KANSAS CITY,444
549300THBFHMP4WJ0323,ILWU Federal Credit Union,CA,Long Beach,152
549300THVVYXNYVCMC50,Colonial Federal Savings Bank,MA,Quincy,105
549300TINI6CL78UD591,AAG,CA,Orange,29581
549300TJCGICP5CDWM63,"CONWAY FINANCIAL SERVICES, LLC",SC,GREENVILLE,346
549300TJF420N3F01V87,Equity Bank,KS,Wichita,2169
549300TJGBPVMBWV5P74,"Ethic, A Wealth Bank",MA,Boston,16
549300TJMPSMO4XCL284,Technicolor Federal Credit Union,CA,Novato,49
549300TJWSU1V4GWUL60,Crockett National Bank,TX,San Antonio,65
549300TK6RZQSFXZHV09,"MICHIGAN MUTUAL, INC",MI,PORT HURON,12874
549300TKFZR4QBNE5D40,"1st Signature Lending, LLC",IN,Indianapolis,2628
549300TLGCPJTEG3WN76,NEW ENGLAND FEDERAL CREDIT UNI,VT,WILLISTON,5442
549300TM179TSKK3HQ94,THRIVE MORTGAGE LLC,TX,GEORGETOWN,13540
549300TMS3AOKJGVNU61,SABINE FEDERAL CREDIT UNION,TX,ORANGE,226
549300TMWSYX6B5ZOK69,Wilson & Muir Bank & Trust Company,KY,Bardstown,722
549300TMY3OACQC9U777,GREENBOX LOANS INC,CA,LOS ANGELES,3462
549300TN0HZ349E7ZH34,Alliance Credit Union,MO,Fenton,324
549300TN34NXD7N44O04,Two Rivers Bank & Trust,IA,Burlington,458
549300TN38DPH732VI61,Sterling National Bank,NY,Pearl River,410
549300TN9GZ5XRCOXX47,"CERTIFIED FUNDING, L.P.",TX,DALLAS,2216
549300TNGC371911XJ76,Bank of Cleveland,TN,Cleveland,523
549300TOOOOW36EX6R40,SUNCOAST CREDIT UNION,FL,TAMPA,17909
549300TOZIPCBM0DLH67,Illinois State Credit Union,IL,Normal,378
549300TPAN1WJY46W431,Essex Savings Bank,CT,Essex,224
549300TQVOMKNKFOH392,Gate City Bank,ND,Fargo,8053
549300TQWW6MLVH6KY61,ALLEGACY FEDERAL CREDIT UNION,NC,WINSTON SALEM,4534
549300TR6MWKSIOP3B72,Brookline Bank,MA,Brookline,921
549300TR6SGFPJQYJS20,UNITED TELETECH FINANCIAL FEDERAL CREDIT UNION,NJ,TINTON FALLS,297
549300TRBLKWZO8LPT76,THE FAMILY CREDIT UNION,IA,DAVENPORT,366
549300TRKZF3ZJPXJT92,PARLAY MORTGAGE AND PROPERTY INC,IL,LOCKPORT,299
549300TSIYX9RDYWC806,First Midwest Bank of Poplar Bluff,MO,Poplar Bluff,321
549300TSV5GUFPY3IT90,Superior Savings Bank,WI,Superior,238
549300TSZB60GNONKL22,RAILWAY CREDIT UNION,ND,MANDAN,129
549300TT6197INLGZW29,Aloha Pacific FCU,HI,Honolulu,328
549300TTK5T7CZ3UJ084,UTAH POWER CREDIT UNION,UT,SALT LAKE CITY,498
549300TTNSX94TR06G13,Centris Federal Credit Union,NE,Omaha,1802
549300TTP68WVF1GME12,Triumph Bank,TN,Memphis,2129
549300TTPNZTZH2PH447,The Bryn Mawr Trust Company,PA,Bryn Mawr,641
549300TTPRGSP8DGY569,WRIGHT PATMAN CONGRESSIONAL FCU,VA,OAKTON,935
549300TU1SISIUY3SK49,Sunset Bank & Savings,WI,Waukesha,192
549300TUISK0W7DE2464,THE HARVARD STATE BANK,IL,HARVARD,207
549300TULDV69V2XKY60,UNITED STATES SENATE FEDERAL CREDIT UNION,DC,WASHINGTON,607
549300TUQC6OYE8A0Y96,"PACIFIC RESIDENTIAL MORTGAGE, LLC",OR,BEAVERTON,5352
549300TUSRLWD8ETNR90,SPOKANE TEACHERS CREDIT UNION,WA,LIBERTY LAKE,8695
549300TUT7EEMS8S2B86,The Commercial Bank,GA,WATKINSVILLE,151
549300TV5ZED3EINI708,Incrediblebank,WI,WAUSAU,1769
549300TVLFC2SSLVOP06,549300TVLFC2SSLVOP06,FL,8622 N HIMES AVE,332
549300TVVKZJG3FJDS34,DuGood Federal Credit Union,TX,Beaumont,457
549300TWHZRVTZ8RYT46,First Farmers Bank & Trust,IN,Converse,2575
549300TWLXP5O4IHG211,Southeast Financial Credit Union,TN,Franklin,223
549300TWPFOYZ33TOU32,Mann Mortgage LLC,MT,Kalispell,10099
549300TWX04RHQV22578,Opendoor Home Loans LLC,CA,San Francisco,1047
549300TWX5Q3V5VXNF89,North Shore Bank of Commerce,MN,Duluth,1392
549300TXFI7UH4GDK877,Millbury Federal Credit Union,MA,Millbury,221
549300TXW4YZE1CSWA75,THE COOPERATIVE BANK OF CAPE C,MA,YARMOUTH PORT,867
549300TYBI78RNWPFB28,AMERICAN EAGLE FCU,CT,EAST HARTFORD,2810
549300TYKYOVQFBZBV90,UVA COMMUNITY CREDIT UNION,VA,CHARLOTTESVILLE,764
549300TYV7NDBX6FUR63,"Jet HomeLoans, LLC",FL,Jacksonville,2874
549300TZDKJ07KL8T621,PCSB BANK,NY,YORKTOWN HEIGHTS,248
549300TZUUEG8RUJI536,LHM FINANCIAL CORPORATION,AZ,SCOTTSDALE,4447
549300U001ZTHCHO4196,INSPIRE FEDERAL CREDIT UNION,PA,NEWTOWN,101
549300U0J1T0K63EKR14,SANCTUARY HOME MORTGAGE LLC,SC,GREENVILLE,350
549300U0JNFQTFMNJ219,AVB BANK,OK,BROKEN ARROW,224
549300U18MOAH5F95P15,EFCU Financial Federal Credit Union,LA,Baton Rouge,250
549300U1BTGE4PJ8EK24,Stark Federal Credit Union,OH,Canton,166
549300U1HSN2YJRJ0U33,TEXAR FEDERAL CREDIT UNION,TX,TEXARKANA,336
549300U1V61ZDK023383,BRAZOS VALLEY SCHOOLS CREDIT U,TX,KATY,610
549300U2ACJ0QKSFKY48,Carolina Bank,SC,Florence,218
549300U2B1ZNGX3H8U54,Texas Tech Federal Credit Union,TX,Lubbock,2349
549300U2SQMRT681J356,"Columbus Capital Lending, LLC.",FL,Miami,1535
549300U2WRK55BY8UC05,IMPAC MORTGAGE CORP,CA,IRVINE,13671
549300U3721PJGQZYY68,"GUARANTEED RATE, INC",IL,CHICAGO,319880
549300U37SC1LBUJFV92,DESJARDINS BANK,FL,HALLANDALE BEACH,187
549300U3NIUGN9OO4407,Cumberland County Federal Credit Union,ME,Falmouth,388
549300U4FBW37LFHW771,JET DIRECT FUNDING CORP.,NY,BAYSHORE,2218
549300U55IW4J0F8P008,LOUISIANA USA FCU,LA,BATON ROUGE,128
549300U5KJDUGZIWF098,MERCO Credit Union,CA,Merced,82
549300U5SDGYPSPXZU37,Natbank N.A.,FL,Hollywood,111
549300U620B2MZKUUZ24,Emory Alliance Credit Union,GA,Decatur,252
549300U65SW4VWXX3N34,FBT Bank & Mortgage,AR,Fordyce,93
549300U6DW7DX671T306,Midland States Bank,IL,Effingham,2800
549300U7ERLWHOGWFM48,CHOICEONE BANK,MI,SPARTA,1850
549300U7F7T8UG5AI038,"Coastal Funding SLC, Inc.",CA,San Luis Obispo,834
549300U7UH8QCS8WQ406,Purdue Federal Cu,IN,West Lafayette,2855
549300U82B82JH54TO79,LINCOLN FEDERAL SVGS BK OF NE,NE,Lincoln,2064
549300U852CO3ZPGIE54,BTH BANK NATIONAL ASSOCIATION,TX,QUITMAN,383
549300U8DCOOTG96YM89,Sound Community Bank,WA,Seattle,892
549300U8E8RBG5YNMP39,Department of Commerce Federal Credit Union,DC,Washington,742
549300U8L31JJT1ZDP60,"Peoples National Bank, N.A.",IL,Mount Vernon,1670
549300U8R3GGLSE3HV47,Heart O' Texas Federal Credit Union,TX,Waco,72
549300UB5TJ0YPVPT503,Mason-McDuffie Mortgage Corporation,CA,San Ramon,5581
549300UBGGLZLZEY0M18,TWINSTAR CREDIT UNION,WA,LACEY,2340
549300UBL8B7C63DKZ49,SYCAMORE BANK,MS,SENATOBIA,213
549300UBM8OIENB7BQ09,Farmers-Merchants Bank of Illinois,IL,Joy,58
549300UCNB01VMT4GV61,Envision  Bank,MA,Quincy,4556
549300UE4FFDNV7ELD54,Melanie Aguilar,TX,Sugar Land,158
549300UEGARCJHF59B44,DEL SUR CORPORATION DBA CAMINO REAL MORTGAGE BANKE,CA,SAN FERNANDO,320
549300UF3FPC7U6RFC59,THE CENTRAL TRUST BANK,MO,JEFFERSON CITY,13333
549300UF6Z8RGZ16RJ75,SimplyBank.,TN,Benton,144
549300UFNWYY11NLMW19,"Hometown Lenders, Inc.",AL,Huntsville,27012
549300UFWBQTD1W41E26,Mainstreet Federal Credit Unio,KS,Lenexa,1298
549300UG1DH7RQL41718,SCIENT FEDERAL CREDIT UNION,CT,GROTON,306
549300UG7QXKM7KGV847,Royal United Mortgage LLC,IN,Indianapolis,18137
549300UGOOUZ7MQRIN06,SETTLERS BANK,WI,WINDSOR,404
549300UHEEV73TKCZY62,Self-Help Federal Credit Union,NC,Durham,1245
549300UHLXT004ITEJ56,First National Bank of Eastern Arkansas,AR,Forrest City,119
549300UHQ3UXVA4AGM53,ANB Bank,CO,Denver,720
549300UI36AJZ0WZ4U93,"TAYLOR MORRISON HOME FUNDING, INC.",FL,MAITLAND,12108
549300UI713YO3L6SF02,Horizon Federal Credit Union,PA,Williamsport,524
549300UICMP0IGY0RG32,TAMPA POSTAL FCU,FL,LUTZ,50
549300UJJ1Q3YTRSGM27,Gerber Federal Credit Union,MI,Fremont,303
549300UK3Z5PC7V71K69,Pawtucket Credit Union,RI,Pawtucket,4093
549300UKYJZO6CZXIX60,"United Home Loans, Inc.",IL,Westchester,1277
549300UL8PI3UKDJT092,The Cortland Savings and Banking Company,OH,Niles,996
549300ULM1VXY8SV3Z64,LUSO FEDERAL CREDIT UNION,MA,LUDLOW,356
549300ULXKJUJDK2RQ54,MONARCH FUNDING CORP.,CA,ANAHEIM,251
549300ULZJK0NFBI8J68,ORLANDO CREDIT UNION,FL,ORLANDO,223
549300UM5S3HZLZHVP89,"SnapFi, Inc.",CA,San Jose,589
549300UM6HPORF7X4415,IAA CREDIT UNION,IL,BLOOMINGTON,328
549300UN8J4H5P8XWP62,PITTSFIELD COOPERATIVE BANK,MA,PITTSFIELD,198
549300UNNQFHOGHIFO55,Monroe Community Credit Union,MI,Monroe,262
549300UOLCM9I7THWB63,PROMEDICA FEDERAL CREDIT UNION,OH,TOLEDO,51
549300UONVHJ0G6DSL23,Bravera Bank,ND,DICKINSON,909
549300UQKYO1TM87WD57,Territorial Savings Bank,HI,Honolulu,847
549300UQPFB0RR8JCA42,Dacotah Bank,SD,Aberdeen,1287
549300UR5AOWTJJ7KZ64,LENDSURE MORTGAGE CORP.,CA,SAN DIEGO,4419
549300URHBBJ2KIQ3616,FORESIGHT BANK,MN,PLAINVIEW,256
549300URUSGWHXJ4OZ19,Coastal Heritage Bank,MA,Weymouth,415
549300US45HOXL30J494,Financial Resources Federal Credit Union,NJ,Bridgewater,281
549300USNPUCH96WTF23,Bank Midwest,IA,Spirit Lake,612
549300UT4EN6IH579Q63,"RIGHT START MORTGAGE, INC.",CA,PASADENA,1352
549300UU637N6PFNEE28,Lehigh Valley Educators Credit Union,PA,Allentown,167
549300UV5JQXLGVWIP44,Devon Bank,IL,Chicago,1719
549300UVFLI1W4O27J10,Cooperativa de A\C Lares,PR,Lares,46
549300UVOSI4XZZGUE14,"Veritas Funding, LLC",UT,Midvale,4815
549300UVXY7S004OQL53,"Wyndham Capital Mortgage, Inc",NC,Charlotte,39379
549300UWA74T8PF7KY34,DIME COMMUNITY BANK,NY,HAUPPAUGE,474
549300UWBYWOAZYM9C07,ST JEAN'S CREDIT UNION,MA,LYNN,152
549300UX6CADCIYJ3506,GENERATIONS COMMUNITY FCU,TX,SAN ANTONIO,606
549300UXCRU4C6HBN492,FCS Financial FLCA,MO,Jefferson City,234
549300UXTDELQS5SLF91,Dupaco Community Credit Union,IA,Dubuque,5671
549300UXY7OP0IC38293,Northpointe Bank,MI,Grand Rapids,50811
549300UXZ76FJVM3UC43,Oak Bank,WI,Fitchburg,261
549300UYF8OQLB7L7745,Pine Bluff Cotton Belt FCU,AR,Pine Bluff,69
549300UZ22L3KMKOI185,Cooperativa de AC Jesus Obrero,PR,Guaynabo,86
549300V0B2PZ5XF4SB58,BILLINGS FEDERAL CREDIT UNION,MT,BILLINGS,206
549300V0XUOYKG376I21,"JOHNSON MORTGAGE COMPANY, LLC",VA,NEWPORT NEWS,464
549300V1GCCNY7J42I93,Texas Community Bank,TX,Laredo,190
549300V1IRRYSYRSPU54,CastpartsEmplFCU,OR,Portland,88
549300V1JRN7CMTCF305,FIRST MORTGAGE SOLUTIONS LLC,MO,KANSAS CITY,6550
549300V1L2AOAAI26J57,PEOPLES BANK MT WASHINGTON,KY,MT WASHINGTON,155
549300V1ZDKDQXFW3339,La Capitol Federal Credit Union,LA,Baton Rouge,499
549300V2YLC1I721HE07,FARMERS & MECHANTS BANK,VA,TIMBERVILLE,990
549300V315P16H3FSD37,Lone Star Credit Union,TX,Dallas,133
549300V36YE6JCCEJB76,Arizona Federal Credit Union,AZ,Phoenix,3819
549300V3N91EH05UWL23,SKYONE FEDERAL CREDIT UNION,CA,HAWTHORNE,265
549300V3UW6HP83URS67,ADVIA CREDIT UNION,MI,PARCHMENT,2892
549300V422J2GUSZPZ35,Houston Federal Credit Union,TX,Sugar Land,742
549300V4GRCFGZBVVZ73,Greater Alliance Federal Credit Union,NJ,Paramus,374
549300V56OLT434ILO42,Niagaras Choice FCU,NY,Niagara Falls,161
549300V5MRNYGHSGR060,Oklahoma's Credit Union,OK,Oklahoma City,916
549300V5YG1VXZAU5G02,UNIVERSITY OF KY FCU,KY,LEXINGTON,2864
549300V68FAQU1OE7F25,Salem VA Credit Union,VA,Salem,4
549300V6F7N9BL5STN83,"Advisa Mortgage Services, Ltd.",TX,HOUSTON,1530
549300V6HTJCSW4YN309,GREENFIELD COOPERATIVE BANK,MA,GREENFIELD,507
549300V6LKROCIL7OI49,THE FIRST BANK & TRUST COMPANY,VA,ABINGDON,1679
549300V71V12DS7RW675,Communication Federal Credit Union,OK,Oklahoma City,635
549300V7I9AZRM78QT92,Citizens Bank,MS,Columbia,556
549300V7S0JJB4LU5J82,"WINTERWOOD MORTGAGE GROUP, LLC",IN,GREENWOOD,877
549300V8CF81JGIV7038,"COMPASS MORTGAGE, INC.",IL,WARRENVILLE,8300
549300V8Q7G5JIPNF396,Bank of Newington,GA,Newington,120
549300V8UCJTLZZT4M32,BAY STATE SAVINGS BANK,MA,WORCESTER,367
549300VA7HOYYKO7DN28,Dominion Energy Credit Union,VA,Richmond,218
549300VACYYK343SKH92,Manasquan Bank,NJ,wall,784
549300VBLC1LTYHXGB54,First Bank of Manhattan,IL,Manhattan,147
549300VBSEU7L0HIUP28,BANK OF BOTETOURT,VA,BUCHANAN,192
549300VBY3NBKUNMKL64,HONDA FEDERAL CREDIT UNION,OH,MARYSVILLE,2157
549300VCMRO4ST680C11,Village Capital & Investment,NV,Henderson,71656
549300VCTY2YYCLCZI32,ENTERPRISE BANK OF SC,SC,Ehrhardt,179
549300VDK2EPK7QQKY80,"Malvern Bank, National Association",PA,Paoli,126
549300VE85K2XTVRSG76,THE STATE BANK OF FARIBAULT,MN,Faribault,214
549300VEIFZEX6HJVA94,Chocolate Bayou Community FCU,TX,Alvin,105
549300VEJ302N3NLKA88,Clackamas Federal Credit Union,OR,Milwaukie,742
549300VEMK0LXVCRZM49,EAST IDAHO CREDIT UNION,ID,IDAHO FALLS,455
549300VEXSWLQB1TM843,Coloramo Federal Credit Union,CO,Grand Junction,156
549300VEZ43KYEWR3610,CAPITAL CREDIT UNION,WI,GREEN BAY,3597
549300VF12R0WS33KN43,CAPITAL CREDIT UNION,ND,BISMARCK,1013
549300VFH2IXM3I18P78,NORTH JERSEY FEDERAL CREDIT UNION,NJ,TOTOWA,63
549300VFIO7B8IHC0H05,Farmers and Drovers Bank,KS,Council Grove,153
549300VFL91481SLWI91,True Community Credit Union,MI,Jackson,610
549300VG0KDMI6ULUX54,EDUCATION CREDIT UNION,TX,AMARILLO,593
549300VG7NKKVNYENV67,CCFCU FUNDING LLC,NY,ALBANY,3098
549300VGMMXKSX821O69,"Hartford Funding, Ltd.",NY,Woodbury,1198
549300VGTHKRGXF7GQ17,The Bank of Kaukauna,WI,Kaukauna,223
549300VGZHXNY2T0G559,Sun Federal Credit Union,OH,Maumee,1142
549300VH184HHOFFT776,Meijer Credit Union,MI,Grand Rapids,151
549300VHBALPLHRR4080,CITY BANK,TX,LUBBOCK,7229
549300VHITS0GXJRXV39,Kellogg Midwest FCU,NE,LaVista,83
549300VHSPIDK7A5D559,"CU MORTGAGE DIRECT, LLC",SD,SIOUX FALLS,1186
549300VI8UYZW0WTE611,Members Choice Credit Union,KY,Ashland,280
549300VIIXX6NYY12891,First Community Bank of Central Alabama,AL,Wetumpka,121
549300VIKSC6B00SLF36,The Farmers Bank,IN,Frankfort,406
549300VIRTE6O2776X89,BAYER HFCU,WV,PROCTOR,505
549300VIZR4H7AB15496,FIRST STATE BANK,MI,ST CLAIR SHORES,1123
549300VJ2DUIQKBO9U08,SCOTT STATE BANK,IL,MT. ZION,146
549300VJ7C5JB4W87F48,"KEY MORTGAGE SERVICES, INC.",IL,SCHAUMBURG,4674
549300VJ9DGB4OZNPL63,NORTHVIEW BANK,MN,FINLAYSON,990
549300VJQJVZKJBDWS17,"TOTAL MORTGAGE SERVICES, LLC",CT,MILFORD,13325
549300VKT6APHQW3YT06,CREDIT UNION FINANCIAL SERVICES LLC,GA,COVINGTON,659
549300VLXW0YGTWFT173,SIU CREDIT UNION,IL,CARBONDALE,222
549300VMVKSQE1B7DD43,THE CAMDEN NATIONAL BANK,ME,CAMDEN,4701
549300VMX06UV1F7NS76,"SUCCESS MORTGAGE PARTNERS, INC",MI,PLYMOUTH,16175
549300VN6R9UZ2MLDD79,Wintex Group LLC,TX,Plano,1327
549300VN9E1DEKF26E34,SPACE COAST CREDIT UNION,FL,MELBOURNE,14013
549300VNBQD8FDHF7563,MORTGAGE INVESTORS GROUP,TN,KNOXVILLE,17894
549300VNVP1PTYHESA41,Class Act Federal Credit Union,KY,Louisville,317
549300VORTI31GZTJL53,"CARDINAL FINANCIAL COMPANY, LI",NC,CHARLOTTE,231879
549300VP1VKDLSCAH317,Oxford Bank & Trust,IA,North Liberty,2170
549300VPYRW4D9VH0G53,SouthPoint Financial Credit Union,MN,Sleepy Eye,1620
549300VQ0V62WHMGY629,EVERLEND MORTGAGE COMPANY,UT,SALT LAKE CITY,457
549300VQSHPYTNCOP496,"LYONS MORTGAGE SERVICES, INC.",NY,ASTORIA,234
549300VQUTI5IU7GXT57,SECURITYNATIONAL MORTGAGE COMPANY,UT,SALT LAKE CITY,29100
549300VR3QTN4GZYUR03,Bar Harbor Bank & Trust,ME,Bar Harbor,1905
549300VR7DBNPPSMHV60,American State Bank,TX,Lufkin,125
549300VRYDYOPWK5MO08,"PROVIDENT SAVINGS BANK, F.S.B.",CA,RIVERSIDE,475
549300VS8Y4N1Y2J0S91,Brannen Bank,FL,Inverness,524
549300VSL5DFXBM1II56,"F&B ACQUISITION GROUP, LLC",MO,ST. LOUIS,1812
549300VSOJCMQO84C619,HUNTINGTON FEDERAL,WV,HUNTINGTON,499
549300VTMXH07KUIB722,Service First Federal Credit Union,SD,Sioux Falls,92
549300VTVP64BKEO3L58,Mountain Valley Bank,TN,Dunlap,136
549300VUQ4KD10YTTM53,GENESEE REGIONAL BANK,NY,ROCHESTER,2593
549300VUVWGNUHYOLA93,COCA COLA FEDERAL CREDIT UNION,GA,ATLANTA,162
549300VVH8HHFMWL8536,CHEVRON FEDERAL CREDIT UNION,CA,CONCORD,3433
549300VW4CUMQW09U139,Healthcare Employees FCU,NJ,Princeton,58
549300VWMFYNEEG33W94,Somerset Federal Credit Union,MA,Somerset,219
549300VWTT8C7CZNY023,MCCLAIN BANK,OK,PURCELL,333
549300VWURV8LBNGQ353,Firstar Bank,OK,Roland,1647
549300VWVLYULYLIAM42,"HOMEOWNERS FIRST MORTGAGE, LLC",SC,GREENVILLE,482
549300VXXDSMSH313G18,Truliant Federal Credit Union,NC,Greensboro,9074
549300VYEO55JM1VUZ93,GREATER WOODLAWN FEDERAL CREDIT UNION,NY,BLASDELL,50
549300VYK2WBD7SST478,BANK OZK,AR,LITTLE ROCK,2658
549300VZ3M0323R12653,Touchstone Bank,VA,Prince George,204
549300VZCSVVY5P73G51,Community Star Credit Union,OH,Elyria,100
549300VZDEK4QLTWSL15,TAPCO Credit Union,WA,Tacoma,463
549300VZN1TWBN1WY406,INTEGRITY MORTGAGE CORPORATION OF TEXAS,TX,HEATH,2002
549300VZVN841I2ILS84,"CROSSCOUNTRY MORTGAGE, LLC",OH,Cleveland,220619
549300W07W12OUENKR02,COUNTY NATIONAL BANK,MI,HILLSDALE,1003
549300W09D8JV1ANXX59,"THE ANDERSON FINANCIAL GROUP, INC.",IL,CHICAGO,1619
549300W0YBCUV18HSR42,TRI COUNTIES BANK,CA,CHICO,4394
549300W1AS8CZYV4MQ17,BLACKHAWK COMMUNITY CREDIT UNI,WI,JANESVILLE,1888
549300W1HU6IVVIEJ389,"RANLife, Inc.",UT,Sandy,3916
549300W20M87S246SZ26,MDE Home Loans LLC,NJ,Tinton Falls,896
549300W2DSERWC01YR18,WALDEN SAVINGS BANK,NY,MONTGOMERY,635
549300W2LKZKSX67ZU02,First Service Bank,AR,Greenbrier,351
549300W2VOHO3742H053,Self-Help Credit Union,NC,Durham,902
549300W2W119ZBFOWS21,CLEARWATER FEDERAL CREDIT UNION,MT,MISSOULA,675
549300W3DDDU92VW3661,Kentucky Bank,KY,Louisville,559
549300W3T1IBMEUW8789,"Great Western Financial Services, Inc.",TX,Plano,3063
549300W40F67Y6WWQX34,First Vision Bank of Tennessee,TN,Tullahoma,967
549300W45D2J6BT4LX65,"All Credit Considered Mortgage, Inc.",MD,Rockville,2265
549300W4BRJPRFMIIL49,Colonial Farm Credit ACA,VA,Mechanicsville,102
549300W4FT4H1UWPGU95,GREENSTATE CREDIT UNION,IA,NORTH LIBERTY,23092
549300W4KKZTLI8BPX61,MEYER MORTGAGE CORPORATION,KY,BOWLING GREEN,14
549300W4TWSN8U8TGD72,Citizens Bank of Lafayette,TN,Lafayette,284
549300W5A6PQ1VJG3497,FIRST FEDERAL BANK OF KANSAS CITY,KS,Lenexa,2323
549300W5E3L00UZ6F777,ESSA Bank & Trust,PA,Stroudsburg,1242
549300W5V403XF1RX254,"OwnersChoice Funding, Inc.",NY,Albany,1855
549300W6J23SLH6AR815,GREAT LAKES CREDIT UNION,IL,BANNOCKBURN,1920
549300W6K140RN8NQB93,DFCU Financial,MI,Dearborn,5086
549300W6OBJ6KNM5Y833,Texas Bank,TX,Henderson,302
549300W6S818WBYBBJ66,Tri County Area FCU,PA,Pottstown,193
549300W76QLF060CER73,"First South Farm Credit, ACA",MS,Ridgeland,124
549300W7DWHDWZITFY92,Citizens Bank,TN,HARTSVILLE,73
549300W7E6C5534TB922,Welcome Federal Credit Union,NC,Morrisville,33
549300W7XZMMFOVY0Z37,"NewTowne Mortgage, LLC",VA,Virginia Beach,1166
549300W8MJBUGW3ZLQ95,WEOKIE Federal Credit Union,OK,Oklahoma City,1424
549300W8Q4KZC8LMAV19,First Metro Bank,AL,Muscle Shoals,300
549300W8XIPJGDECVX07,"Southern Lending Services, Ltd.",TX,Austin,373
549300WB1KDYDW5IRX09,FORTUNEBANK,MO,ARNOLD,80
549300WB418SBFX6YI35,Mortgage Lending Group LLC,WA,Edmonds,130
549300WBJK857X8MNU96,Gas & Electric Credit Union,IL,Rock Island,64
549300WBMOZ68L65GY91,San Rafael Coop,PR,Quebradillas,45
549300WC12JROIUVWY16,SOUTH CAROLINA FEDERAL CREDIT,SC,NORTH CHARLESTON,2495
549300WC15MLNUIZYR16,APCO EMPLOYEES CREDIT UNION,AL,BIRMINGHAM,720
549300WD04PCWCETKZ02,PREMIER COMMUNITY BANK,WI,MARION,149
549300WDLOVGUYVTS727,MTC Federal Credit Union,SC,Greenville,67
549300WEOD0TL2O6EU67,"MOUNTAIN WEST FINANCIAL, INC.",CA,REDLANDS,9229
549300WETW159N5QFR97,FIRST CAPITAL FEDERAL CREDIT UNION,PA,YORK,551
549300WEZMN6QE5IIH42,JERSEY MORTGAGE COMPANY,NJ,CRANFORD,1592
549300WF6CI48BRR4W39,HOMETOWN BANK,OH,KENT,276
549300WGEJKXK5PPHT03,"HOMESITE MORTGAGE, LLC",MI,SHELBY TOWNSHIP,929
549300WH9FMXOC63ZV77,Nationwide Equities Corporation,NJ,Mahwah,1131
549300WHACUOETOKO184,First American Bank,GA,Athens,767
549300WI4N6NVVJ1DV85,CREST SAVINGS BANK,NJ,WILDWOOD,307
549300WIBPMHJJ84YQ06,TRADITIONS BANK,PA,YORK,2082
549300WIE2SKOKI8PF63,NORTH SHORE TRUST & SAVINGS,IL,WAUKEGAN,269
549300WIUM7ZRD6OV340,Winnebago Community Credit Union,WI,Oshkosh,253
549300WJIJV987NXVC31,"SCENIC OAKS FUNDING, LLC",CA,MODESTO,1533
549300WJMSK78N2L9U23,"OAK MORTGAGE, LLC",MI,STURGIS,1262
549300WJVATE8FMFMR49,Advantage One Credit Union,MI,Brownstown,441
549300WK15ESCDNJ5M35,CORNING CREDIT UNION,NY,CORNING,4486
549300WKFR15017V9850,MEGASTAR FINANCIAL CORPORATION,CO,DENVER,5769
549300WKOE38PNUSOD49,JAX FEDERAL CREDIT UNION,FL,JACKSONVILLE,687
549300WKXTUY0SWZNZ90,"American Nationwide Mortgage Company, Inc.",FL,Tampa,899
549300WLIZIEVZY2IG91,Metro Island Mortgage,PR,Rio Piedras,968
549300WLYZ63QPFTDP84,Wayne Savings Community Bank,OH,Wooster,392
549300WMQ4WI6QXK7803,Charlotte Metro Federal Credit Union,NC,Charlotte,647
549300WN1LQYJX9HOU28,MOUNTAIN COMMERCE BANK,TN,JOHNSON CITY,353
549300WN3VU197CXJH44,NORTH BROOKFIELD SAVINGS BANK,MA,NORTH BROOKFIELD,253
549300WN576XI5QFH005,"Aspire Financial, Inc.",TX,Dallas,13130
549300WO2LB77U820925,Hancock Bank and Trust Co,KY,Bowling Green,210
549300WO9TX4YEFAC338,AMERICAN MORTGAGE SERVICES INC,TN,ATOKA,182
549300WOJCNL7B110W30,OPEN BANK,CA,LOS ANGELES,167
549300WOJH0MSG0OIM41,Alabama One Credit Union,AL,Tuscaloosa,632
549300WOSE1H63K0E875,Great American Bank,KS,Lawrence,224
549300WOW2HLRVN4O324,Community 1st Credit Union,IA,Ottumwa,1459
549300WP41C3FFSKY830,Montana Federal Credit Union,MT,Great Falls,173
549300WPK18IMSC1OM63,"OREC Structured Finance Co., LLC",OH,Columbus,158
549300WPNSM7RIMWRQ79,AUGUSTA MORTGAGE COMPANY,GA,AUGUSTA,497
549300WQC1VYOW0EW528,FINANCIAL PLUS CREDIT UNION,IA,West Des Moines,236
549300WRB87J6ZL6CO07,WESTERN VISTA FEDERAL CREDIT UNION,WY,CHEYENNE,370
549300WRDGBHKR1BXL98,Merchants Bank of Indiana,IN,Carmel,4517
549300WS8BW0I0BDA390,DIAMOND RESIDENTIAL MTG CORP,IL,LAKE FOREST,5212
549300WSQPVY1NRH6062,SILVER STATE SCHOOLS CREDIT UN,NV,LAS VEGAS,812
549300WTVIGCZ5GK4376,Norristown Bell Credit Union,PA,Blue Bell,21
549300WTZMQSET2VY242,ACADEMY MORTGAGE CORPORATION,UT,DRAPER,70052
549300WU17K1CLH8VI32,Chemung Canal Trust Company,NY,Elmira,940
549300WUGYTMN4HIT493,DuPage Credit Union,IL,Naperville,1012
549300WVV5REOCSC4A63,Advanced Financial FCU,NJ,New Providence,18
549300WVVCPSUJMG9419,BLC Community Bank,WI,Little Chute,335
549300WW4OBT30G5DK23,Thrivent Credit Union,MN,Minneapolis,1463
549300WWJ28EP3GZG107,FIRSTBANK,PR,San Juan,5473
549300WWLOUWIJ1Q0H29,Michigan Schools & Government Credit Union,MI,Clinton Township,5690
549300WX4YO71NFO5362,HOUSTON POLICE FEDERAL CREDIT UNION,TX,Houston,207
549300WXIUJ8ZTV7X921,Peoples Bank of Kankakee County,IL,Bourbonnais,373
549300WXO2FZYE7KAW26,CERTIFIED FEDERAL CREDIT UNION,CA,EL MONTE,373
549300WYBPIWKK6SQC06,BELL BANK,ND,FARGO,26248
549300WYC8C6REMY4E38,Minnwest Bank,MN,Redwood Falls,189
549300WYRD3CZ6KH1N11,Credit Union of Ohio,OH,Hilliard,192
549300WZ0MLK03PNE568,White Eagle Credit Union,KS,Augusta,209
549300WZCZNKQZ3TAU55,Customer Service Mortgage Corporation,CA,Westlake Village,1808
549300WZQ2PP4RJDZR54,Lumbee Guaranty Bank,NC,Pembroke,126
549300WZWPMDWIL12842,Apex Bank,TN,Camden,1506
549300X01FL2VJJGCI54,Seattle Bank,WA,Seattle,37
549300X03SL4SM0F3U87,ConnectOne Bank,NJ,Englewood Cliffs,520
549300X08QKYUH256I80,Goldwater Bank National Association,AZ,Phoenix,10482
549300X0DCWAGU4DZH55,"Nexus Series B, LLC",DE,Camden,178
549300X23Y2CUDX6A106,"CAPITAL PARTNERS MORTGAGE, LLC",SC,GREENVILLE,1651
549300X2FI65C4A30O27,F&M BANK,OK,Edmond,1236
549300X3PFQJ32XJSB27,mBank,WI,green bay,1130
549300X4P2GHQNMZGO79,Mortgage Center LC,MI,Southfield,6630
549300X50UOL0Z4M1J25,C&F Select LLC,VA,Midlothian,299
549300X72Q5WKCW2QQ95,R M K FINANCIAL CORP,CA,Ontario,1978
549300X7EIYXZ10LDJ13,HEART OF LA FCU,LA,Pineville,19
549300X7J20OLLSGTZ36,MUNICIPAL EMPLOYEES CREDIT UNION,MD,BALTIMORE,474
549300X7KG2H84UCP685,"Financial Funding Solutions, Inc",CO,Littleton,2347
549300X7PN8KSYQHY415,Peoples Bank,TX,Lubbock,489
549300X83ACLZT2UNN87,MINNCO CREDIT UNION,MN,CAMBRIDGE,315
549300X844WCY1CCL322,"GSB MORTGAGE, INC.",TX,GRAPEVINE,436
549300X8AUU3UC1ULZ79,FIRST EQUITY MORTGAGE INC,KY,FT MITCHELL,2790
549300XA6P3X1GTJEY80,Securityplus FCU,MD,Baltimore,83
549300XAHXRVSRML8V19,DIRECT MORTGAGE CORP,UT,Midvale,3276
549300XAJENHWRM32Z86,Bank of Springfield,IL,Springfield,2609
549300XARD788LSGZW76,FIRST US BANK,AL,BIRMINGHAM,57
549300XB72WCLQVIHN50,ALDEN CREDIT UNION,MA,CHICOPEE,247
549300XBOKNEE2CQJL92,"AUGUSTA FINANCIAL, INC.",CA,SANTA CLARITA,3196
549300XCHJ481RPPSP63,Wyoming Bank & Trust,WY,Cheyenne,451
549300XCP8KCUTKGF379,121 FINANCIAL CREDIT UNION,FL,JACKSONVILLE,387
549300XCVBRR56D08F03,"MISSION LOANS, LLC",OH,NORTH CANTON,16323
549300XDIQEEL7H1YU47,North Star Credit Union,MN,Cook,88
549300XDZHJDR5G01Q52,Alabama Credit Union,AL,Tuscaloosa,488
549300XE6SNRPD2GUD44,Virginia National Bank,VA,Charlottesville,269
549300XECJ0294F1ZG19,MATTAMY HOME FUNDING LLC,FL,MAITLAND,3515
549300XED7IBK9VVQH70,"Pike Creek Mortgage Services, Inc.",DE,Newark,3958
549300XELYQIOXKMPE32,"Imagine Home Lending, LLC",WI,Onalaska,23
549300XFFRJX2835SG22,TEXAS BANK FINANCIAL,TX,WEATHERFORD,2219
549300XFNTNQLLW0HY87,Citizens National Bank of Meridian,MS,Meridian,648
549300XFW2CXGSLDJ958,GATEWAY MORTGAGE CORPORATION,WI,KENOSHA,1548
549300XHEKTWE48VS407,CONSUMER FIRST MORTGAGE INC,AL,NORTHPORT,654
549300XHF3PMRO08N352,VERITY CREDIT UNION,WA,SEATTLE,713
549300XHPPLC0TBRV021,"PRIORITY HOME LENDING, LLC",TX,HOUSTON,1088
549300XJN2FXJNUZ8F52,PrimeLending Ventures LLC,TX,DALLAS,1066
549300XKEC7P1D7OKJ16,GREAT PLAINS NATIONAL BANK,OK,OKLAHOMA CITY,382
549300XKIMAP8O4OS123,Bellwether Community Credit Union,NH,Manchester,570
549300XL5688T9WLKS84,"Tidewater Home Funding, LLC",VA,Chesapeake,1602
549300XLRD9QLLJRCB89,GREYLOCK FEDERAL CREDIT UNION,MA,PITTSFIELD,1233
549300XMCDBXHD84QD46,OHNWARD BANK AND TRUST,IA,CASCADE,553
549300XO2MXF3RX56J09,Baltimore County Employees CU,MD,Towson,74
549300XO6U4LD9JWE008,"SWH Funding, LLC",AZ,Phoenix,176
549300XOOL3OJTITCV30,CITADEL FEDERAL CREDIT UNION,PA,EXTON,5923
549300XOP6YO0UN0TY92,Spero Financial Federal Credit Union,SC,Greenville,183
549300XOTES5TCS8T794,"First Mid Bank & Trust, NA",IL,Mattoon,2018
549300XOWUPV4E45EE89,Farmers State Bank of Alto Pass,IL,Harrisburg,439
549300XP1CH1D03J6778,Transwest Credit Union,UT,Salt Lake City,124
549300XP5418ENGZVD49,F & M BANK,GA,WASHINGTON,200
549300XPRW4X0ADUZ549,Wave Federal Credit Union,RI,Warwick,107
549300XPYR4FPCKYRF48,Halstead Bank,KS,Halstead,185
549300XQ7B5FIVUNFE29,VANDYK MORTGAGE,MI,GRAND RAPIDS,13612
549300XQ8DRJT0OETE90,Commercial Bank,TN,Harrogate,505
549300XQVJ1XBNFA5536,21ST MORTGAGE,TN,KNOXVILLE,179953
549300XR0EY1M0FVG232,MORTGAGE BANK OF CALIFORNIA,CA,MANHATTAN BEACH,469
549300XR3B6372SESA46,Pacific Service Credit union,CA,Concord,867
549300XRB0LTJL53XI04,Unison Bank,ND,Jamestown,399
549300XRF9LCZ3RX3Q39,"ALLIED FIRST BANK, SB",IL,OSWEGO,1881
549300XRGNVNCISU8Q79,Mid-Atlantic FCU,MD,Germantown,398
549300XRXBA38J60S618,JMJ Financial Group Inc.,CA,Aliso Viejo,3402
549300XSCD2USU6CQ848,Cape Ann Savings Bank,MA,Gloucester,448
549300XSS1CPK8G7B851,ServisFirst Bank,AL,Birmingham,1553
549300XSSWN02I2YO728,"Homestar Mortgage, Inc.",RI,Providence,82
549300XT5WP4TMNXL317,"Heritage Bank, Inc",KY,Burlington,110
549300XTFXREUXEWLW38,The Security National Bank,OK,Enid,135
549300XTGDMRB8FMR522,Texoma Community Credit Union,TX,Wichita Falls,192
549300XTSMAC5DOX6447,HARVARD UNIVERSITY EMPLOYEE CR,MA,CAMBRIDGE,1229
549300XUFWU3F35PWM42,COBALT CREDIT UNION,NE,PAPILLION,928
549300XUH8JG68U18S44,NORTH COUNTY CREDIT UNION,CA,SAN DIEGO,40
549300XUKQ6W1CY6QK47,FIRST FEDERAL SAVINGS BANK,IN,ROCHESTER,2832
549300XUMML1SMLTVQ62,Nutmeg State FCU,CT,Rocky Hill,762
549300XUYE2687NHBM11,America's Choice Home Loans LP,TX,Houston,1680
549300XV2UKEPAMX9H12,Gulf Coast Bank,LA,Abbeville,181
549300XV8D5BHDJZY155,Bank of the James,VA,Lynchburg,101
549300XVX388NW99XE16,ESSENTIAL FEDERAL CREDIT UNION,LA,BATON ROUGE,345
549300XW2H531FLD3I90,FIRST FEDERAL S&L OF PORT ANGE,WA,PORT ANGELES,1377
549300XWC8ZG8WYKWG35,"Towne First Mortgage, LLC",VA,Glen Allen,1101
549300XWUSRVVOHPRY47,"EVERETT FINANCIAL, INC.",TX,DALLAS,62610
549300XXIJ7WMGY22535,"SOUTHPOINT FINANCIAL SERVICES, INC.",GA,ALPHARETTA,1677
549300XY02VS45I5ZZ90,LINCOLN SAVINGS BANK,IA,REINBECK,2389
549300XY701IELCE5Q08,Better Mortgage Corporation,NY,New York,242083
549300XYJEJCSZHWWM52,ALIGN CREDIT UNION,MA,LOWELL,458
549300XYK7KGXCRSH318,"AgCarolina Farm Credit, ACA",NC,Raleigh,139
549300XYLNCM8KWF7B15,TruWest Credit Union,AZ,Tempe,2366
549300XYMV9W4308FO60,BANK OF FOREST,MS,FOREST,83
549300XYOAX0LV89BL94,"FCN Bank, N.A.",IN,Brookville,583
549300XYX207IABFXL60,ISABELLA BANK,MI,MT. PLEASANT,1403
549300XYY2S4S7UPJT86,"SK GLOBAL INVESTMENT, INC",CA,LOS ANGELES,345
549300XZ04HOB5HTR562,Washington County Bank,NE,Blair,207
549300XZ4R55J9UKB235,Selfreliance Federal Credit Union,IL,Chicago,368
549300XZEU2LB7FLWW04,FOUR POINTS FEDERAL CREDIT UNION,NE,OMAHA,273
549300XZF8VZFNRNBW38,Geddes Federal Savings and Loan Association,NY,Syracuse,626
549300XZGHPTWOJPDI31,WAYNE BANK,PA,HONESDALE,903
549300XZNW8Y7BOTQ597,Miami Savings Bank,OH,Miamitown,134
549300Y01XP7FO81MC08,CORE BANK,NE,OMAHA,1379
549300Y0F8X17ADZK505,First Bank Richmond,IN,Richmond,876
549300Y1BH01D1B61H27,VA Desert Pacific FCU,CA,Signal Hill,51
549300Y37WHI3S8KVE74,Merced School Employees Federal Credit Union,CA,Merced,205
549300Y4BSP3BSFW7J29,DELTA COMMUNITY CREDIT UNION,GA,ATLANTA,8921
549300Y4CEEGC4KCFI45,TELCOE FEDERAL CREDIT UNION,AR,LITTLE ROCK,307
549300Y4GAAGXS20SL80,MECE Credit Union,MO,Jefferson City,212
549300Y4GTNURUFYV328,MICHIGAN COLUMBUS FEDERAL CRED,MI,LIVONIA,15
549300Y53L6CDUB50530,Landmark Community Bank,AR,Little Rock,280
549300Y5Y88FQLI7VE83,Deephaven Mortgage LLC,NC,Charlotte,4034
549300Y5YUNNHUW2EQ06,CommunityBank of Texas NA,TX,Houston,381
549300Y6017C6OJWS030,GLENDALE FEDERAL CREDIT UNION,CA,GLENDALE,27
549300Y6FMTOZSY0VW06,KEMBA FINANCIAL CREDIT UNION,OH,GAHANNA,3161
549300Y6X9E8QVGNA045,"City First Bank, National Association",DC,Washington,119
549300Y6YKK2XPSFJO71,"SYNERGY HOME MORTGAGE, LLC",SC,GREENVILLE,622
549300Y785ZJTIRTXM07,Bank of St. Elizabeth,MO,Jefferson City,236
549300Y7G2MW6V1OR474,"Victorian Finance, LLC",PA,Pittsburgh,4782
549300Y7HCU10KIRLG30,Peoples Bank,IN,Munster,1495
549300Y7OEG60MGTKK54,Heartland Bank,OH,Whitehall,1087
549300Y7VXZSDR0D6I81,ST MARY'S CREDIT UNION,MA,MARLBOROUGH,511
549300Y817BTHHMVNH95,PILGRIM MORTGAGE LLC,TX,SAN ANTONIO,2189
549300Y8MO6UUFA38I79,Northern Star Credit Union Inc.,VA,Portsmouth,15
549300Y9VUF5EK6HHR23,CHARTER BANK,WI,EAU CLAIRE,520
549300YAGLRHLP0JP559,InFirst  Bank,PA,INDIANA,767
549300YAYQAARPBTRA72,"PROPER RATE, LLC",IL,CHICAGO,5511
549300YB1H2FRI6JPM51,Lake Michigan Credit Union,MI,Grand Rapids,31010
549300YBDU83IKL6II41,Brentwood Bank,PA,Bethel Park,451
549300YBQQ97B6Y7LE69,COLTEN MORTGAGE,CO,GREENWOOD VILLAGE,4073
549300YCCZTMBHGTNQ79,INDEPENDENT BANK,TX,MCKINNEY,3991
549300YCO0GXEXFH4J39,Roundbank,MN,Waseca,627
549300YD7XJM19TH5O82,CITIZENS EQUITY FIRST CREDIT U,IL,PEORIA,7326
549300YD9NNO7W7TSI64,Wheatland Bank,WA,Spokane,1232
549300YDBNK66R6ZES34,TOGETHER CREDIT UNION,MO,423 LYNCH STREET,3828
549300YDTDBXLK67CF48,Atlantis Mortgage Co Inc,NJ,W Long Branch,164
549300YEC4OVVYQB2849,"MMS Mortgage Services, Ltd",MI,Farmington Hills,845
549300YEI60WAHWQ3110,KITSAP CREDIT UNION,WA,BREMERTON,2437
549300YEQNQT8LV5N068,Wakefield Co-operative Bank,MA,Wakefield,239
549300YFPHIE78XPP635,Newtown Savings Bank,CT,Newtown,1550
549300YGJL5TVDN6LR41,United Bank & Trust,KS,Marysville,213
549300YHEI1EIYO6OO67,JERSEY SHORE STATE BANK,PA,WILLIAMSPORT,2083
549300YHKDUKPJGRPK46,Safe 1 Credit Union,CA,Bakersfield,323
549300YHPEPV6KF30T16,Rosedale Federal Savings & Loan,MD,Baltimore,450
549300YHR41F57LS0R28,Farmers & Merchants Union Bank,WI,Columbus,247
549300YHSRT5YOR5W454,Alliance Credit Union,TX,Lubbock,957
549300YIBRM1ZYA6GT07,Navigant Credit Union,RI,Smithfield,4523
549300YIOSILVWW8FH16,Bridgelock Capital,CA,Woodland Hills,573
549300YIQ7S7Z8PIHE53,AMERISAVE MORTGAGE COMPANY,GA,ATLANTA,488180
549300YIZECN2NB3I529,First Financial Bank,AL,Bessemer,136
549300YJ77JVC6X3BO61,Thomasville National Bank,GA,Thomasville,315
549300YJD6GFEQBIEF90,Tucson Federal Credit Union,AZ,Tucson,471
549300YJQ7L8XG0WT572,Cinfed Federal Credit Union,OH,Cincinnati,931
549300YK8RG6J51VOI08,COMMUNITY BANK,TX,LONGVIEW,91
549300YKBMBBIIMQJS94,Southern Bank,MO,Poplar Bluff,1957
549300YKMWXBZEEA1471,Royal Bank,WI,Elroy,918
549300YKOCNDPE0N7X40,ST. MARY'S BANK CU,NH,MANCHESTER,3245
549300YKTME1U7Z0UN20,EMPOWER FEDERAL CREDIT UNION,NY,SYRACUSE,4913
549300YL0FE99QLVY380,Armco Credit Union,PA,Butler,943
549300YL0TMLCEU0GW61,Citizens National Bank,TN,Sevierville,263
549300YLA2LNEYNOLN85,WATSON MORTGAGE CORP.,FL,JACKSONVILLE,1058
549300YLIY5SO2XSK094,RIDGEWOOD SAVINGS BANK,NY,RIDGEWOOD,998
549300YM15OICCNPH537,Greenway Mortgage Funding Corp.,NJ,Middletown,1315
549300YMEOE50UQ6NM87,AMERICAN BANK OF MISSOURI,MO,WELLSVILLE,407
549300YMIOLU51FSTO86,Constructive Loans LLC,IL,Oakbrook Terrace,1312
549300YMPH2H8CM5WS98,Vision Financial Federal Credit Union,NC,Durham,24
549300YMV5FVP7DXOG44,COMMONWEALTH ONE FEDERAL CREDIT UNION,VA,ALEXANDRIA,206
549300YN7OQX9PTS2T45,"LONE STAR CAPITAL BANK, N.A.",TX,SAN ANTONIO,36
549300YN94MOAVYW0F52,"GOODLEAP, LLC",CA,ROSEVILLE,29677
549300YNUT7D0FWKU636,FARMERS NATIONAL BANK,OH,NILES,2793
549300YOCINIK5RN6R57,Gateway Metro Federal Credit U,MO,Saint Louis,2
549300YOEBGKPKU43Q28,WEBSTER FIVE CENTS SAVINGS BANK,MA,AUBURN,547
549300YOESI1GLKRL151,"STEARNS LENDING, LLC",IL,CHICAGO,51305
549300YOGGZET04TZM44,ABACUS FEDERAL SAVINGS BANK,NY,NEW YORK,245
549300YPBBHUEKV1YC68,"City 1st Mortgage Services, LC",UT,Bountiful,2771
549300YPNOE7JUQFYZ45,Trust Mortgage Corp.,PR,San Juan,853
549300YPQDQJM78AYS70,HEARTLAND CREDI T UNION,IL,SPRINGFEILD,514
549300YPSRX7HBRJSR08,1st United Credit Union,CA,Pleasanton,863
549300YPUST7CSVL4680,FNB Community Bank,OK,Midwest City,85
549300YQ763HO7N3CO68,The Bank of South Carolina,SC,Summerville,547
549300YQJU3WVKMRXR40,PATRIOT ONE MORTGAGE BANKERS,NY,MINEOLA,219
549300YR7U7TZTQ1GH77,CENTENNIAL BANK,TN,TREZEVANT,291
549300YRN588YD6VNJ18,F&M Bank,TN,Clarksville,3990
549300YS4CB1171BRJ08,FIRST BANK,NJ,HAMILTON,97
549300YS7CHMGGRDEV77,ALLENTOWN FEDERAL CREDIT UNION,PA,ALLENTOWN,84
549300YS7PW1Y7DQZG40,Century FCU,OH,Cleveland,858
549300YSLPB4FWL34Z59,Members Heritage CU,KY,Lexington,381
549300YSSK1TDPTWQ036,NATIONAL BANK OF COMMERCE,WI,SUPERIOR,1500
549300YTDHBD4XHCIR35,The Police Credit Union of California,CA,San Bruno,467
549300YTNLQPR4PKXG57,Get A Rate LLC,NJ,Hackensack,2259
549300YU5FXUC05UXI34,GLENDALE AREA SCHOOLS CREDIT UNION,CA,GLENDALE,61
549300YUVOQXC2XL4P90,Community State Bank of Orbisonia,PA,Orbisonia,633
549300YUZCW5UUIYIL79,THE TENNESSEE CREDIT UNION,TN,NASHVILLE,242
549300YV3F7WA813QL95,FIRST RESOURCE BANK,PA,Exton,151
549300YV77ZZ5ADLO929,Habib American Bank,NY,New York,118
549300YV7HFY5MTM2Z65,Merrimack County Savings Bank,NH,Concord,605
549300YVM8B4UQC5DK40,WEST COAST MORTGAGE GROUP AND REALTY COMPANY,CA,SACRAMENTO,1283
549300YW2UBCMDRMBT48,"Reliance First Capital, LLC",NY,Melville,9098
549300YW2Z3JIKD72X32,ASTERA CREDIT UNION,MI,Lansing,84
549300YWKMUD8J4EF956,Progressive National Bank,LA,Mansfield,123
549300YX5RPSSMR88K92,Merchants Mortgage & Trust Corporation,CO,Greenwood Village,1002
549300YXOCZOXWKDIT11,BTC Bank,MO,Carrollton,317
549300YYJWBT2GH5DS80,Picatinny Federal Credit Union,NJ,Dover,430
549300YZRLQQC62C3P68,PALCO Federal Credit Union,PA,Muncy,21
549300Z1CDO1XR2ZMQ19,Hudson River Community CU,NY,Corinth,698
549300Z1HPXY3UYVL049,FRANKLIN BANK,NJ,WOODSTOWN,208
549300Z1TH1HE4A6TS23,TOPLINE FEDERAL CREDIT UNION,MN,MAPLE GROVE,976
549300Z2B4FHRYOXTS09,HERITAGE BANK,WA,TACOMA,813
549300Z2FPZZD55OG155,Union Square Credit Union,TX,Wichita Falls,735
549300Z2IS3ZCJG3OT45,SeaComm Federal Credit Union,NY,Massena,346
549300Z4DDTZBW3TC153,KAW VALLEY BANK,KS,TOPEKA,122
549300Z4DV0VEDFHP667,CRESTMARK MORTGAGE COMPANY LTD,TX,HOUSTON,2360
549300Z4E78BSM0XM758,TEXAS BAY CREDIT UNION,TX,HOUSTON,895
549300Z4HQ7YDKUVEW39,VANTAGE WEST CREDIT UNION,AZ,TUCSON,2407
549300Z4ZK628DTL4L52,MidAmerica National Bank,IL,Macomb,452
549300Z52CLXKDXGPH16,Peoples Bank of East Tennessee,TN,Madisonville,137
549300Z54IIB4Q3AKI90,Smart Financial Credit Union,TX,houston,538
549300Z5MYEIE55LLY49,"HFG HOLDINGS, LLC",MI,Troy,5723
549300Z66NI4HM439O26,Sacramento Credit Union,CA,Sacramento,465
549300Z6CO0YC8ULYR28,Interstate Credit Union,GA,Jesup,95
549300Z6CULHNPDHYI25,FRICK TRI COUNTY FCU,PA,UNIONTOWN,126
549300Z6EE8DBBFUW487,KS StateBank,KS,Manhattan,5128
549300Z6QWABFYI73E79,HAWAIIUSA FCU,HI,HONOLULU,617
549300Z6RK4QCIMZJD44,COMMUNITY FIRST BANK OF IND,IN,KOKOMO,363
549300Z736FEFLWQ4G83,Ohio Valley Community Credit Union,OH,Clarington,73
549300Z77WUYJM3QG591,FIRST PREMIER BANK,SD,SIOUX FALLS,2524
549300Z78KW88BIQNR50,First American Bank and Trust,LA,Vacherie,756
549300Z7EP1HO5CH1C36,First Palmetto Bank,SC,Camden,1553
549300Z7FK8G2S8WGC14,"MORTGAGE SUPPLIERS, INC",KY,WINCHESTER,591
549300Z7KF7I03AULW22,EECU,TX,Fort Worth,2885
549300Z8EM6P4IUIYG50,"WATERFORD BANK, N.A.",OH,TOLEDO,433
549300Z8UWZMQ33WI653,Mount Vernon Bank and Trust Company,IA,Mount Vernon,228
549300Z9PK8PPMKST414,GREAT RIVER FEDERAL CU,MN,ST CLOUD,79
549300ZA8T2KGQF6JK55,Education First Credit Union,OH,Columbus,151
549300ZAI389CEN8VG51,ABBYBANK,WI,ABBOTSFORD,806
549300ZATTFRM57YVB31,Eastern Michigan Bank,MI,Croswell,156
549300ZAZI235VM8Q149,JAMS-01 INC DBA HOME SAVINGS & TRUST MORTGAGE,VA,FAIRFAX,1309
549300ZBB5XXXOWVNS92,DEERWOOD BANK,MN,WAITE PARK,1116
549300ZBBGOL4MIK0L71,THREE RIVERS FEDERAL CREDIIT U,IN,FORT WAYNE,5211
549300ZBJ7X2KWFZ7A33,Russell Country FCU,MT,Great Falls,178
549300ZBXINP1Y94CN02,"Directors Mortgage, Inc.",OR,Lake Oswego,5676
549300ZC48GOYCGYFE82,"First Choice Mortgage, Inc.",GA,Augusta,279
549300ZCC628OMXIBR11,Northmark Bank,MA,North Andover,290
549300ZCR1XCLNEEI724,Foundation Mortgage Corporation,FL,Miami Beach,421
549300ZD18AVSD0OG331,Glendenning Mortgage Corporation,NJ,Toms River,410
549300ZDIZM7Y1MHKG98,MAINE SAVINGS FEDERAL CREDIT UNION,ME,HAMPDEN,613
549300ZEHLZ064G58146,"Sterling Bank and Trust, FSB",MI,Southfield,986
549300ZFJ1696ECS0S38,Platte Valley Bank,NE,Scottsbluff,387
549300ZGCIDP1G72QO72,CFBank NA,OH,Worthington,6889
549300ZGTRKCDKOVEQ80,FIRST NATIONAL BANK OF PULASKI,TN,PULASKI,591
549300ZGTXNHL5BKQZ27,Directions Equity LLC,TX,San Antonio,2412
549300ZGZ9WQMJLEPH17,"1st Priority Mortgage, Inc.",NY,Williamsville,2997
549300ZIQ24V0C88AC41,GTE FEDERAL CREDIT UNION,FL,TAMPA,5701
549300ZIXM1VUXPG4D03,"FLORIDA CAPITAL BANK, N.A",FL,JACKSONVILLE,3474
549300ZJ3ZL66QGSGO48,Lakeland Bank,NJ,Oak Ridge,2658
549300ZJ52ZRS3Q0S589,Bank of O'Fallon,IL,O'Fallon,190
549300ZJ5NAXZUN3VF05,Honolulu Federal Credit Union,HI,Honolulu,49
549300ZJIC4LOLZH0M42,Golden 1 Credit Union,CA,Sacramento,11357
549300ZJK68X6PQU2308,"TELHIO CREDIT UNION, INC.",OH,COLUMBUS,1609
549300ZJODJ0SZUNMX12,Farmers State Bank,IA,Waterloo,977
549300ZJR72I7J2E7R18,SunWest Educational Credit Union,CO,PUEBLO,104
549300ZK7CUY4GNBNC41,"MORTGAGE ONE OF THE SOUTH, INC",FL,FORT WALTON BEACH,577
549300ZKNH5TR7431V31,Mars Bank,PA,Mars,521
549300ZL6THC5R7VUP98,FIRST FIDELITY BANK,OK,OKLAHOMA CITY,411
549300ZLAWM1M5QAJH43,First State Bank of Middlebury,IN,Middlebury,865
549300ZLEJNF277L8Q40,Access Community Credit Union,TX,Amarillo,486
549300ZLPU75MU7O0T38,Oriental Bank,PR,San Juan,4560
549300ZLXTW0F4QMYG11,BUFFALO METROPOLITAN FEDERAL CREDIT UNION,NY,BUFFALO,109
549300ZM3AIJAKZITQ95,SIGNAL FINANCIAL FCU,MD,KENSINGTON,448
549300ZM3TKJVUYB3676,Central Bank Illinois,IL,Geneseo,741
549300ZMO1A0DHCESP30,"NTFN, INC.",TX,Plano,5533
549300ZMSSTP768USP32,MERCHANTS & MARINE BANK,MS,PASCAGOULA,289
549300ZN5MIVRMVHJS09,"BankSouth Mortgage Company, LLC",GA,Atlanta,7780
549300ZNV71J20M52A37,First Federal Credit Union,IA,Cedar Rapids,443
549300ZOBXG0DT4I6U54,"1ST 2ND MORTGAGE COMPANY OF N.J., INC.",NJ,Cresskill,1581
549300ZOKUKS0Z7C3X31,360 FEDERAL CREDIT UNION,CT,WINDSOR LOCKS,501
549300ZOW5Z4AZ36M223,First Exchange Bank,WV,White Hall,337
549300ZP58VS10D8CK07,THE FARMERS STATE BANK OF WESTMORELAND,KS,WESTMORELAND,141
549300ZPDWAT9R7KRW05,Knoxville Teachers FCU,TN,Knoxville,201
549300ZPJVCRRFETOG85,HOMETRUST MORTGAGE COMPANY,TX,HOUSTON,4609
549300ZPSJZO10ZAX556,"American Heritage Lending, LLC",CA,Irvine,123
549300ZS1TR1B4LHX377,FIREFIGHTERS FIRST CREDITUNION,CA,PASADENA,1292
549300ZSFNMHET4KE860,THE SUMMIT FEDERAL CREDIT UNION,NY,ROCHESTER,2255
549300ZSNURWJMU0YY46,United Southern Bank,KY,Hopkinsville,122
549300ZTLWGMV712KR44,WYMAR FEDERAL CREDIT UNION,LA,Geismar,256
549300ZTT08EKQRVTR15,Atlantic Union Bank,VA,Richmond,7695
549300ZUA8339ZH6W934,ASHLAND CREDIT UNION,KY,ASHLAND,556
549300ZUF2EI6H23YK94,BEEHIVE FEDERAL CREDIT UNION,ID,REXBURG,723
549300ZUNYZG3NYL2P40,Royal Savings Bank,IL,Chicago,319
549300ZUTKMSWP8JCE68,THE NEFFS NATIONAL BANK,PA,NEFFS,181
549300ZVE7XVH8GM5H22,MEMBERS ADVANTAGE CREDIT UNION,IN,Michigan City,71
549300ZVEC9BMHFLTM94,RiverWood Bank,MN,Baxter,553
549300ZW58TM1KU8CK35,Falcon International Bank,TX,Laredo,212
549300ZW96EO7YCGVV43,Wauchula State Bank,FL,Wauchula,338
549300ZWA6HRT4N1Z222,HILLS BANK AND TRUST COMPANY,IA,HILLS,5200
549300ZWBZI4IUOSSQ18,"Ready Mortgage Lenders, LLC",FL,Miami,599
549300ZWNETGFXTBBY03,"Canopy Mortgage, LLC",UT,Lindon,18622
549300ZWYZY3FEPUIJ64,Select Bank and Trust,NC,Goldsboro,128
549300ZX4OGRPOOEH505,OAKSTAR BANK,MO,SPRINGFIELD,2373
549300ZX7CMZ93QCZQ91,First Citizens Bank,AL,Luverne,139
549300ZXXYWVD5ZXYN28,The Eastern Colorado Bank,CO,Colorado Springs,143
549300ZY55MYW2FNSA48,MAINE HIGHLANDS FEDERAL CREDIT UNION,ME,Dexter,92
549300ZY6PRWY54O6995,Capital Plus Financial,TX,Bedford,140
549300ZYJFGBE3TBOR07,HOME SAVINGS BANK,WI,MADISON,98
549300ZYK1Z0EK2JC967,THE BANK OF COMMERCE,ID,AMMON,406
549300ZZ37YSVG4SJC73,"Fortune Financial, INC",CO,Englewood,832
549300ZZIAVB1U6Z4S78,CFCU COMMUNITY CREDIT UNION,NY,ITHACA,728
549300ZZME37MXI1EF14,"DAS ACQUISITION COMPANY, LLC",MO,SAINT LOUIS,28558
549300ZZZUYWXK72JD21,FRANDSEN BANK & TRUST,MN,LONSDALE,2492
562V2SM4I80MJO5HYB83,Bank Rhode Island,RI,Providence,878
593C3GZG957YOJPS2Z63,CITY NATIONAL BANK,CA,LOS ANGELES,9935
5Z1UQ1CWY0DQ3KJWDQ07,"TIAA, FSB",FL,Jacksonville,16363
6354007NTMKKVRFIIP73,Bank of Sun Prairie,WI,Sun Prairie,596
635400IW1QMK3FNFF894,Meridian Bank,PA,Malvern,9082
6BYL5QZYBDK8S7L73M02,"US BANK, N.A.",OH,CINCINNATI,492078
6GK3WNTSHBNJOVP1LV97,Ent Credit Union (68671),CO,Colorado Springs,19499
6PTKHDJ8HDUF78PFWH30,The Northern Trust Company,IL,Chicago,931
6UHRKD73G36IZYN3FC43,Customers Bank,PA,West Reading,1088
70WY0ID1N53Q4254VH70,COMERICA BANK,MI,Detroit,13860
7DMUJTL9FFTVIAG9H788,Commerce Bank,MO,Kansas City,10651
7G95BGMCIZTO8KTOM640,"SPENCER SAVINGS BANK, SLA",NJ,ELMWOOD PARK,752
7H6GLXDRUGQFU57RNE97,"JPMorgan Chase Bank, NA",OH,Columbus,546394
875500CPQ9Z7QEFE5G90,"LoanPeople, LLC",TX,Austin,2622
875500S0BR039MXM0805,Tempo Bank,IL,Trenton,38
8945004XZN3PZQZJW178,UNCLE CREDIT UNION,CA,LIVERMORE,746
89450088V2BYQUO61B62,ANECA Federal Credit Union,LA,Shreveport,61
894500J7N6WVLNSUPF81,Atlantic Home Mortgage LLC,GA,Alpharetta,382
894500LIN378M3LLE796,FINANCIAL FREEDOM MORTGAGE,NJ,MOUNT LAUREL,2837
89Z2WRK82BORVH42CP71,WEST BANK,IA,WEST DES MOINES,105
8AI385EP1ZJCMUOZ8022,Landmark National Bank,KS,Manhattan,2558
8I3UVGYULPJQIP7FQV10,"SouthState Bank, N.A.",FL,Winter Haven,28087
8Q77SW3KZ88P3GNX0T60,LAKE CITY BANK,IN,WARSAW,3631
8WH0EE09O9V05QJZ3V89,"ZIONS BANCORPORATION, N.A.",TX,THE WOODLANDS,33202
95JW06YV3JUTCH0IJV88,Fulton Savings Bank,NY,Fulton,244
967600K0JD6JIELVRF39,Chaffey Federal Credit Union,CA,Upland,54
9845001ADACA7A75EE02,Crowdcopia LLC,PA,Lansdowne,430
9845003EDC545AF61498,Community South Credit Union,FL,Chipley,81
98450052F6ADED36DC76,Luso American Credit Union,MA,Peabody,76
9845005965C5DE6H9F04,Midwest Lending Corporation,IL,Chicago,328
98450064457HF042AA24,Pacific Equity and loan LLC,WA,Federal Way,198
9845007E2D0BDH6C8955,Ascent Federal Credit Union,UT,OGDEN,219
98450081AF95D67E6996,"East West Mortgage, LLC",MA,Boston,202
984500A1A8A91F8C4M93,OKLAHOMA FEDERAL CREDIT UNION,OK,OKLAHOMA CITY,28
984500A4CD08CED38D66,Guadalupe Credit Union,NM,Santa Fe,90
984500A9F1AADF548748,Commercial Loan Corporation,CA,Newport Beach,4
984500AE53C2CD1BA542,Campbell FCU,NJ,Maple Shade,5
984500BCD760BG10F610,ONE COMMUNITY FCU,WV,PARKERSBURG,3
984500DA79C1B97ACF16,LANDINGS CREDIT UNION,AZ,TEMPE,114
984500DB378C704F4610,City & County Credit Union,MN,St. Paul,749
984500F03B9034CQB904,"BEELINE LOANS, INC.",RI,PROVIDENCE,3937
984500F053B54C884C79,One American Bank,SD,Sioux Falls,12433
9LIMABRJ9VPV74PBJB17,"Hinsdale Bank & Trust, N.A.",IL,Rosemont,211
AD6GFRVSDT01YPT1CS68,PNC BANK N.A.,PA,Pittsburgh,173932
B4TYDEB6GKMZO031MB27,Bank of America NA,CA,Westlake Village,368728
B90YWS6AFX2LGWOXJ111,Bank0,UT,Tatertown,2
B94HV8SXGDD3J5XESU08,Old Second National Bank,IL,Aurora,1529
C398JSK21YCXWM603F55,"Barrington Bank & Trust, NA",IL,Rosemont,37271
C5654JQHZUHN0772B561,USAA FEDERAL SAVINGS BANK,TX,SAN ANTONIO,49633
C90VT034M03BN29IRA40,BBVA USA,PA,Pittsburgh,22398
CKVBED0S4DMLKJJ5XH28,STIFEL BANK & TRUST,MO,ST. LOUIS,11106
COINQMNIM6RBU631DD85,ARVEST BANK,OK,TULSA,40105
COOWI3L2W9TPYR3WJX37,FIRST HORIZON BANK,TN,MEMPHIS,30235
D32W5EBLENJC27207O81,EMPRISE BANK,KS,WICHITA,1160
D38AC76TAMYI50NBPX33,WaFd Bank,WA,Seattle,9668
D8RBTOL3JO2Q6IEO0F34,Origin Bank,TX,Dallas,3343
DRMSV1Q0EKMEXLAU1P80,CBNA Year to Date,RI,Providence,273341
DX0JX77PRMOELF7VG772,Synovus Bank,GA,Columbus,21405
DZC62HF6UIZYJ08V1J90,FULTON BANK N.A.,PA,LANCASTER,17849
DZHW4H2BUS3DOGKT0727,GORHAM SAVINGS BANK,ME,GORHAM,515
E57ODZWZ7FF32TWEFA76,"Citibank, N.A.",NY,New York,73698
EFBDHEMMHTWI378O4988,Heartland Bank and Trust Company,IL,Bloomington,2159
EQTWLK1G7ODGC2MGLV11,REGIONS BANK,AL,BIRMINGHAM,116359
F28JOQ8OBWCFUYM0UX93,EAST WEST BANK,CA,PASADENA,11105
FDXQ75GPEQKRPWABYN63,CIBC Bank USA,IL,Chicago,1972
FT6J43S06X6CLJ0R0B48,CATHAY BANK,CA,LOS ANGELES,2974
FU7RSW4CQQY98A2O7J66,BOKF NA,OK,Tulsa,21706
FVPV0TNOIM6NUIE59530,CIT BANK N.A.,CA,Pasadena,3480
FYRC3KHM4DQBX5PWG390,North Dallas Bank & Trust Co.,TX,Dallas,199
G5AHTAP80NWA3Q8RDC78,FROST BANK,TX,SAN ANTONIO,11053
GDN5JXQ4P5NZE28ZRC90,City National Bank of Florida,FL,Miami,1789
GOJ1L4ZO0WN3FOYLH432,Great Western Bank,SD,SIOUX FALLS,4305
HDU55UX4CXD9YSL1U194,"Westfield Bank, FSB",OH,Westfield Center,604
HIDXEG9BLUJZKBGUT764,BANK-FUND STAFF FEDERAL CREDIT,DC,1725 I STREET NW SUITE 15,3523
HUX2X73FUCYHUVH1BK78,KeyBank National Association,OH,Cleveland,75853
I70W3N0Z6KOX8FYIH023,Peoples Bank,OH,Marietta,3718
IFQSIUC9AGQV2NE8CN25,Umpqua Bank,OR,Portland,32365
II61D6IY86YZ37HBBL25,BANKERS TRUST COMPANY,IA,DES MOINES,1212
IUGPUX5LWRZ3B6KIZ697,Ameris Bank,GA,Atlanta,39790
IWRZQFYIRJ0IMURZBB68,JOHNSON BANK,WI,RACINE,8849
JJKC32MCHWDI71265Z06,TRUIST BANK,NC,RALEIGH,286895
K0ZDN2CBIQC0EHBKNK35,ENTERPRISE BANK & TRUST,MO,CLAYTON,1061
KB1H1DSPRFMYMCUFXT09,WELLS FARGO BANK NA,NC,WINSTON-SALEM,897196
KD3XUN7C6T14HNAYLU02,Goldman Sachs Bank USA,NY,New York,3599
KI0VI4JRMCIJ329YTN75,VALLEY NATIONAL BANK,NJ,WAYNE,10414
KV8W1JTB8FZ821S5ED75,First Midwest Bank,IL,Chicago,11996
L9VVX1KT5TFTKS0MLF66,First-Citizens Bank & Trust Co,NC,Raleigh,30693
LBIZXW7X2N50PETIH863,STAR Financial Bank,IN,Fort Wayne,2612
LCUAWMT4M5H8DJ8DFH49,1ST SOURCE BANK,IN,SOUTH BEND,4251
LDVFX8JEECFFE8HRWA73,FIRST NATIONAL BANK OF OMAHA,NE,OMAHA,15865
LVR1UQE8OOCO93IHEB52,Northwest Bank,PA,Warren,14132
MCXHCL35UUWDZK7NCQ61,S&T Bank,PA,Indiana,6848
MMO6VV34TNP4Z1T8NG83,AGFIRST FARM CREDIT BANK,SC,COLUMBIA,2983
MV4O55SH8HO6KQSGW013,First Financial Bank,OH,Cincinnati,13717
N4662XQCE3KKIZ6EZS08,"People's United Bank, N.A.",CT,Bridgeport,10694
N8T7HW55LK5D2ORCKP39,FIRST NATIONAL BANK OF PA,OH,CHAGRIN FALLS,28749
NSGZD26XPW2CUM2JKU70,HANCOCK WHITNEY BANK,MS,GULFPORT,11720
O4XVIZ10YPQYFKUKCF76,DUBUQUE BANK & TRUST CO.,IA,DUBUQUE,198
OJH4M4RQMT1WXN2BNC32,Banco Popular,PR,San Juan,9858
OLO8RKM2RJ2ICV6SJH34,Boston Private Bank & Trust Company,MA,Boston,1135
OTQ7L99FG3H1GQVQBT56,Blackhawk Bank,WI,Beloit,2037
OX3PU53ZLPQKJ4700D47,"MUFG Union Bank, NA",CA,San Diego,30610
OYWNLMHNBQQ7BAH3EE86,ALPINE BANK,CO,GLENWOOD SPRINGS,3531
OZ7MS5KHJY6WIPGXQW23,Farmers & Merchants Bank of Ce,CA,Lodi,557
P7GC0W65KB5CEIHLDX81,HORIZON BANK,IN,MICHIGAN CITY,7257
PAOOWF3GUFM46FBSP561,PHH MORTGAGE CORPORATION,NJ,Mount Laurel,104550
PINLJ7T7GLTF48NFP863,Colorado Federal Savings Bank,CO,Denver,10283
PS6WLKTYGZOKK05G5O59,Cedar Rapids Bank and Trust,IA,Cedar Rapids,281
Q107R4XFOZ6F6K73C488,The First National Bank in Sioux Falls,SD,Sioux Falls,547
Q708HHR4LD2B7XIZNO92,FIRST FEDERAL BANK,FL,LAKE CITY,15936
Q7C315HKI8VX0SSKBS64,Cadence Bank,MS,Tupelo,25742
QFROUN1UWUYU0DVIWD51,"Fifth Third Bank, National Association",OH,Cincinnati,145301
QGPGHQ1ENZOOLJRFTH41,"WESBANCO BANK, INC.",WV,WHEELING,9662
QODK9N71Q3XVQS2JKH91,New York Community Bank,NY,Hicksville,1788
QOT5WN9RBKQTFRVKEV31,BANK OF THE WEST,CA,SAN RAMON,29842
R6KJ2D7C3UT8OVTWHS39,Union Bank and Trust Company,NE,Lincoln,2598
R7JQ9JTCFHXBQU4XIT26,FIRSTRUST BANK,PA,HORSHAM,2223
RA4FKR1AA05ZK88M8034,BROADWAY NATIONAL BANK,TX,SAN ANTONIO,881
RM2F4G3WBQ8R9OKYRH19,Mercantile Bank of Michigan,MI,Wyoming,5249
RO7SIV4IZNEGU4EXXS92,AuburnBank,AL,Auburn,367
RVDPPPGHCGZ40J4VQ731,PENNYMAC LOAN SERVICES LLC,CA,WESTLAKE VILLAGE,590862
S0Q3AHZRL5K6VQE35M07,FIRST MERCHANTS BANK,IN,MUNCIE,10167
SS1TRMSN6BRNMOREEV51,Flagstar Bank,MI,Troy,212844
T68X8LLAQYRNDV034K14,UNITED COMMUNITY BANK,SC,Greenville,15742
TKT6FH38184ZYBTPKS77,Rockland Trust Company,MA,Rockland,8873
TR24TWEY5RVRQV65HD49,Santander Bank N.A.,NY,New York,22528
TSQQR4KZYLBZ0MLQ5D71,State Bank of Chilton,WI,Chilton,240
U9WBLC3ZT2VBJSNY2Y81,FAIRFIELD COUNTY BANK,CT,RIDGEFIELD,467
UBNR8NKAK8J9JL4NZF88,THE STATE BANK & TRUST COMPANY,OH,DEFIANCE,4737
UPMVBH3EU3LS6P1KR697,Amerant,FL,Miami,1218
VEQ70DCTAI4TBBHPYI39,AMERICAN NATIONAL BANK,NE,OMAHA,1834
VLP5AP0XK2GM6GKD1007,Signature Bank,NY,New York,299
VMDPCBOQ43W3PZTYZL93,MIDDLESEX SAVINGS BANK,MA,NATICK,1777
VN1JLT1F3FLLVN3FZG89,FIRST COMMONWEALTH BANK,PA,INDIANA,14730
VNOO6EITDJ2YUEBMSZ83,UMB BANK NA,MO,KANSAS CITY,4645
VUAW1MW1BHNL595RH698,The First National Bank of River Falls,WI,River Falls,302
WE0I402RW25AU38DTI13,BANNER BANK,OR,PORTLAND,10747
WKN6AF1FCL7BBYGTGI83,FIRST SAVINGS BANK,IN,CLARKSVILLE,18837
WO4YNEKNSZNVVA7Q7C46,THE FIRST NATIONAL BANK OF LI,NY,GLEN HEAD,391
WV0OVGBTLUP1XIUJE722,"Webster Bank, N.A.",CT,Stamford,13979
WVM1F03F86RQLLTEVE84,EagleBank,MD,Rockville,3015
WWB2V0FCW3A0EE3ZJN75,M&T Bank,DE,Wilmington,55921
WWJYKHS2UNKSDW8XLB53,First Hawaiian Bank,HI,Honolulu,6956
X05BVSK68TQ7YTOSNR22,DISCOVER BANK,DE,GREENWOOD,119859
X6T32LKEPUT8LQMW6755,REPUBLIC BANK & TRUST,KY,LOUISVILLE,7994
X8V2II80XTQHRH7NCB19,Eastern Bank,MA,Lynn,8083
XC7Z0BA39TU7L1AKOJ12,First American Bank,IL,Bloomingdale,6385
XJCRTTYJVBMA22IXL619,Bank of Hawaii,HI,Honolulu,11058
YQI2CPR3Z44KAR0HG822,The Park Bank,WI,Madison,1176
YWC0TIKBQM2JV8L4IV08,FIRST REPUBLIC BANK,CA,SAN FRANCISCO,35958
Z867SNMO7WGY8TTGQG78,SUMMIT COMMUNITY BANK,WV,MOOREFIELD,1687
ZF85QS7OXKPBG52R7N18,Associated Bank NA,WI,Green Bay,23836
ZXMJHJK466PBZTM5F379,Raymond James Bank,FL,St. Petersburg,2597
